Candidate ID,Candidate Name,Job ID,Job Title,Matched Skills
C1036,Candidate C1036,J1052,Job J1052,"Question Answering Systems,React.js"
C1039,Candidate C1039,J1045,Job J1045,"XML,SMTP"
C1019,Candidate C1019,J1019,Job J1019,"Proof of Time (PoT),Film Rights"
C1062,Candidate C1062,J1047,Job J1047,"Question Answering Systems,Automatic Speech Recognition (ASR)"
C1087,Candidate C1087,J1093,Job J1093,"Fractional Ownership Tokens,Optimization"
C1092,Candidate C1092,J1080,Job J1080,"Decentralized Finance (DeFi),Geospatial Analysis"
C1053,Candidate C1053,J1081,Job J1081,"Compliance Management,Uniform Distribution"
C1037,Candidate C1037,J1046,Job J1046,"Support Vector Machines (SVM),Unix"
C1098,Candidate C1098,J1014,Job J1014,"Picture Archiving Communication System (PACS),Frontend Development"
C1022,Candidate C1022,J1002,Job J1002,"Smart Contracts,Medical Informatics"
C1059,Candidate C1059,J1016,Job J1016,"Genetic Algorithms,Few-Shot Learning"
C1096,Candidate C1096,J1014,Job J1014,"Gated Recurrent Unit (GRU),Non-Fungible Tokens (NFTs)"
C1030,Candidate C1030,J1068,Job J1068,"Bellman-Ford Algorithm,Document Indexing"
C1096,Candidate C1096,J1093,Job J1093,"Continuous Learning,VPN"
C1036,Candidate C1036,J1086,Job J1086,"Binomial Distribution,CSS"
C1039,Candidate C1039,J1094,Job J1094,"Proteomics,Lemmatization"
C1068,Candidate C1068,J1028,Job J1028,"Cryptocurrency,Mobile Development"
C1042,Candidate C1042,J1100,Job J1100,"D3.js,Antivirus Software"
C1033,Candidate C1033,J1069,Job J1069,"DBSCAN,Backend Development"
C1064,Candidate C1064,J1030,Job J1030,"Transfer Learning,Endpoint Security"
C1019,Candidate C1019,J1086,Job J1086,"Stratified Cross-Validation,Teamwork"
C1062,Candidate C1062,J1018,Job J1018,"Principal Component Analysis (PCA),IoT Platforms"
C1045,Candidate C1045,J1034,Job J1034,"Negotiation Skills,ERC-1155"
C1023,Candidate C1023,J1030,Job J1030,"Plasma,Endpoint Security"
C1012,Candidate C1012,J1019,Job J1019,"Building Management Systems (BMS),Dimensionality Reduction"
C1051,Candidate C1051,J1030,Job J1030,"Technical Support,Plasma"
C1083,Candidate C1083,J1086,Job J1086,"Internet of Things (IoT),Document Clustering"
C1014,Candidate C1014,J1099,Job J1099,"Feature Selection,iOS"
C1045,Candidate C1045,J1080,Job J1080,"Emotion Recognition,Java"
C1069,Candidate C1069,J1070,Job J1070,"Tezos,Sentiment Analysis"
C1019,Candidate C1019,J1088,Job J1088,"Non-Fungible Tokens (NFTs),Healthcare Informatics"
C1069,Candidate C1069,J1046,Job J1046,"Healthcare Informatics,Layer 1 Scaling Solutions"
C1061,Candidate C1061,J1037,Job J1037,"Monte Carlo Tree Search (MCTS),Distributed Control Systems (DCS)"
C1049,Candidate C1049,J1030,Job J1030,"Transfer Learning,Speech-to-Text (STT)"
C1045,Candidate C1045,J1096,Job J1096,"Autoencoders,Node Embedding"
C1063,Candidate C1063,J1030,Job J1030,"Meta-Learning,Plasma"
C1034,Candidate C1034,J1039,Job J1039,"Interpersonal Skills,Simulation"
C1002,Candidate C1002,J1028,Job J1028,"Probability Distributions,ANOVA"
C1100,Candidate C1100,J1036,Job J1036,"Solidity,Hypothesis Testing"
C1096,Candidate C1096,J1018,Job J1018,"Ensemble Learning,SCADA Systems"
C1085,Candidate C1085,J1055,Job J1055,"Q-Learning,Multi-Task Learning"
C1097,Candidate C1097,J1011,Job J1011,"Object Detection,Curiosity-Driven Exploration"
C1077,Candidate C1077,J1099,Job J1099,"Ensemble Learning,Dropout Regularization"
C1072,Candidate C1072,J1021,Job J1021,"Question Answering Systems,Tokenization"
C1012,Candidate C1012,J1006,Job J1006,"Feature Scaling,Proof of Concept (PoC)"
C1005,Candidate C1005,J1011,Job J1011,"Fleet Management,Token Burn"
C1100,Candidate C1100,J1078,Job J1078,"Neural Networks,Routing and Logistics"
C1019,Candidate C1019,J1051,Job J1051,"Word Embeddings,Decentralized Finance (DeFi) Oracles"
C1009,Candidate C1009,J1014,Job J1014,"Non-Fungible Tokens (NFTs),Energy Management"
C1068,Candidate C1068,J1060,Job J1060,"Sketch,HTML"
C1030,Candidate C1030,J1080,Job J1080,"Chaincode,Geospatial Analysis"
C1030,Candidate C1030,J1031,Job J1031,"Service-Oriented Architecture (SOA),Cryptocurrency Exchanges"
C1056,Candidate C1056,J1009,Job J1009,"Few-Shot Learning,Multi-Signature Wallets"
C1010,Candidate C1010,J1037,Job J1037,"Materials Management,Document Similarity"
C1001,Candidate C1001,J1002,Job J1002,"Label Encoding,OPTICS"
C1079,Candidate C1079,J1046,Job J1046,"Data Visualization,t-Distributed Stochastic Neighbor Embedding (t-SNE)"
C1004,Candidate C1004,J1036,Job J1036,"Zero-Shot Learning,Android"
C1021,Candidate C1021,J1081,Job J1081,"Deep Learning,Plasma"
C1086,Candidate C1086,J1094,Job J1094,"DNS,Lemmatization"
C1028,Candidate C1028,J1028,Job J1028,"Zero Trust Security,Telematics"
C1083,Candidate C1083,J1059,Job J1059,"Smart Contracts,Personal Health Records (PHR)"
C1041,Candidate C1041,J1093,Job J1093,"Image Enhancement,Tokenomics"
C1005,Candidate C1005,J1014,Job J1014,"Prototyping Tools,Maximum Bipartite Matching"
C1047,Candidate C1047,J1090,Job J1090,"Reinforcement Learning,Decision Trees"
C1014,Candidate C1014,J1046,Job J1046,"Solana,Autoencoders"
C1079,Candidate C1079,J1021,Job J1021,"Graph Analytics,Proof of Trust (PoT)"
C1005,Candidate C1005,J1059,Job J1059,"t-Distributed Stochastic Neighbor Embedding (t-SNE),Unsupervised Learning"
C1094,Candidate C1094,J1002,Job J1002,"Graph Matching,Color Theory"
C1056,Candidate C1056,J1010,Job J1010,"Payment Channels,Supervised Learning"
C1008,Candidate C1008,J1004,Job J1004,"Customer Relationship Management (CRM),Web Scraping"
C1064,Candidate C1064,J1061,Job J1061,"Non-Fungible Tokens (NFTs),Generative Adversarial Networks (GANs)"
C1091,Candidate C1091,J1055,Job J1055,"Non-Fungible Tokens (NFTs),Object Detection"
C1031,Candidate C1031,J1015,Job J1015,"Decentralized Insurance (DeFi),Probability Theory"
C1031,Candidate C1031,J1095,Job J1095,"Help Desk Support,Functional Programming"
C1020,Candidate C1020,J1020,Job J1020,"Holdout Validation,Microsoft SQL Server"
C1090,Candidate C1090,J1006,Job J1006,"Principal Component Analysis (PCA),Avalanche"
C1050,Candidate C1050,J1031,Job J1031,"Smart Contracts,Language Generation"
C1031,Candidate C1031,J1013,Job J1013,"Tezos,Bagging"
C1088,Candidate C1088,J1052,Job J1052,"Capacity Planning,jQuery"
C1021,Candidate C1021,J1060,Job J1060,"Non-Fungible Tokens (NFTs),IBM Cloud"
C1002,Candidate C1002,J1094,Job J1094,"GRU,Random Search"
C1039,Candidate C1039,J1075,Job J1075,"Feature Scaling,Oracle Database"
C1095,Candidate C1095,J1014,Job J1014,"Supervised Learning,Cardano"
C1033,Candidate C1033,J1021,Job J1021,"Tokenization,PRINCE2"
C1003,Candidate C1003,J1057,Job J1057,"C++,Image Processing"
C1044,Candidate C1044,J1009,Job J1009,"Ledger Wallet,Utility Tokens"
C1059,Candidate C1059,J1095,Job J1095,"L2 Regularization,Decentralized Applications (DApps)"
C1091,Candidate C1091,J1032,Job J1032,"Moqups,Data Mining"
C1060,Candidate C1060,J1033,Job J1033,"Public Key Infrastructure (PKI),Web Scraping"
C1029,Candidate C1029,J1033,Job J1033,"Smart Contract Development,Permutation Feature Importance"
C1033,Candidate C1033,J1014,Job J1014,"Man-in-the-Middle (MitM) Attack,Knowledge Graphs"
C1100,Candidate C1100,J1080,Job J1080,"Speech Synthesis,Model Complexity"
C1010,Candidate C1010,J1090,Job J1090,"MyEtherWallet (MEW),Asset Tracking"
C1023,Candidate C1023,J1075,Job J1075,"Warehouse Management,RDF"
C1068,Candidate C1068,J1006,Job J1006,"Figma,Derivatives Protocols"
C1067,Candidate C1067,J1040,Job J1040,"Logistic Regression,Creativity"
C1023,Candidate C1023,J1011,Job J1011,"Decentralized Finance (DeFi),Trust Wallet"
C1078,Candidate C1078,J1041,Job J1041,"Fleet Management,ElasticNet Regularization"
C1014,Candidate C1014,J1063,Job J1063,"FP-Growth Algorithm,Lasso Regression"
C1052,Candidate C1052,J1099,Job J1099,"Artificial Intelligence (AI),iOS"
C1034,Candidate C1034,J1083,Job J1083,"Decentralized Finance (DeFi),Descriptive Modeling"
C1089,Candidate C1089,J1014,Job J1014,"Laboratory Information System (LIS),Data Augmentation,Tabu Search"
C1046,Candidate C1046,J1030,Job J1030,"Genetic Algorithms,Occam's Razor"
C1067,Candidate C1067,J1026,Job J1026,"Data Visualization,Multivariate Testing"
C1017,Candidate C1017,J1090,Job J1090,"Reinforcement Learning,Liquidity Pools"
C1079,Candidate C1079,J1010,Job J1010,"Supervised Learning,Yield Aggregators"
C1030,Candidate C1030,J1075,Job J1075,"Nervos,Use Case"
C1073,Candidate C1073,J1019,Job J1019,"ASP.NET MVC,GRU"
C1029,Candidate C1029,J1078,Job J1078,"Citrix,Random Search"
C1049,Candidate C1049,J1055,Job J1055,"Resilience,Multi-Task Learning"
C1030,Candidate C1030,J1008,Job J1008,"Product Owner,ERC-721"
C1080,Candidate C1080,J1088,Job J1088,"Segmentation,Feature Engineering"
C1083,Candidate C1083,J1052,Job J1052,"Supervised Learning,Apriori Algorithm"
C1020,Candidate C1020,J1030,Job J1030,"Meta-Learning,Endpoint Security"
C1072,Candidate C1072,J1021,Job J1021,"Non-Fungible Tokens (NFTs),Health Information System (HIS)"
C1057,Candidate C1057,J1096,Job J1096,"Few-Shot Learning,Decentralized Identity (DID)"
C1042,Candidate C1042,J1045,Job J1045,"Support Vector Machines (SVM),Deep Learning"
C1011,Candidate C1011,J1011,Job J1011,"Predictive Analytics,Data Pipelines"
C1079,Candidate C1079,J1095,Job J1095,"Token Standards,Solidity"
C1091,Candidate C1091,J1046,Job J1046,"Solana,Autoencoders"
C1034,Candidate C1034,J1011,Job J1011,"Genetic Algorithms,Industrial Automation"
C1082,Candidate C1082,J1030,Job J1030,"Technical Support,Information Architecture"
C1027,Candidate C1027,J1014,Job J1014,"Continuous Learning,Feature Engineering"
C1078,Candidate C1078,J1046,Job J1046,"Identity and Access Management (IAM),Yield Farming"
C1068,Candidate C1068,J1081,Job J1081,"Problem-Solving,Chi-Square Test"
C1055,Candidate C1055,J1069,Job J1069,"PyTorch,Knowledge Distillation"
C1023,Candidate C1023,J1043,Job J1043,"Evolution Strategies,Hadoop"
C1047,Candidate C1047,J1006,Job J1006,"Neural Networks,Underfitting"
C1015,Candidate C1015,J1030,Job J1030,"Transfer Learning,Plasma"
C1088,Candidate C1088,J1028,Job J1028,"Decentralized Autonomous Organizations (DAOs),Initial Coin Offerings (ICOs)"
C1010,Candidate C1010,J1090,Job J1090,"Sequential Pattern Mining,Generative Adversarial Networks (GANs)"
C1033,Candidate C1033,J1021,Job J1021,"PRINCE2,Minimum Spanning Tree,Healthcare Robotics"
C1009,Candidate C1009,J1016,Job J1016,"Support Vector Machines (SVM),Dimensionality Reduction"
C1023,Candidate C1023,J1005,Job J1005,"Community Tokens,Cryptocurrency Exchanges"
C1057,Candidate C1057,J1052,Job J1052,"UI/UX Design,Speech Recognition"
C1021,Candidate C1021,J1004,Job J1004,"Chaincode,Java"
C1064,Candidate C1064,J1002,Job J1002,"Smart Contracts,Model Deployment"
C1080,Candidate C1080,J1010,Job J1010,"Speech-to-Text (STT),Decentralized Exchanges (DEXs)"
C1055,Candidate C1055,J1046,Job J1046,"Regression Analysis,Computer Vision"
C1008,Candidate C1008,J1085,Job J1085,"Icon Design,Speaker Diarization"
C1046,Candidate C1046,J1064,Job J1064,"Materials Management,Regression Analysis"
C1054,Candidate C1054,J1049,Job J1049,"Boosting,Unsupervised Learning"
C1053,Candidate C1053,J1002,Job J1002,"Transportation Management,Unsupervised Learning"
C1030,Candidate C1030,J1067,Job J1067,"Natural Language Processing (NLP),Graph Algorithms,Degree Centrality"
C1006,Candidate C1006,J1055,Job J1055,"Transfer Learning,Deep Learning"
C1033,Candidate C1033,J1004,Job J1004,"D3.js,OPTICS"
C1013,Candidate C1013,J1047,Job J1047,"Named Entity Recognition (NER),Decentralized Exchanges (DEXs)"
C1019,Candidate C1019,J1065,Job J1065,"Building Automation,Software Wallets"
C1044,Candidate C1044,J1075,Job J1075,"Bayesian Optimization,Document Indexing"
C1054,Candidate C1054,J1014,Job J1014,"Service-Oriented Architecture (SOA),Utility Tokens"
C1082,Candidate C1082,J1030,Job J1030,"Speech-to-Text (STT),Uniform Manifold Approximation and Projection (UMAP)"
C1087,Candidate C1087,J1093,Job J1093,"Regression Analysis,Tokenomics"
C1088,Candidate C1088,J1008,Job J1008,"FTP/SFTP,Public Key Infrastructure (PKI)"
C1084,Candidate C1084,J1083,Job J1083,"Rollups,Proof of Reputation (PoR)"
C1069,Candidate C1069,J1044,Job J1044,"Smart Contracts,Graph Algorithms"
C1046,Candidate C1046,J1032,Job J1032,"Regression Analysis,Cryptocurrency"
C1042,Candidate C1042,J1067,Job J1067,"Token Vesting,Emotional Intelligence"
C1086,Candidate C1086,J1086,Job J1086,"Speech Recognition,Stratified Cross-Validation"
C1072,Candidate C1072,J1014,Job J1014,"Apriori Algorithm,Dimensionality Reduction"
C1039,Candidate C1039,J1046,Job J1046,"Color Theory,Token Migration"
C1058,Candidate C1058,J1011,Job J1011,"Principal Component Analysis (PCA),Transfer Learning"
C1065,Candidate C1065,J1086,Job J1086,"Regression Analysis,Speech Recognition"
C1099,Candidate C1099,J1033,Job J1033,"Tezos,Apache Kafka"
C1029,Candidate C1029,J1020,Job J1020,"Holdout Validation,Deep Learning"
C1029,Candidate C1029,J1018,Job J1018,"Independent Component Analysis (ICA),Principal Component Analysis (PCA)"
C1072,Candidate C1072,J1073,Job J1073,"Radiology Information System (RIS),CSS"
C1033,Candidate C1033,J1019,Job J1019,"Dimensionality Reduction,VMware"
C1051,Candidate C1051,J1046,Job J1046,"Fleet Management,Feature Scaling"
C1075,Candidate C1075,J1036,Job J1036,"Link Prediction,Inverse Reinforcement Learning"
C1019,Candidate C1019,J1067,Job J1067,"Natural Language Processing (NLP),Degree Centrality"
C1005,Candidate C1005,J1069,Job J1069,"Time Series Analysis,ERC-721"
C1057,Candidate C1057,J1059,Job J1059,"Graph Querying,Oracle Cloud"
C1020,Candidate C1020,J1068,Job J1068,"Document Indexing,Energy Management"
C1027,Candidate C1027,J1030,Job J1030,"Transfer Learning,Endpoint Security"
C1077,Candidate C1077,J1081,Job J1081,"Borrowing Platforms,Token Burn"
C1064,Candidate C1064,J1096,Job J1096,"Waterfall Methodology,Scikit-learn"
C1008,Candidate C1008,J1057,Job J1057,"Machine Learning,Prediction Markets"
C1099,Candidate C1099,J1046,Job J1046,"Logistics Management,Ensemble Learning"
C1065,Candidate C1065,J1083,Job J1083,"Question Answering,Numerical Methods"
C1058,Candidate C1058,J1039,Job J1039,"Decentralized Autonomous Organizations (DAOs),Feature Importance"
C1073,Candidate C1073,J1048,Job J1048,"Descriptive Analytics,Keras"
C1027,Candidate C1027,J1042,Job J1042,"Transcriptomics,Underfitting"
C1076,Candidate C1076,J1052,Job J1052,"Remote Usability Testing,Freight Management"
C1023,Candidate C1023,J1075,Job J1075,"Backend Development,Domain Adaptation"
C1067,Candidate C1067,J1003,Job J1003,"Inventory Optimization,Backend Development"
C1086,Candidate C1086,J1009,Job J1009,"Language Generation,Event Oracles,Neuroevolution"
C1065,Candidate C1065,J1057,Job J1057,"Service Desk Management,User Documentation"
C1006,Candidate C1006,J1049,Job J1049,"Borrowing Platforms,Active Learning"
C1099,Candidate C1099,J1043,Job J1043,"Logistics Management,MT5"
C1007,Candidate C1007,J1030,Job J1030,"ERC-721,Uniform Manifold Approximation and Projection (UMAP)"
C1026,Candidate C1026,J1095,Job J1095,"Principal Component Analysis (PCA),Regression Analysis"
C1066,Candidate C1066,J1096,Job J1096,"Supervised Learning,Supply Chain IoT"
C1091,Candidate C1091,J1019,Job J1019,"Waterfall Methodology,Distributed Applications (DApps)"
C1030,Candidate C1030,J1022,Job J1022,"Apriori Algorithm,Hyperledger Fabric"
C1019,Candidate C1019,J1013,Job J1013,"FTP/SFTP,Derivatives Platforms"
C1086,Candidate C1086,J1081,Job J1081,"K-Means Clustering,Token Burn"
C1040,Candidate C1040,J1088,Job J1088,"Language Generation,Dimensionality Reduction"
C1018,Candidate C1018,J1056,Job J1056,"Data Imputation,Picture Archiving and Communication System (PACS)"
C1088,Candidate C1088,J1009,Job J1009,"Classification,Mobile Development"
C1060,Candidate C1060,J1095,Job J1095,"Clinical Trials,Fuzzy Clustering"
C1007,Candidate C1007,J1019,Job J1019,"Building Management Systems (BMS),Dimensionality Reduction"
C1020,Candidate C1020,J1014,Job J1014,"Accessibility,Term Frequency-Inverse Document Frequency (TF-IDF),Unsupervised Learning"
C1005,Candidate C1005,J1075,Job J1075,"OWASP Top 10,Apriori Algorithm"
C1100,Candidate C1100,J1046,Job J1046,"Vendor Management,Layer 1 Scaling Solutions"
C1047,Candidate C1047,J1042,Job J1042,"Hyperparameter Optimization,Heroku"
C1060,Candidate C1060,J1089,Job J1089,"Generative Adversarial Networks (GANs),Knowledge Distillation"
C1060,Candidate C1060,J1043,Job J1043,"Question Answering Systems,Knowledge Distillation"
C1010,Candidate C1010,J1091,Job J1091,"Experimental Design,Layer 2 Scaling Solutions"
C1077,Candidate C1077,J1044,Job J1044,"Load Balancing,Supervisory Control and Data Acquisition (SCADA)"
C1037,Candidate C1037,J1097,Job J1097,"Patch Management,Google Cloud Platform (GCP)"
C1090,Candidate C1090,J1051,Job J1051,"Time Series Analysis,Algorand"
C1086,Candidate C1086,J1057,Job J1057,"Antivirus Software,Open Source Wallets"
C1083,Candidate C1083,J1006,Job J1006,"Decision Trees,Neural Networks"
C1082,Candidate C1082,J1018,Job J1018,"Non-Fungible Tokens (NFTs),Logistic Regression"
C1026,Candidate C1026,J1004,Job J1004,"Data Augmentation,Supply Chain Optimization"
C1075,Candidate C1075,J1011,Job J1011,"Business Continuity Planning (BCP),VeChain"
C1018,Candidate C1018,J1043,Job J1043,"Decentralized Finance (DeFi),Poisson Distribution"
C1076,Candidate C1076,J1002,Job J1002,"Normal Distribution,GDPR"
C1015,Candidate C1015,J1085,Job J1085,"Natural Language Processing (NLP),Color Theory"
C1090,Candidate C1090,J1018,Job J1018,"Single Sign-On (SSO),Logistic Regression,Non-Fungible Tokens (NFTs)"
C1067,Candidate C1067,J1086,Job J1086,"Metabolomics,Medical Robotics"
C1014,Candidate C1014,J1015,Job J1015,"AWS,Normal Distribution"
C1050,Candidate C1050,J1082,Job J1082," Transform,ETL (Extract, Load)"
C1093,Candidate C1093,J1075,Job J1075,"RDF,Use Case"
C1019,Candidate C1019,J1091,Job J1091,"Model-Free Optimization,SHAP"
C1051,Candidate C1051,J1034,Job J1034,"Algorithms,Innovation"
C1061,Candidate C1061,J1046,Job J1046,"Regression Analysis,Layer 1 Scaling Solutions"
C1023,Candidate C1023,J1032,Job J1032,"t-Distributed Stochastic Neighbor Embedding (t-SNE),Process Automation"
C1053,Candidate C1053,J1057,Job J1057,"Off-Chain Governance,Service Desk Management"
C1090,Candidate C1090,J1006,Job J1006,"Link Prediction,Proof of Concept (PoC)"
C1065,Candidate C1065,J1023,Job J1023,"Smart Contracts,LightGBM"
C1090,Candidate C1090,J1049,Job J1049,"Entity Resolution,Dimensionality Reduction"
C1006,Candidate C1006,J1043,Job J1043,"Yield Optimizers,GloVe"
C1009,Candidate C1009,J1093,Job J1093,"Network Security,Exodus Wallet"
C1064,Candidate C1064,J1009,Job J1009,"Geocoding,Citrix"
C1024,Candidate C1024,J1013,Job J1013,"Asset-Backed Tokens,Layer 1 Scaling Solutions"
C1083,Candidate C1083,J1014,Job J1014,"Natural Language Processing (NLP),Data Mining"
C1063,Candidate C1063,J1002,Job J1002,"Apache Spark,Speaker Diarization"
C1059,Candidate C1059,J1060,Job J1060,"Time Management,IoT Solutions"
C1065,Candidate C1065,J1048,Job J1048,"Natural Language Processing (NLP),BERT"
C1072,Candidate C1072,J1016,Job J1016,"Reinforcement Learning,Real Estate"
C1097,Candidate C1097,J1006,Job J1006,"Feature Selection,Plasma"
C1043,Candidate C1043,J1100,Job J1100,"Binary Encoding,Deep Learning"
C1089,Candidate C1089,J1068,Job J1068,"Smart Contracts,Feature Importance"
C1070,Candidate C1070,J1053,Job J1053,"Node.js,HTML"
C1004,Candidate C1004,J1022,Job J1022,"Mean Shift,Hyperledger Fabric"
C1035,Candidate C1035,J1077,Job J1077,"Feature Scaling,Random Search"
C1066,Candidate C1066,J1008,Job J1008,"Decentralized Finance (DeFi),Transcriptomics"
C1049,Candidate C1049,J1049,Job J1049,"Cosmos,Multi-Currency Wallets"
C1019,Candidate C1019,J1020,Job J1020,"Staking Wallets,Risk Register"
C1031,Candidate C1031,J1011,Job J1011,"SVN,Brands"
C1087,Candidate C1087,J1067,Job J1067,"Security Tokens,DHCP"
C1088,Candidate C1088,J1052,Job J1052,"Independent Component Analysis (ICA),Question Answering Systems"
C1069,Candidate C1069,J1036,Job J1036,"Gaming Assets,Sharding"
C1025,Candidate C1025,J1046,Job J1046,"Cross-Site Request Forgery (CSRF),Label Encoding"
C1055,Candidate C1055,J1094,Job J1094,"Particle Swarm Optimization (PSO),Layer 1 Scaling Solutions"
C1008,Candidate C1008,J1093,Job J1093,"Image Enhancement,Transcriptomics"
C1015,Candidate C1015,J1002,Job J1002,"Topic Modeling,Private Keys"
C1064,Candidate C1064,J1047,Job J1047,"Geographic Information Systems (GIS),Reinforcement Learning"
C1028,Candidate C1028,J1043,Job J1043,"Blockchain Consensus Mechanisms,Data Augmentation"
C1098,Candidate C1098,J1043,Job J1043,"Community Tokens,Typography"
C1010,Candidate C1010,J1020,Job J1020,"Ensemble Learning,Unsupervised Learning"
C1003,Candidate C1003,J1018,Job J1018,"Principal Component Analysis (PCA),Image Processing"
C1099,Candidate C1099,J1086,Job J1086,"Teamwork,Document Clustering"
C1050,Candidate C1050,J1096,Job J1096,"Supervised Learning,Rehabilitation Robotics"
C1055,Candidate C1055,J1019,Job J1019,"Technical Support,Prescriptive Analytics"
C1021,Candidate C1021,J1080,Job J1080,"Named Entity Recognition (NER),Causal Inference"
C1097,Candidate C1097,J1090,Job J1090,"Sentiment Analysis,Cloud Computing"
C1068,Candidate C1068,J1003,Job J1003,"PostgreSQL,Chi-Square Test"
C1011,Candidate C1011,J1099,Job J1099,"Tableau,Text Summarization"
C1013,Candidate C1013,J1074,Job J1074,"Decentralized Finance (DeFi),Link Prediction"
C1008,Candidate C1008,J1002,Job J1002,"Predictive Analytics,Language Translation"
C1077,Candidate C1077,J1098,Job J1098,"Randomized Controlled Trials (RCTs),Information Retrieval"
C1011,Candidate C1011,J1048,Job J1048,"Descriptive Analytics,Predictive Modeling"
C1040,Candidate C1040,J1098,Job J1098,"Celebrities,GRU"
C1052,Candidate C1052,J1060,Job J1060,"Technical Support,DBSCAN"
C1100,Candidate C1100,J1030,Job J1030,"Transfer Learning,Uniform Manifold Approximation and Projection (UMAP)"
C1009,Candidate C1009,J1089,Job J1089,"Nervos,Firewall"
C1001,Candidate C1001,J1093,Job J1093,"Technical Writing,Uniform Manifold Approximation and Projection (UMAP)"
C1089,Candidate C1089,J1086,Job J1086,"Q-Learning,Bagging"
C1011,Candidate C1011,J1047,Job J1047,"Graphic Design,Stopword Removal"
C1020,Candidate C1020,J1030,Job J1030,"Batch Normalization,Flash Loans"
C1052,Candidate C1052,J1082,Job J1082," Transform,ETL (Extract, Load)"
C1053,Candidate C1053,J1052,Job J1052,"Standardization,Early Stopping"
C1052,Candidate C1052,J1046,Job J1046,"Feature Scaling,Data Augmentation"
C1029,Candidate C1029,J1095,Job J1095,"Graph Attention Networks (GATs),ASP.NET"
C1029,Candidate C1029,J1100,Job J1100,"AWS,Dimensionality Reduction"
C1033,Candidate C1033,J1019,Job J1019,"Teamwork,Routing and Logistics"
C1007,Candidate C1007,J1086,Job J1086,"Speech Recognition,Teamwork"
C1095,Candidate C1095,J1038,Job J1038,"Supply Chain Visibility,Data Analysis"
C1014,Candidate C1014,J1082,Job J1082," Transform,ETL (Extract, Load)"
C1001,Candidate C1001,J1057,Job J1057,"Condition Monitoring,VirtualBox"
C1023,Candidate C1023,J1095,Job J1095,"Fuzzy Clustering,Text-to-Speech (TTS)"
C1010,Candidate C1010,J1030,Job J1030,"Meta-Learning,Speech-to-Text (STT)"
C1028,Candidate C1028,J1030,Job J1030,"Cross-Chain Asset Transfers,Robotic Exoskeletons"
C1057,Candidate C1057,J1078,Job J1078,"Confidence Intervals,On-Chain Governance"
C1047,Candidate C1047,J1018,Job J1018,"Independent Component Analysis (ICA),Logistic Regression"
C1039,Candidate C1039,J1019,Job J1019,"Order Management,Supply Chain Optimization"
C1051,Candidate C1051,J1001,Job J1001,"TensorFlow,Document Clustering"
C1075,Candidate C1075,J1066,Job J1066,"Graph Matching,Sequential Pattern Mining"
C1012,Candidate C1012,J1014,Job J1014,"Document Classification,Dimensionality Reduction"
C1021,Candidate C1021,J1021,Job J1021,"Dialogue Systems,Recurrent Neural Networks (RNN)"
C1031,Candidate C1031,J1037,Job J1037,"Smart Contracts,Uniform Manifold Approximation and Projection (UMAP)"
C1093,Candidate C1093,J1005,Job J1005,"Speech Recognition,Health Information System (HIS)"
C1074,Candidate C1074,J1081,Job J1081,"Radiology Information System (RIS),Token Burn"
C1031,Candidate C1031,J1055,Job J1055,"Regression Analysis,Graph Traversal Algorithms"
C1080,Candidate C1080,J1014,Job J1014,"Balsamiq,MongoDB"
C1068,Candidate C1068,J1057,Job J1057,"C++,Graph Traversal Algorithms"
C1080,Candidate C1080,J1065,Job J1065,"Descriptive Analytics,State Channels"
C1033,Candidate C1033,J1042,Job J1042,"Network Administration,Apriori Algorithm"
C1048,Candidate C1048,J1034,Job J1034,"Blockchain Platforms,Dropout Regularization"
C1081,Candidate C1081,J1078,Job J1078,"Statistical Software,Smart Cities"
C1079,Candidate C1079,J1020,Job J1020,"Principal Component Analysis (PCA),Cybersecurity"
C1074,Candidate C1074,J1074,Job J1074,"Ontologies,Earned Value Management (EVM)"
C1094,Candidate C1094,J1081,Job J1081,"Laboratory Information System (LIS),Feature Importance"
C1005,Candidate C1005,J1006,Job J1006,"ERC-1155,Plasma"
C1088,Candidate C1088,J1055,Job J1055,"Speech Synthesis,Deep Learning"
C1010,Candidate C1010,J1011,Job J1011,"Proof of Capacity (PoC),Linear Regression"
C1013,Candidate C1013,J1100,Job J1100,"Tokenization,Sales and Marketing Systems"
C1064,Candidate C1064,J1080,Job J1080,"Closeness Centrality,Semi-Supervised Learning"
C1088,Candidate C1088,J1039,Job J1039,"Grid Search,Token Swap"
C1005,Candidate C1005,J1052,Job J1052,"Question Answering Systems,Fractional Ownership Tokens"
C1021,Candidate C1021,J1096,Job J1096,"Decentralized Identity (DID),Initial Coin Offerings (ICOs)"
C1061,Candidate C1061,J1090,Job J1090,"Transformer,Vendor Management"
C1079,Candidate C1079,J1055,Job J1055,"Cross-Validation,Evolution Strategies"
C1022,Candidate C1022,J1033,Job J1033,"C#,Transfer Learning"
C1071,Candidate C1071,J1098,Job J1098,"Prescriptive Analytics,Paper Wallets"
C1059,Candidate C1059,J1080,Job J1080,"Decentralized Finance (DeFi),Hypothesis Testing"
C1019,Candidate C1019,J1019,Job J1019,"Grid Search,Hypothesis Testing"
C1029,Candidate C1029,J1010,Job J1010,"Public Keys,Release Management"
C1032,Candidate C1032,J1064,Job J1064,"Liquidity Incentives,HIPAA"
C1003,Candidate C1003,J1046,Job J1046,"Citrix,Order Management"
C1097,Candidate C1097,J1021,Job J1021,"Multi-Signature Wallets,PRINCE2"
C1092,Candidate C1092,J1092,Job J1092,"Zeplin,Borrowing Protocols"
C1087,Candidate C1087,J1003,Job J1003,"Deep Learning,Initial Exchange Offerings (IEOs)"
C1097,Candidate C1097,J1028,Job J1028,"MVC Architecture,Kanban"
C1006,Candidate C1006,J1002,Job J1002,"Apache Spark,GDPR"
C1012,Candidate C1012,J1037,Job J1037,"ERC-721,Multi-Task Learning"
C1007,Candidate C1007,J1098,Job J1098,"Positive Transfer,Paper Wallets"
C1071,Candidate C1071,J1049,Job J1049,"Agile Project Management,PageRank"
C1085,Candidate C1085,J1004,Job J1004,"Model-Based Optimization,Agile Project Management"
C1078,Candidate C1078,J1085,Job J1085,"Monte Carlo Simulation,Reinforcement Learning"
C1075,Candidate C1075,J1046,Job J1046,"DDoS Attack,Microservices Architecture"
C1077,Candidate C1077,J1055,Job J1055,"Graph Convolutional Networks (GCNs),Regression Analysis"
C1084,Candidate C1084,J1028,Job J1028,"Penetration Testing,Word2Vec"
C1038,Candidate C1038,J1047,Job J1047,"Principal Component Analysis (PCA),Occam's Razor"
C1074,Candidate C1074,J1023,Job J1023,"Django,Pruning"
C1073,Candidate C1073,J1008,Job J1008,"Decentralized Finance (DeFi),Wireframing"
C1089,Candidate C1089,J1009,Job J1009,"Ledger Wallet,Utility Tokens"
C1022,Candidate C1022,J1031,Job J1031,"Smart Contracts,Test-Driven Development (TDD)"
C1008,Candidate C1008,J1046,Job J1046,"Machine Learning,t-Distributed Stochastic Neighbor Embedding (t-SNE)"
C1039,Candidate C1039,J1095,Job J1095,"Principal Component Analysis (PCA),Decentralized Applications (DApps)"
C1068,Candidate C1068,J1085,Job J1085,"SHAP,Layer 1 Scaling Solutions"
C1028,Candidate C1028,J1049,Job J1049,"Technical Support,Token Airdrop"
C1003,Candidate C1003,J1055,Job J1055,"Resilience,Multi-Task Learning"
C1023,Candidate C1023,J1043,Job J1043,"Affinity Propagation,Kanban"
C1005,Candidate C1005,J1033,Job J1033,"Cross-Platform Development,Supply Chain Risk Management"
C1029,Candidate C1029,J1002,Job J1002,"Predictive Analytics,Database Design"
C1082,Candidate C1082,J1094,Job J1094,"Network Administration,Particle Swarm Optimization (PSO)"
C1007,Candidate C1007,J1031,Job J1031,"Language Generation,Blockchain Interoperability"
C1005,Candidate C1005,J1060,Job J1060,"Computerized Physician Order Entry (CPOE),Generative Adversarial Networks (GANs)"
C1047,Candidate C1047,J1088,Job J1088,"Non-Fungible Tokens (NFTs),Feature Engineering"
C1002,Candidate C1002,J1025,Job J1025,"Chainlink,Assistive Robotics"
C1084,Candidate C1084,J1096,Job J1096,"Naive Bayes,Paper Wallets"
C1088,Candidate C1088,J1018,Job J1018,"Identity and Access Management (IAM),ERC-1155"
C1095,Candidate C1095,J1090,Job J1090,"Curiosity-Driven Exploration,Decision Trees"
C1084,Candidate C1084,J1009,Job J1009,"Configuration Management,Singular Value Decomposition (SVD)"
C1075,Candidate C1075,J1036,Job J1036,"Fleet Management,Solidity"
C1073,Candidate C1073,J1100,Job J1100,"Ruby,Dimensionality Reduction"
C1095,Candidate C1095,J1014,Job J1014,"Document Classification,Dimensionality Reduction"
C1100,Candidate C1100,J1028,Job J1028,"Domain Names,Kanban"
C1031,Candidate C1031,J1066,Job J1066,"Floyd-Warshall Algorithm,GraphQL"
C1038,Candidate C1038,J1060,Job J1060,"Non-Fungible Tokens (NFTs),SHAP"
C1013,Candidate C1013,J1028,Job J1028,"Communication Skills,MVC Architecture"
C1037,Candidate C1037,J1055,Job J1055,"Regression Analysis,Quantitative Analysis"
C1070,Candidate C1070,J1014,Job J1014,"GitHub,Feature Engineering"
C1069,Candidate C1069,J1062,Job J1062,"Agile Methodologies,Feature Engineering"
C1063,Candidate C1063,J1086,Job J1086,"Linear Models,FP-Growth Algorithm"
C1081,Candidate C1081,J1026,Job J1026,"Data Visualization,Information Retrieval"
C1059,Candidate C1059,J1083,Job J1083,"Algorithmic Stablecoins,Report Writing"
C1070,Candidate C1070,J1068,Job J1068,"Bellman-Ford Algorithm,OWL"
C1024,Candidate C1024,J1053,Job J1053,"Healthcare Information Systems (HIS),Graph Neural Networks (GNNs)"
C1060,Candidate C1060,J1027,Job J1027,"IBM Cloud,Solidity"
C1085,Candidate C1085,J1020,Job J1020,"Principal Component Analysis (PCA),Medical Robotics"
C1046,Candidate C1046,J1019,Job J1019,"Fractional Ownership Tokens,Machine Learning"
C1099,Candidate C1099,J1046,Job J1046,"Data Visualization,t-Distributed Stochastic Neighbor Embedding (t-SNE)"
C1001,Candidate C1001,J1009,Job J1009,"Cross-Site Request Forgery (CSRF),Stopword Removal"
C1087,Candidate C1087,J1081,Job J1081,"EOS,Intrusion Detection System (IDS)"
C1039,Candidate C1039,J1046,Job J1046,"Fleet Management,Decentralized Exchanges (DEXs)"
C1096,Candidate C1096,J1011,Job J1011,"Object Detection,Logistic Regression"
C1088,Candidate C1088,J1043,Job J1043,"JSON,Atomic Swaps"
C1050,Candidate C1050,J1005,Job J1005,"Brute Force Attack,Equity Tokens"
C1008,Candidate C1008,J1085,Job J1085,"Optimization,Agricultural IoT"
