{
  "version": "1.3.0-beta.0",
  "graph": {
    "nodes": [
      {
        "id": "n0",
        "position": {
          "x": 0,
          "y": 0
        },
        "caption": "Job"
      },
      {
        "id": "n1",
        "position": {
          "x": -264.43866134168974,
          "y": 574.9848214961418
        },
        "caption": "City"
      },
      {
        "id": "n2",
        "position": {
          "x": -858.1591155135176,
          "y": 695.0430278180493
        },
        "caption": "Education"
      },
      {
        "id": "n3",
        "position": {
          "x": 415.46571046780343,
          "y": 225.66865340253332
        },
        "caption": "Skills"
      },
      {
        "id": "n4",
        "position": {
          "x": 279.94095800031397,
          "y": 251.8510524541917
        },
        "caption": "Skills"
      },
      {
        "id": "n5",
        "position": {
          "x": 143.58045622774924,
          "y": 304.37477112697223
        },
        "caption": "Skills"
      },
      {
        "id": "n6",
        "position": {
          "x": 36.276351524896256,
          "y": 409.2649179918574
        },
        "caption": "Skills"
      },
      {
        "id": "n7",
        "position": {
          "x": -264.43866134168974,
          "y": -20.325340439165508
        },
        "caption": "Job title"
      },
      {
        "id": "n8",
        "position": {
          "x": 556.1363057407564,
          "y": 946.6513975706729
        },
        "caption": "Candidate"
      },
      {
        "id": "n9",
        "position": {
          "x": -113.5328833394916,
          "y": 458.96446714713204
        },
        "caption": "Skills"
      },
      {
        "id": "n10",
        "position": {
          "x": 712.387235992804,
          "y": 1454.3178859364375
        },
        "caption": "Experience"
      },
      {
        "id": "n11",
        "position": {
          "x": -420.6998728814645,
          "y": 622.8268461375834
        },
        "caption": "State"
      },
      {
        "id": "n12",
        "position": {
          "x": -640.1571548375038,
          "y": 663.0185543601048
        },
        "caption": "Country"
      },
      {
        "id": "n13",
        "position": {
          "x": 556.1363057407564,
          "y": 187.05651436063613
        },
        "caption": "Skills"
      },
      {
        "id": "n14",
        "position": {
          "x": 656.4371795502423,
          "y": 129.79525132045893
        },
        "caption": "Skills"
      },
      {
        "id": "n15",
        "position": {
          "x": 800.1805752182687,
          "y": 57.9235534864458
        },
        "caption": "Skills"
      },
      {
        "id": "n16",
        "position": {
          "x": 947.0095056636195,
          "y": -20.325340439165508
        },
        "caption": "Skills"
      },
      {
        "id": "n17",
        "position": {
          "x": 1108.7208257901486,
          "y": -95.84374093112231
        },
        "caption": "Skills"
      }
    ],
    "relationships": [
      {
        "id": "n0",
        "type": "LOCATED_AT_CITY",
        "fromId": "n0",
        "toId": "n1"
      },
      {
        "id": "n1",
        "type": "REQURIED_EDUCATION",
        "fromId": "n0",
        "toId": "n2"
      },
      {
        "id": "n2",
        "type": "REQUIRED_SKILLS",
        "fromId": "n0",
        "toId": "n3"
      },
      {
        "id": "n3",
        "type": "REQUIRED_SKILLS",
        "fromId": "n0",
        "toId": "n4"
      },
      {
        "id": "n4",
        "type": "REQUIRED_SKILLS",
        "fromId": "n0",
        "toId": "n5"
      },
      {
        "id": "n5",
        "type": "REQUIRED_SKILLS",
        "fromId": "n0",
        "toId": "n6"
      },
      {
        "id": "n6",
        "type": "JOB_TITLE",
        "fromId": "n0",
        "toId": "n7"
      },
      {
        "id": "n7",
        "type": "SEEK_LOCATION_CITY",
        "fromId": "n8",
        "toId": "n1"
      },
      {
        "id": "n8",
        "type": "HAS_EDUCATION",
        "fromId": "n8",
        "toId": "n2"
      },
      {
        "id": "n9",
        "type": "HAS_SKILLS",
        "fromId": "n8",
        "toId": "n6"
      },
      {
        "id": "n10",
        "type": "HAS_SKILLS",
        "fromId": "n8",
        "toId": "n5"
      },
      {
        "id": "n11",
        "type": "HAS_SKILLS",
        "fromId": "n8",
        "toId": "n4"
      },
      {
        "id": "n12",
        "type": "HAS_SKILLS",
        "fromId": "n8",
        "toId": "n3"
      },
      {
        "id": "n13",
        "type": "HAS_SKILLS",
        "fromId": "n8",
        "toId": "n9"
      },
      {
        "id": "n14",
        "type": "HAS_EXPERIENCE",
        "fromId": "n8",
        "toId": "n10"
      },
      {
        "id": "n15",
        "type": "LOCATED_AT_STATE",
        "fromId": "n0",
        "toId": "n11"
      },
      {
        "id": "n16",
        "type": "SEEK_LOCATION_STATE",
        "fromId": "n8",
        "toId": "n11"
      },
      {
        "id": "n17",
        "type": "LOCATED_AT_COUNTRY",
        "fromId": "n0",
        "toId": "n12"
      },
      {
        "id": "n18",
        "type": "SEEK_LOCATION_COUNTRY",
        "fromId": "n8",
        "toId": "n12"
      },
      {
        "id": "n19",
        "type": "REQUIRED_SKILLS",
        "fromId": "n0",
        "toId": "n9"
      },
      {
        "id": "n20",
        "type": "REQUIRED_SKILLS",
        "fromId": "n0",
        "toId": "n13"
      },
      {
        "id": "n21",
        "type": "HAS_SKILLS",
        "fromId": "n8",
        "toId": "n13"
      },
      {
        "id": "n22",
        "type": "REQUIRED_SKILLS",
        "fromId": "n0",
        "toId": "n14"
      },
      {
        "id": "n23",
        "type": "HAS_SKILLS",
        "fromId": "n8",
        "toId": "n14"
      },
      {
        "id": "n24",
        "type": "HAS_SKILLS",
        "fromId": "n8",
        "toId": "n15"
      },
      {
        "id": "n25",
        "type": "HAS_SKILLS",
        "fromId": "n8",
        "toId": "n16"
      },
      {
        "id": "n26",
        "type": "HAS_SKILLS",
        "fromId": "n8",
        "toId": "n17"
      },
      {
        "id": "n27",
        "type": "REQUIRED_SKILLS",
        "fromId": "n0",
        "toId": "n15"
      },
      {
        "id": "n28",
        "type": "REQUIRED_SKILLS",
        "fromId": "n0",
        "toId": "n16"
      },
      {
        "id": "n29",
        "type": "REQUIRED_SKILLS",
        "fromId": "n0",
        "toId": "n17"
      },
      {
        "id": "n30",
        "type": "MATCHES",
        "fromId": "n8",
        "toId": "n0"
      }
    ]
  },
  "dataModel": {
    "version": "1.3.0-beta.0",
    "graphSchemaRepresentation": {
      "version": "1.0.0",
      "graphSchema": {
        "nodeLabels": [
          {
            "$id": "nl:n0",
            "token": "Job",
            "properties": [
              {
                "$id": "p:1",
                "token": "Job ID",
                "type": {
                  "type": "string"
                },
                "nullable": true
              }
            ]
          },
          {
            "$id": "nl:n1",
            "token": "City",
            "properties": [
              {
                "$id": "p:4",
                "token": "Location",
                "type": {
                  "type": "string"
                },
                "nullable": true
              }
            ]
          },
          {
            "$id": "nl:n2",
            "token": "Education",
            "properties": [
              {
                "$id": "p:3",
                "token": "Major",
                "type": {
                  "type": "string"
                },
                "nullable": true
              }
            ]
          },
          {
            "$id": "nl:n3",
            "token": "Skills",
            "properties": [
              {
                "$id": "p:12",
                "token": "Skills",
                "type": {
                  "type": "string"
                },
                "nullable": true
              }
            ]
          },
          {
            "$id": "nl:n4",
            "token": "Skills",
            "properties": [
              {
                "$id": "p:9",
                "token": "Skills",
                "type": {
                  "type": "string"
                },
                "nullable": true
              }
            ]
          },
          {
            "$id": "nl:n5",
            "token": "Skills",
            "properties": [
              {
                "$id": "p:11",
                "token": "Skills",
                "type": {
                  "type": "string"
                },
                "nullable": true
              }
            ]
          },
          {
            "$id": "nl:n6",
            "token": "Skills",
            "properties": [
              {
                "$id": "p:10",
                "token": "Skills",
                "type": {
                  "type": "string"
                },
                "nullable": true
              }
            ]
          },
          {
            "$id": "nl:n7",
            "token": "Job title",
            "properties": [
              {
                "$id": "p:13",
                "token": "Job Title",
                "type": {
                  "type": "string"
                },
                "nullable": true
              }
            ]
          },
          {
            "$id": "nl:n8",
            "token": "Candidate",
            "properties": [
              {
                "$id": "p:14",
                "token": "Candidate ID",
                "type": {
                  "type": "string"
                },
                "nullable": true
              }
            ]
          },
          {
            "$id": "nl:n9",
            "token": "Skills",
            "properties": [
              {
                "$id": "p:15",
                "token": "Skills",
                "type": {
                  "type": "string"
                },
                "nullable": true
              }
            ]
          },
          {
            "$id": "nl:n10",
            "token": "Experience",
            "properties": [
              {
                "$id": "p:16",
                "token": "Experience",
                "type": {
                  "type": "integer"
                },
                "nullable": true
              }
            ]
          },
          {
            "$id": "nl:n11",
            "token": "State",
            "properties": [
              {
                "$id": "p:18",
                "token": "State",
                "type": {
                  "type": "string"
                },
                "nullable": true
              }
            ]
          },
          {
            "$id": "nl:n12",
            "token": "Country",
            "properties": [
              {
                "$id": "p:17",
                "token": "Country",
                "type": {
                  "type": "string"
                },
                "nullable": true
              }
            ]
          },
          {
            "$id": "nl:n13",
            "token": "Skills",
            "properties": [
              {
                "$id": "p:19",
                "token": "Skills",
                "type": {
                  "type": "string"
                },
                "nullable": true
              }
            ]
          },
          {
            "$id": "nl:n14",
            "token": "Skills",
            "properties": [
              {
                "$id": "p:20",
                "token": "Skills",
                "type": {
                  "type": "string"
                },
                "nullable": true
              }
            ]
          },
          {
            "$id": "nl:n15",
            "token": "Skills",
            "properties": [
              {
                "$id": "p:21",
                "token": "Skills",
                "type": {
                  "type": "string"
                },
                "nullable": true
              }
            ]
          },
          {
            "$id": "nl:n16",
            "token": "Skills",
            "properties": [
              {
                "$id": "p:22",
                "token": "Skills",
                "type": {
                  "type": "string"
                },
                "nullable": true
              }
            ]
          },
          {
            "$id": "nl:n17",
            "token": "Skills",
            "properties": [
              {
                "$id": "p:23",
                "token": "Skills",
                "type": {
                  "type": "string"
                },
                "nullable": true
              }
            ]
          }
        ],
        "nodeObjectTypes": [
          {
            "$id": "n:n0",
            "labels": [
              {
                "$ref": "#nl:n0"
              }
            ]
          },
          {
            "$id": "n:n1",
            "labels": [
              {
                "$ref": "#nl:n1"
              }
            ]
          },
          {
            "$id": "n:n2",
            "labels": [
              {
                "$ref": "#nl:n2"
              }
            ]
          },
          {
            "$id": "n:n3",
            "labels": [
              {
                "$ref": "#nl:n3"
              }
            ]
          },
          {
            "$id": "n:n4",
            "labels": [
              {
                "$ref": "#nl:n4"
              }
            ]
          },
          {
            "$id": "n:n5",
            "labels": [
              {
                "$ref": "#nl:n5"
              }
            ]
          },
          {
            "$id": "n:n6",
            "labels": [
              {
                "$ref": "#nl:n6"
              }
            ]
          },
          {
            "$id": "n:n7",
            "labels": [
              {
                "$ref": "#nl:n7"
              }
            ]
          },
          {
            "$id": "n:n8",
            "labels": [
              {
                "$ref": "#nl:n8"
              }
            ]
          },
          {
            "$id": "n:n9",
            "labels": [
              {
                "$ref": "#nl:n9"
              }
            ]
          },
          {
            "$id": "n:n10",
            "labels": [
              {
                "$ref": "#nl:n10"
              }
            ]
          },
          {
            "$id": "n:n11",
            "labels": [
              {
                "$ref": "#nl:n11"
              }
            ]
          },
          {
            "$id": "n:n12",
            "labels": [
              {
                "$ref": "#nl:n12"
              }
            ]
          },
          {
            "$id": "n:n13",
            "labels": [
              {
                "$ref": "#nl:n13"
              }
            ]
          },
          {
            "$id": "n:n14",
            "labels": [
              {
                "$ref": "#nl:n14"
              }
            ]
          },
          {
            "$id": "n:n15",
            "labels": [
              {
                "$ref": "#nl:n15"
              }
            ]
          },
          {
            "$id": "n:n16",
            "labels": [
              {
                "$ref": "#nl:n16"
              }
            ]
          },
          {
            "$id": "n:n17",
            "labels": [
              {
                "$ref": "#nl:n17"
              }
            ]
          }
        ],
        "relationshipTypes": [
          {
            "$id": "rt:n0",
            "token": "LOCATED_AT_CITY",
            "properties": []
          },
          {
            "$id": "rt:n1",
            "token": "REQURIED_EDUCATION",
            "properties": []
          },
          {
            "$id": "rt:n2",
            "token": "REQUIRED_SKILLS",
            "properties": []
          },
          {
            "$id": "rt:n3",
            "token": "REQUIRED_SKILLS",
            "properties": []
          },
          {
            "$id": "rt:n4",
            "token": "REQUIRED_SKILLS",
            "properties": []
          },
          {
            "$id": "rt:n5",
            "token": "REQUIRED_SKILLS",
            "properties": []
          },
          {
            "$id": "rt:n6",
            "token": "JOB_TITLE",
            "properties": []
          },
          {
            "$id": "rt:n7",
            "token": "SEEK_LOCATION_CITY",
            "properties": []
          },
          {
            "$id": "rt:n8",
            "token": "HAS_EDUCATION",
            "properties": []
          },
          {
            "$id": "rt:n9",
            "token": "HAS_SKILLS",
            "properties": []
          },
          {
            "$id": "rt:n10",
            "token": "HAS_SKILLS",
            "properties": []
          },
          {
            "$id": "rt:n11",
            "token": "HAS_SKILLS",
            "properties": []
          },
          {
            "$id": "rt:n12",
            "token": "HAS_SKILLS",
            "properties": []
          },
          {
            "$id": "rt:n13",
            "token": "HAS_SKILLS",
            "properties": []
          },
          {
            "$id": "rt:n14",
            "token": "HAS_EXPERIENCE",
            "properties": []
          },
          {
            "$id": "rt:n15",
            "token": "LOCATED_AT_STATE",
            "properties": []
          },
          {
            "$id": "rt:n16",
            "token": "SEEK_LOCATION_STATE",
            "properties": []
          },
          {
            "$id": "rt:n17",
            "token": "LOCATED_AT_COUNTRY",
            "properties": []
          },
          {
            "$id": "rt:n18",
            "token": "SEEK_LOCATION_COUNTRY",
            "properties": []
          },
          {
            "$id": "rt:n19",
            "token": "REQUIRED_SKILLS",
            "properties": []
          },
          {
            "$id": "rt:n20",
            "token": "REQUIRED_SKILLS",
            "properties": []
          },
          {
            "$id": "rt:n21",
            "token": "HAS_SKILLS",
            "properties": []
          },
          {
            "$id": "rt:n22",
            "token": "REQUIRED_SKILLS",
            "properties": []
          },
          {
            "$id": "rt:n23",
            "token": "HAS_SKILLS",
            "properties": []
          },
          {
            "$id": "rt:n24",
            "token": "HAS_SKILLS",
            "properties": []
          },
          {
            "$id": "rt:n25",
            "token": "HAS_SKILLS",
            "properties": []
          },
          {
            "$id": "rt:n26",
            "token": "HAS_SKILLS",
            "properties": []
          },
          {
            "$id": "rt:n27",
            "token": "REQUIRED_SKILLS",
            "properties": []
          },
          {
            "$id": "rt:n28",
            "token": "REQUIRED_SKILLS",
            "properties": []
          },
          {
            "$id": "rt:n29",
            "token": "REQUIRED_SKILLS",
            "properties": []
          },
          {
            "$id": "rt:n30",
            "token": "MATCHES",
            "properties": []
          }
        ],
        "relationshipObjectTypes": [
          {
            "$id": "r:n0",
            "type": {
              "$ref": "#rt:n0"
            },
            "from": {
              "$ref": "#n:n0"
            },
            "to": {
              "$ref": "#n:n1"
            }
          },
          {
            "$id": "r:n1",
            "type": {
              "$ref": "#rt:n1"
            },
            "from": {
              "$ref": "#n:n0"
            },
            "to": {
              "$ref": "#n:n2"
            }
          },
          {
            "$id": "r:n2",
            "type": {
              "$ref": "#rt:n2"
            },
            "from": {
              "$ref": "#n:n0"
            },
            "to": {
              "$ref": "#n:n3"
            }
          },
          {
            "$id": "r:n3",
            "type": {
              "$ref": "#rt:n3"
            },
            "from": {
              "$ref": "#n:n0"
            },
            "to": {
              "$ref": "#n:n4"
            }
          },
          {
            "$id": "r:n4",
            "type": {
              "$ref": "#rt:n4"
            },
            "from": {
              "$ref": "#n:n0"
            },
            "to": {
              "$ref": "#n:n5"
            }
          },
          {
            "$id": "r:n5",
            "type": {
              "$ref": "#rt:n5"
            },
            "from": {
              "$ref": "#n:n0"
            },
            "to": {
              "$ref": "#n:n6"
            }
          },
          {
            "$id": "r:n6",
            "type": {
              "$ref": "#rt:n6"
            },
            "from": {
              "$ref": "#n:n0"
            },
            "to": {
              "$ref": "#n:n7"
            }
          },
          {
            "$id": "r:n7",
            "type": {
              "$ref": "#rt:n7"
            },
            "from": {
              "$ref": "#n:n8"
            },
            "to": {
              "$ref": "#n:n1"
            }
          },
          {
            "$id": "r:n8",
            "type": {
              "$ref": "#rt:n8"
            },
            "from": {
              "$ref": "#n:n8"
            },
            "to": {
              "$ref": "#n:n2"
            }
          },
          {
            "$id": "r:n9",
            "type": {
              "$ref": "#rt:n9"
            },
            "from": {
              "$ref": "#n:n8"
            },
            "to": {
              "$ref": "#n:n6"
            }
          },
          {
            "$id": "r:n10",
            "type": {
              "$ref": "#rt:n10"
            },
            "from": {
              "$ref": "#n:n8"
            },
            "to": {
              "$ref": "#n:n5"
            }
          },
          {
            "$id": "r:n11",
            "type": {
              "$ref": "#rt:n11"
            },
            "from": {
              "$ref": "#n:n8"
            },
            "to": {
              "$ref": "#n:n4"
            }
          },
          {
            "$id": "r:n12",
            "type": {
              "$ref": "#rt:n12"
            },
            "from": {
              "$ref": "#n:n8"
            },
            "to": {
              "$ref": "#n:n3"
            }
          },
          {
            "$id": "r:n13",
            "type": {
              "$ref": "#rt:n13"
            },
            "from": {
              "$ref": "#n:n8"
            },
            "to": {
              "$ref": "#n:n9"
            }
          },
          {
            "$id": "r:n14",
            "type": {
              "$ref": "#rt:n14"
            },
            "from": {
              "$ref": "#n:n8"
            },
            "to": {
              "$ref": "#n:n10"
            }
          },
          {
            "$id": "r:n15",
            "type": {
              "$ref": "#rt:n15"
            },
            "from": {
              "$ref": "#n:n0"
            },
            "to": {
              "$ref": "#n:n11"
            }
          },
          {
            "$id": "r:n16",
            "type": {
              "$ref": "#rt:n16"
            },
            "from": {
              "$ref": "#n:n8"
            },
            "to": {
              "$ref": "#n:n11"
            }
          },
          {
            "$id": "r:n17",
            "type": {
              "$ref": "#rt:n17"
            },
            "from": {
              "$ref": "#n:n0"
            },
            "to": {
              "$ref": "#n:n12"
            }
          },
          {
            "$id": "r:n18",
            "type": {
              "$ref": "#rt:n18"
            },
            "from": {
              "$ref": "#n:n8"
            },
            "to": {
              "$ref": "#n:n12"
            }
          },
          {
            "$id": "r:n19",
            "type": {
              "$ref": "#rt:n19"
            },
            "from": {
              "$ref": "#n:n0"
            },
            "to": {
              "$ref": "#n:n9"
            }
          },
          {
            "$id": "r:n20",
            "type": {
              "$ref": "#rt:n20"
            },
            "from": {
              "$ref": "#n:n0"
            },
            "to": {
              "$ref": "#n:n13"
            }
          },
          {
            "$id": "r:n21",
            "type": {
              "$ref": "#rt:n21"
            },
            "from": {
              "$ref": "#n:n8"
            },
            "to": {
              "$ref": "#n:n13"
            }
          },
          {
            "$id": "r:n22",
            "type": {
              "$ref": "#rt:n22"
            },
            "from": {
              "$ref": "#n:n0"
            },
            "to": {
              "$ref": "#n:n14"
            }
          },
          {
            "$id": "r:n23",
            "type": {
              "$ref": "#rt:n23"
            },
            "from": {
              "$ref": "#n:n8"
            },
            "to": {
              "$ref": "#n:n14"
            }
          },
          {
            "$id": "r:n24",
            "type": {
              "$ref": "#rt:n24"
            },
            "from": {
              "$ref": "#n:n8"
            },
            "to": {
              "$ref": "#n:n15"
            }
          },
          {
            "$id": "r:n25",
            "type": {
              "$ref": "#rt:n25"
            },
            "from": {
              "$ref": "#n:n8"
            },
            "to": {
              "$ref": "#n:n16"
            }
          },
          {
            "$id": "r:n26",
            "type": {
              "$ref": "#rt:n26"
            },
            "from": {
              "$ref": "#n:n8"
            },
            "to": {
              "$ref": "#n:n17"
            }
          },
          {
            "$id": "r:n27",
            "type": {
              "$ref": "#rt:n27"
            },
            "from": {
              "$ref": "#n:n0"
            },
            "to": {
              "$ref": "#n:n15"
            }
          },
          {
            "$id": "r:n28",
            "type": {
              "$ref": "#rt:n28"
            },
            "from": {
              "$ref": "#n:n0"
            },
            "to": {
              "$ref": "#n:n16"
            }
          },
          {
            "$id": "r:n29",
            "type": {
              "$ref": "#rt:n29"
            },
            "from": {
              "$ref": "#n:n0"
            },
            "to": {
              "$ref": "#n:n17"
            }
          },
          {
            "$id": "r:n30",
            "type": {
              "$ref": "#rt:n30"
            },
            "from": {
              "$ref": "#n:n8"
            },
            "to": {
              "$ref": "#n:n0"
            }
          }
        ],
        "indexes": [],
        "constraints": []
      }
    },
    "graphSchemaExtensionsRepresentation": {
      "nodeKeyProperties": [
        {
          "node": {
            "$ref": "#n:n0"
          },
          "keyProperty": {
            "$ref": "#p:1"
          }
        },
        {
          "node": {
            "$ref": "#n:n2"
          },
          "keyProperty": {
            "$ref": "#p:3"
          }
        },
        {
          "node": {
            "$ref": "#n:n1"
          },
          "keyProperty": {
            "$ref": "#p:4"
          }
        },
        {
          "node": {
            "$ref": "#n:n4"
          },
          "keyProperty": {
            "$ref": "#p:9"
          }
        },
        {
          "node": {
            "$ref": "#n:n6"
          },
          "keyProperty": {
            "$ref": "#p:10"
          }
        },
        {
          "node": {
            "$ref": "#n:n5"
          },
          "keyProperty": {
            "$ref": "#p:11"
          }
        },
        {
          "node": {
            "$ref": "#n:n3"
          },
          "keyProperty": {
            "$ref": "#p:12"
          }
        },
        {
          "node": {
            "$ref": "#n:n7"
          },
          "keyProperty": {
            "$ref": "#p:13"
          }
        },
        {
          "node": {
            "$ref": "#n:n8"
          },
          "keyProperty": {
            "$ref": "#p:14"
          }
        },
        {
          "node": {
            "$ref": "#n:n9"
          },
          "keyProperty": {
            "$ref": "#p:15"
          }
        },
        {
          "node": {
            "$ref": "#n:n10"
          },
          "keyProperty": {
            "$ref": "#p:16"
          }
        },
        {
          "node": {
            "$ref": "#n:n12"
          },
          "keyProperty": {
            "$ref": "#p:17"
          }
        },
        {
          "node": {
            "$ref": "#n:n11"
          },
          "keyProperty": {
            "$ref": "#p:18"
          }
        },
        {
          "node": {
            "$ref": "#n:n13"
          },
          "keyProperty": {
            "$ref": "#p:19"
          }
        },
        {
          "node": {
            "$ref": "#n:n14"
          },
          "keyProperty": {
            "$ref": "#p:20"
          }
        },
        {
          "node": {
            "$ref": "#n:n15"
          },
          "keyProperty": {
            "$ref": "#p:21"
          }
        },
        {
          "node": {
            "$ref": "#n:n16"
          },
          "keyProperty": {
            "$ref": "#p:22"
          }
        },
        {
          "node": {
            "$ref": "#n:n17"
          },
          "keyProperty": {
            "$ref": "#p:23"
          }
        }
      ]
    },
    "graphMappingRepresentation": {
      "dataSourceSchema": {
        "type": "local/csv",
        "tableSchemas": [
          {
            "$id": "t:1",
            "name": "Skill9_resume.csv",
            "expanded": true,
            "fields": [
              {
                "name": "Candidate ID",
                "type": "string",
                "sample": "C1000",
                "include": true
              },
              {
                "name": "Skills",
                "type": "string",
                "sample": "JWT",
                "include": true
              }
            ]
          },
          {
            "$id": "t:2",
            "name": "Skill9.csv",
            "expanded": true,
            "fields": [
              {
                "name": "Job ID",
                "type": "string",
                "sample": "J1000",
                "include": true
              },
              {
                "name": "Skills",
                "type": "string",
                "sample": "",
                "include": true
              }
            ]
          },
          {
            "$id": "t:3",
            "name": "Skill8_resume.csv",
            "expanded": true,
            "fields": [
              {
                "name": "Candidate ID",
                "type": "string",
                "sample": "C1000",
                "include": true
              },
              {
                "name": "Skills",
                "type": "string",
                "sample": "Inventory Optimization",
                "include": true
              }
            ]
          },
          {
            "$id": "t:4",
            "name": "Skill8.csv",
            "expanded": true,
            "fields": [
              {
                "name": "Job ID",
                "type": "string",
                "sample": "J1000",
                "include": true
              },
              {
                "name": "Skills",
                "type": "string",
                "sample": "",
                "include": true
              }
            ]
          },
          {
            "$id": "t:5",
            "name": "Skill7_resume.csv",
            "expanded": true,
            "fields": [
              {
                "name": "Candidate ID",
                "type": "string",
                "sample": "C1000",
                "include": true
              },
              {
                "name": "Skills",
                "type": "string",
                "sample": "Stellar",
                "include": true
              }
            ]
          },
          {
            "$id": "t:6",
            "name": "Skill7.csv",
            "expanded": true,
            "fields": [
              {
                "name": "Job ID",
                "type": "string",
                "sample": "J1000",
                "include": true
              },
              {
                "name": "Skills",
                "type": "string",
                "sample": "",
                "include": true
              }
            ]
          },
          {
            "$id": "t:7",
            "name": "Skill6_resume.csv",
            "expanded": true,
            "fields": [
              {
                "name": "Candidate ID",
                "type": "string",
                "sample": "C1000",
                "include": true
              },
              {
                "name": "Skills",
                "type": "string",
                "sample": "Sharding",
                "include": true
              }
            ]
          },
          {
            "$id": "t:8",
            "name": "Skill6.csv",
            "expanded": true,
            "fields": [
              {
                "name": "Job ID",
                "type": "string",
                "sample": "J1000",
                "include": true
              },
              {
                "name": "Skills",
                "type": "string",
                "sample": "",
                "include": true
              }
            ]
          },
          {
            "$id": "t:9",
            "name": "Skill5_resume.csv",
            "expanded": true,
            "fields": [
              {
                "name": "Candidate ID",
                "type": "string",
                "sample": "C1000",
                "include": true
              },
              {
                "name": "Skills",
                "type": "string",
                "sample": "State Channels",
                "include": true
              }
            ]
          },
          {
            "$id": "t:10",
            "name": "Skill5.csv",
            "expanded": true,
            "fields": [
              {
                "name": "Job ID",
                "type": "string",
                "sample": "J1000",
                "include": true
              },
              {
                "name": "Skills",
                "type": "string",
                "sample": "",
                "include": true
              }
            ]
          },
          {
            "$id": "t:11",
            "name": "Skill4_resume.csv",
            "expanded": true,
            "fields": [
              {
                "name": "Candidate ID",
                "type": "string",
                "sample": "C1000",
                "include": true
              },
              {
                "name": "Skills",
                "type": "string",
                "sample": "Change Management",
                "include": true
              }
            ]
          },
          {
            "$id": "t:12",
            "name": "Skill4.csv",
            "expanded": true,
            "fields": [
              {
                "name": "Job ID",
                "type": "string",
                "sample": "J1000",
                "include": true
              },
              {
                "name": "Skills",
                "type": "string",
                "sample": "Feature Engineering",
                "include": true
              }
            ]
          },
          {
            "$id": "t:13",
            "name": "Skill3_resume.csv",
            "expanded": true,
            "fields": [
              {
                "name": "Candidate ID",
                "type": "string",
                "sample": "C1000",
                "include": true
              },
              {
                "name": "Skills",
                "type": "string",
                "sample": "Cryptocurrency",
                "include": true
              }
            ]
          },
          {
            "$id": "t:14",
            "name": "Skill3.csv",
            "expanded": true,
            "fields": [
              {
                "name": "Job ID",
                "type": "string",
                "sample": "J1000",
                "include": true
              },
              {
                "name": "Skills",
                "type": "string",
                "sample": "Problem-Solving",
                "include": true
              }
            ]
          },
          {
            "$id": "t:15",
            "name": "Skill2_resume.csv",
            "expanded": true,
            "fields": [
              {
                "name": "Candidate ID",
                "type": "string",
                "sample": "C1000",
                "include": true
              },
              {
                "name": "Skills",
                "type": "string",
                "sample": "Document Indexing",
                "include": true
              }
            ]
          },
          {
            "$id": "t:16",
            "name": "Skill2.csv",
            "expanded": true,
            "fields": [
              {
                "name": "Job ID",
                "type": "string",
                "sample": "J1000",
                "include": true
              },
              {
                "name": "Skills",
                "type": "string",
                "sample": "Test-Driven Development (TDD)",
                "include": true
              }
            ]
          },
          {
            "$id": "t:17",
            "name": "Skill1_resume.csv",
            "expanded": true,
            "fields": [
              {
                "name": "Candidate ID",
                "type": "string",
                "sample": "C1000",
                "include": true
              },
              {
                "name": "Skills",
                "type": "string",
                "sample": "Supervisory Control and Data Acquisition (SCADA)",
                "include": true
              }
            ]
          },
          {
            "$id": "t:18",
            "name": "Skill10_resume.csv",
            "expanded": true,
            "fields": [
              {
                "name": "Candidate ID",
                "type": "string",
                "sample": "C1000",
                "include": true
              },
              {
                "name": "Skills",
                "type": "string",
                "sample": "Clinical Research Informatics",
                "include": true
              }
            ]
          },
          {
            "$id": "t:19",
            "name": "Skill10.csv",
            "expanded": true,
            "fields": [
              {
                "name": "Job ID",
                "type": "string",
                "sample": "J1000",
                "include": true
              },
              {
                "name": "Skills",
                "type": "string",
                "sample": "",
                "include": true
              }
            ]
          },
          {
            "$id": "t:20",
            "name": "Skill1.csv",
            "expanded": true,
            "fields": [
              {
                "name": "Job ID",
                "type": "string",
                "sample": "J1000",
                "include": true
              },
              {
                "name": "Skills",
                "type": "string",
                "sample": "Random Search",
                "include": true
              }
            ]
          },
          {
            "$id": "t:21",
            "name": "Resume_Processed - Resume_Processed.csv",
            "expanded": true,
            "fields": [
              {
                "name": "Candidate ID",
                "type": "string",
                "sample": "C1000",
                "include": true
              },
              {
                "name": "Name",
                "type": "string",
                "sample": "Ananya Desai",
                "include": true
              },
              {
                "name": "Skills",
                "type": "string",
                "sample": "Supervisory Control and Data Acquisition (SCADA), Document Indexing, Cryptocurrency, Change Management, State Channels, Sharding, Stellar, Inventory Optimization, JWT, Clinical Research Informatics, GitLab, Distributed Applications (DApps), Troubleshooting",
                "include": true
              },
              {
                "name": "Experience",
                "type": "integer",
                "sample": "5",
                "include": true
              },
              {
                "name": "Major",
                "type": "string",
                "sample": "Biomedical Engineering",
                "include": true
              },
              {
                "name": "City",
                "type": "string",
                "sample": "Salt Lake City",
                "include": true
              },
              {
                "name": "State",
                "type": "string",
                "sample": "Utah",
                "include": true
              },
              {
                "name": "Country",
                "type": "string",
                "sample": "USA",
                "include": true
              }
            ]
          },
          {
            "$id": "t:22",
            "name": "job_descriptions - job_descriptions.csv",
            "expanded": true,
            "fields": [
              {
                "name": "Job ID",
                "type": "string",
                "sample": "J1000",
                "include": true
              },
              {
                "name": "Job Title",
                "type": "string",
                "sample": "Lead IT",
                "include": true
              },
              {
                "name": "Required Skills",
                "type": "string",
                "sample": "Random Search, Test-Driven Development (TDD), Problem-Solving, Feature Engineering",
                "include": true
              },
              {
                "name": "Experience Needed",
                "type": "integer",
                "sample": "14",
                "include": true
              },
              {
                "name": "Major",
                "type": "string",
                "sample": "Biotechnology",
                "include": true
              },
              {
                "name": "City",
                "type": "string",
                "sample": "Montreal",
                "include": true
              },
              {
                "name": "State",
                "type": "string",
                "sample": "Quebec",
                "include": true
              },
              {
                "name": "Country",
                "type": "string",
                "sample": "Canada",
                "include": true
              }
            ]
          },
          {
            "$id": "t:23",
            "name": "matches.csv",
            "expanded": true,
            "fields": [
              {
                "name": "Candidate ID",
                "type": "string",
                "sample": "C1036",
                "include": true
              },
              {
                "name": "Candidate Name",
                "type": "string",
                "sample": "Candidate C1036",
                "include": true
              },
              {
                "name": "Job ID",
                "type": "string",
                "sample": "J1052",
                "include": true
              },
              {
                "name": "Job Title",
                "type": "string",
                "sample": "Job J1052",
                "include": true
              },
              {
                "name": "Matched Skills",
                "type": "string",
                "sample": "Question Answering Systems,React.js",
                "include": true
              }
            ]
          }
        ]
      },
      "nodeMappings": [
        {
          "node": {
            "$ref": "#n:n9"
          },
          "tableSchema": {
            "$ref": "#t:20"
          },
          "propertyMappings": [
            {
              "property": {
                "$ref": "#p:15"
              },
              "fieldName": "Skills"
            }
          ]
        },
        {
          "node": {
            "$ref": "#n:n0"
          },
          "tableSchema": {
            "$ref": "#t:22"
          },
          "propertyMappings": [
            {
              "property": {
                "$ref": "#p:1"
              },
              "fieldName": "Job ID"
            }
          ]
        },
        {
          "node": {
            "$ref": "#n:n7"
          },
          "tableSchema": {
            "$ref": "#t:22"
          },
          "propertyMappings": [
            {
              "property": {
                "$ref": "#p:13"
              },
              "fieldName": "Job Title"
            }
          ]
        },
        {
          "node": {
            "$ref": "#n:n2"
          },
          "tableSchema": {
            "$ref": "#t:22"
          },
          "propertyMappings": [
            {
              "property": {
                "$ref": "#p:3"
              },
              "fieldName": "Major"
            }
          ]
        },
        {
          "node": {
            "$ref": "#n:n12"
          },
          "tableSchema": {
            "$ref": "#t:22"
          },
          "propertyMappings": [
            {
              "fieldName": "Country",
              "property": {
                "$ref": "#p:17"
              }
            }
          ]
        },
        {
          "node": {
            "$ref": "#n:n11"
          },
          "tableSchema": {
            "$ref": "#t:22"
          },
          "propertyMappings": [
            {
              "fieldName": "State",
              "property": {
                "$ref": "#p:18"
              }
            }
          ]
        },
        {
          "node": {
            "$ref": "#n:n1"
          },
          "tableSchema": {
            "$ref": "#t:22"
          },
          "propertyMappings": [
            {
              "property": {
                "$ref": "#p:4"
              },
              "fieldName": "City"
            }
          ]
        },
        {
          "node": {
            "$ref": "#n:n8"
          },
          "tableSchema": {
            "$ref": "#t:21"
          },
          "propertyMappings": [
            {
              "property": {
                "$ref": "#p:14"
              },
              "fieldName": "Candidate ID"
            }
          ]
        },
        {
          "node": {
            "$ref": "#n:n10"
          },
          "tableSchema": {
            "$ref": "#t:21"
          },
          "propertyMappings": [
            {
              "property": {
                "$ref": "#p:16"
              },
              "fieldName": "Experience"
            }
          ]
        },
        {
          "node": {
            "$ref": "#n:n6"
          },
          "tableSchema": {
            "$ref": "#t:16"
          },
          "propertyMappings": [
            {
              "property": {
                "$ref": "#p:10"
              },
              "fieldName": "Skills"
            }
          ]
        },
        {
          "node": {
            "$ref": "#n:n5"
          },
          "tableSchema": {
            "$ref": "#t:14"
          },
          "propertyMappings": [
            {
              "property": {
                "$ref": "#p:11"
              },
              "fieldName": "Skills"
            }
          ]
        },
        {
          "node": {
            "$ref": "#n:n4"
          },
          "tableSchema": {
            "$ref": "#t:12"
          },
          "propertyMappings": [
            {
              "property": {
                "$ref": "#p:9"
              },
              "fieldName": "Skills"
            }
          ]
        },
        {
          "node": {
            "$ref": "#n:n3"
          },
          "tableSchema": {
            "$ref": "#t:10"
          },
          "propertyMappings": [
            {
              "property": {
                "$ref": "#p:12"
              },
              "fieldName": "Skills"
            }
          ]
        },
        {
          "node": {
            "$ref": "#n:n13"
          },
          "tableSchema": {
            "$ref": "#t:8"
          },
          "propertyMappings": [
            {
              "fieldName": "Skills",
              "property": {
                "$ref": "#p:19"
              }
            }
          ]
        },
        {
          "node": {
            "$ref": "#n:n14"
          },
          "tableSchema": {
            "$ref": "#t:6"
          },
          "propertyMappings": [
            {
              "fieldName": "Skills",
              "property": {
                "$ref": "#p:20"
              }
            }
          ]
        },
        {
          "node": {
            "$ref": "#n:n15"
          },
          "tableSchema": {
            "$ref": "#t:4"
          },
          "propertyMappings": [
            {
              "fieldName": "Skills",
              "property": {
                "$ref": "#p:21"
              }
            }
          ]
        },
        {
          "node": {
            "$ref": "#n:n16"
          },
          "tableSchema": {
            "$ref": "#t:2"
          },
          "propertyMappings": [
            {
              "fieldName": "Skills",
              "property": {
                "$ref": "#p:22"
              }
            }
          ]
        },
        {
          "node": {
            "$ref": "#n:n17"
          },
          "tableSchema": {
            "$ref": "#t:19"
          },
          "propertyMappings": [
            {
              "fieldName": "Skills",
              "property": {
                "$ref": "#p:23"
              }
            }
          ]
        }
      ],
      "relationshipMappings": [
        {
          "relationship": {
            "$ref": "#r:n6"
          },
          "tableSchema": {
            "$ref": "#t:22"
          },
          "propertyMappings": [],
          "fromMapping": {
            "fieldName": "Job ID"
          },
          "toMapping": {
            "fieldName": "Job Title"
          }
        },
        {
          "relationship": {
            "$ref": "#r:n1"
          },
          "tableSchema": {
            "$ref": "#t:22"
          },
          "propertyMappings": [],
          "fromMapping": {
            "fieldName": "Job ID"
          },
          "toMapping": {
            "fieldName": "Major"
          }
        },
        {
          "relationship": {
            "$ref": "#r:n17"
          },
          "tableSchema": {
            "$ref": "#t:22"
          },
          "propertyMappings": [],
          "fromMapping": {
            "fieldName": "Job ID"
          },
          "toMapping": {
            "fieldName": "Country"
          }
        },
        {
          "relationship": {
            "$ref": "#r:n15"
          },
          "tableSchema": {
            "$ref": "#t:22"
          },
          "propertyMappings": [],
          "fromMapping": {
            "fieldName": "Job ID"
          },
          "toMapping": {
            "fieldName": "State"
          }
        },
        {
          "relationship": {
            "$ref": "#r:n14"
          },
          "tableSchema": {
            "$ref": "#t:21"
          },
          "propertyMappings": [],
          "fromMapping": {
            "fieldName": "Candidate ID"
          },
          "toMapping": {
            "fieldName": "Experience"
          }
        },
        {
          "relationship": {
            "$ref": "#r:n8"
          },
          "tableSchema": {
            "$ref": "#t:21"
          },
          "propertyMappings": [],
          "fromMapping": {
            "fieldName": "Candidate ID"
          },
          "toMapping": {
            "fieldName": "Major"
          }
        },
        {
          "relationship": {
            "$ref": "#r:n18"
          },
          "tableSchema": {
            "$ref": "#t:21"
          },
          "propertyMappings": [],
          "fromMapping": {
            "fieldName": "Candidate ID"
          },
          "toMapping": {
            "fieldName": "Country"
          }
        },
        {
          "relationship": {
            "$ref": "#r:n16"
          },
          "tableSchema": {
            "$ref": "#t:21"
          },
          "propertyMappings": [],
          "fromMapping": {
            "fieldName": "Candidate ID"
          },
          "toMapping": {
            "fieldName": "State"
          }
        },
        {
          "relationship": {
            "$ref": "#r:n7"
          },
          "tableSchema": {
            "$ref": "#t:21"
          },
          "propertyMappings": [],
          "fromMapping": {
            "fieldName": "Candidate ID"
          },
          "toMapping": {
            "fieldName": "City"
          }
        },
        {
          "relationship": {
            "$ref": "#r:n0"
          },
          "tableSchema": {
            "$ref": "#t:22"
          },
          "propertyMappings": [],
          "fromMapping": {
            "fieldName": "Job ID"
          },
          "toMapping": {
            "fieldName": "City"
          }
        },
        {
          "relationship": {
            "$ref": "#r:n19"
          },
          "tableSchema": {
            "$ref": "#t:20"
          },
          "propertyMappings": [],
          "fromMapping": {
            "fieldName": "Job ID"
          },
          "toMapping": {
            "fieldName": "Skills"
          }
        },
        {
          "relationship": {
            "$ref": "#r:n5"
          },
          "tableSchema": {
            "$ref": "#t:16"
          },
          "propertyMappings": [],
          "fromMapping": {
            "fieldName": "Job ID"
          },
          "toMapping": {
            "fieldName": "Skills"
          }
        },
        {
          "relationship": {
            "$ref": "#r:n4"
          },
          "tableSchema": {
            "$ref": "#t:14"
          },
          "propertyMappings": [],
          "fromMapping": {
            "fieldName": "Job ID"
          },
          "toMapping": {
            "fieldName": "Skills"
          }
        },
        {
          "relationship": {
            "$ref": "#r:n3"
          },
          "tableSchema": {
            "$ref": "#t:12"
          },
          "propertyMappings": [],
          "fromMapping": {
            "fieldName": "Job ID"
          },
          "toMapping": {
            "fieldName": "Skills"
          }
        },
        {
          "relationship": {
            "$ref": "#r:n2"
          },
          "tableSchema": {
            "$ref": "#t:10"
          },
          "propertyMappings": [],
          "fromMapping": {
            "fieldName": "Job ID"
          },
          "toMapping": {
            "fieldName": "Skills"
          }
        },
        {
          "relationship": {
            "$ref": "#r:n20"
          },
          "tableSchema": {
            "$ref": "#t:8"
          },
          "propertyMappings": [],
          "fromMapping": {
            "fieldName": "Job ID"
          },
          "toMapping": {
            "fieldName": "Skills"
          }
        },
        {
          "relationship": {
            "$ref": "#r:n22"
          },
          "tableSchema": {
            "$ref": "#t:6"
          },
          "propertyMappings": [],
          "fromMapping": {
            "fieldName": "Job ID"
          },
          "toMapping": {
            "fieldName": "Skills"
          }
        },
        {
          "relationship": {
            "$ref": "#r:n27"
          },
          "tableSchema": {
            "$ref": "#t:4"
          },
          "propertyMappings": [],
          "fromMapping": {
            "fieldName": "Job ID"
          },
          "toMapping": {
            "fieldName": "Skills"
          }
        },
        {
          "relationship": {
            "$ref": "#r:n28"
          },
          "tableSchema": {
            "$ref": "#t:2"
          },
          "propertyMappings": [],
          "fromMapping": {
            "fieldName": "Job ID"
          },
          "toMapping": {
            "fieldName": "Skills"
          }
        },
        {
          "relationship": {
            "$ref": "#r:n29"
          },
          "tableSchema": {
            "$ref": "#t:19"
          },
          "propertyMappings": [],
          "fromMapping": {
            "fieldName": "Job ID"
          },
          "toMapping": {
            "fieldName": "Skills"
          }
        },
        {
          "relationship": {
            "$ref": "#r:n13"
          },
          "tableSchema": {
            "$ref": "#t:17"
          },
          "propertyMappings": [],
          "fromMapping": {
            "fieldName": "Candidate ID"
          },
          "toMapping": {
            "fieldName": "Skills"
          }
        },
        {
          "relationship": {
            "$ref": "#r:n9"
          },
          "tableSchema": {
            "$ref": "#t:15"
          },
          "propertyMappings": [],
          "fromMapping": {
            "fieldName": "Candidate ID"
          },
          "toMapping": {
            "fieldName": "Skills"
          }
        },
        {
          "relationship": {
            "$ref": "#r:n10"
          },
          "tableSchema": {
            "$ref": "#t:13"
          },
          "propertyMappings": [],
          "fromMapping": {
            "fieldName": "Candidate ID"
          },
          "toMapping": {
            "fieldName": "Skills"
          }
        },
        {
          "relationship": {
            "$ref": "#r:n11"
          },
          "tableSchema": {
            "$ref": "#t:11"
          },
          "propertyMappings": [],
          "fromMapping": {
            "fieldName": "Candidate ID"
          },
          "toMapping": {
            "fieldName": "Skills"
          }
        },
        {
          "relationship": {
            "$ref": "#r:n12"
          },
          "tableSchema": {
            "$ref": "#t:9"
          },
          "propertyMappings": [],
          "fromMapping": {
            "fieldName": "Candidate ID"
          },
          "toMapping": {
            "fieldName": "Skills"
          }
        },
        {
          "relationship": {
            "$ref": "#r:n21"
          },
          "tableSchema": {
            "$ref": "#t:7"
          },
          "propertyMappings": [],
          "fromMapping": {
            "fieldName": "Candidate ID"
          },
          "toMapping": {
            "fieldName": "Skills"
          }
        },
        {
          "relationship": {
            "$ref": "#r:n23"
          },
          "tableSchema": {
            "$ref": "#t:5"
          },
          "propertyMappings": [],
          "fromMapping": {
            "fieldName": "Candidate ID"
          },
          "toMapping": {
            "fieldName": "Skills"
          }
        },
        {
          "relationship": {
            "$ref": "#r:n24"
          },
          "tableSchema": {
            "$ref": "#t:3"
          },
          "propertyMappings": [],
          "fromMapping": {
            "fieldName": "Candidate ID"
          },
          "toMapping": {
            "fieldName": "Skills"
          }
        },
        {
          "relationship": {
            "$ref": "#r:n25"
          },
          "tableSchema": {
            "$ref": "#t:1"
          },
          "propertyMappings": [],
          "fromMapping": {
            "fieldName": "Candidate ID"
          },
          "toMapping": {
            "fieldName": "Skills"
          }
        },
        {
          "relationship": {
            "$ref": "#r:n26"
          },
          "tableSchema": {
            "$ref": "#t:18"
          },
          "propertyMappings": [],
          "fromMapping": {
            "fieldName": "Candidate ID"
          },
          "toMapping": {
            "fieldName": "Skills"
          }
        },
        {
          "relationship": {
            "$ref": "#r:n30"
          },
          "tableSchema": {
            "$ref": "#t:23"
          },
          "propertyMappings": [],
          "fromMapping": {
            "fieldName": "Candidate ID"
          },
          "toMapping": {
            "fieldName": "Job ID"
          }
        }
      ]
    },
    "configurations": {
      "idsToIgnore": []
    }
  }
}