Job ID,Skills
J1000,
J1001,Service Desk Management
J1002,InVision
J1003,
J1004,Machine Translation
J1005,
J1006,Underfitting
J1007,Feature Scaling
J1008,Graph Embedding
J1009,Self-Sovereign Identity (SSI)
J1010,
J1011,
J1012,
J1013,
J1014,Plasma
J1015,Load)
J1016,Label Encoding
J1017,
J1018,Decentralized Insurance (DeFi)
J1019,
J1020,
J1021,Speaker Diarization
J1022,Ruby on Rails
J1023,User Stories
J1024,Sharding
J1025,
J1026,Single Sign-On (SSO)
J1027,MyEtherWallet (MEW)
J1028,Random Search
J1029,
J1030,
J1031,Decentralized Finance (DeFi)
J1032,
J1033,Graph Database
J1034,
J1035,Database Administration
J1036,T5
J1037,Chainlink
J1038,Word2Vec
J1039,Automated Market Makers (AMMs)
J1040,Business Continuity Planning (BCP)
J1041,Computerized Physician Order Entry (CPOE)
J1042,
J1043,Language Generation
J1044,
J1045,Bootstrap Aggregating
J1046,
J1047,
J1048,Distributed Control Systems (DCS)
J1049,
J1050,
J1051,Bayesian Optimization
J1052,
J1053,
J1054,
J1055,Convolutional Neural Networks (CNN)
J1056,
J1057,
J1058,Genetic Algorithms
J1059,Maximum Flow
J1060,Explainable AI (XAI)
J1061,
J1062,Medical Robotics
J1063,Utility Tokens
J1064,
J1065,
J1066,
J1067,Language Identification
J1068,Computer Vision
J1069,Healthcare Technology
J1070,
J1071,Proof of Activity (PoA)
J1072,Risk Analysis
J1073,
J1074,
J1075,
J1076,
J1077,
J1078,Stemming
J1079,
J1080,Sidechains
J1081,Speech Recognition
J1082,
J1083,
J1084,Healthcare Data Warehousing
J1085,Decentralized Finance (DeFi)
J1086,
J1087,Lasso Regression
J1088,Feature Importance
J1089,Prediction Markets
J1090,
J1091,Hyperledger
J1092,Wallet APIs
J1093,Rehabilitation Robotics
J1094,
J1095,Proof of Reputation (PoR)
J1096,Derivatives Platforms
J1097,
J1098,Root Cause Analysis (RCA)
J1099,
J1100,
J1101,OWL
J1102,Yield Optimizers
J1103,
J1104,Bitcoin Wallets
J1105,Cardano
J1106,
J1107,
J1108,
J1109,Materials Management
J1110,
J1111,Reporting and Dashboards
J1112,Ruby on Rails
J1113,
J1114,
J1115,
J1116,Digital Art
J1117,Object Detection
J1118,
J1119,Test-Driven Development (TDD)
J1120,Occam's Razor
J1121,Radiology Information System (RIS)
J1122,Quantization
J1123,
J1124,
J1125,
J1126,Information Retrieval
J1127,Lasso Regression
J1128,Continuous Deployment (CD)
J1129,Negotiation Skills
J1130,Borrowing Platforms
J1131,
J1132,IoT Devices
J1133,Equity Tokens
J1134,Healthcare Data Mining
J1135,
J1136,
J1137,Web3 Wallets
J1138,Agile Project Management
J1139,Algorithms
J1140,
J1141,
J1142,Data Warehousing
J1143,
J1144,Crypto Wallets
J1145,
J1146,Brands
J1147,
J1148,Redis
J1149,Phishing
J1150,
J1151,Blockchain Technology
J1152,Feature Scaling
J1153,Sketch
J1154,RESTful Web Services
J1155,K-Nearest Neighbors (KNN)
J1156,
J1157,
J1158,VPN
J1159,
J1160,Graph Analytics
J1161,
J1162,Logistic Regression
J1163,
J1164,
J1165,Leave-One-Out Cross-Validation (LOOCV)
J1166,
J1167,
J1168,
J1169,Security Incident Response
J1170,
J1171,Statistical Software
J1172,Custodial Wallets
J1173,
J1174,T5
J1175,Binance Wallet
J1176,Connected Components
J1177,Keras
J1178,
J1179,HTML
J1180,
J1181,Token Distribution
J1182,Business Continuity Planning (BCP)
J1183,Multi-Task Learning
J1184,
J1185,
J1186,Machine Translation
J1187,Vulnerability Assessment
J1188,Change Management
J1189,Gamma Distribution
J1190,
J1191,Prediction Markets
J1192,Graph Database
J1193,Time Management
J1194,
J1195,Decision Trees
J1196,
J1197,Yield Optimizers
J1198,Chaincode
J1199,
J1200,Naive Bayes
J1201,Label Encoding
J1202,IoT Devices
J1203,Clickjacking
J1204,Rollups
J1205,
J1206,Web3 Wallets
J1207,Condition Monitoring
J1208,
J1209,Real Estate
J1210,
J1211,Django
J1212,Artificial Intelligence (AI)
J1213,Governance Tokens
J1214,Presentation Skills
J1215,
J1216,
J1217,
J1218,Budget Management
J1219,Prim's Algorithm
J1220,
J1221,Descriptive Statistics
J1222,Customer Service
J1223,
J1224,
J1225,
J1226,IT Infrastructure
J1227,Language Identification
J1228,Self-Sovereign Identity (SSI)
J1229,
J1230,Music NFTs
J1231,
J1232,
J1233,
J1234,
J1235,ANOVA
J1236,HIPAA
J1237,
J1238,
J1239,
J1240,Long Short-Term Memory (LSTM)
J1241,Persona Creation
J1242,Behavior-Driven Development (BDD)
J1243,Corda
J1244,t-Distributed Stochastic Neighbor Embedding (t-SNE)
J1245,
J1246,
J1247,
J1248,
J1249,
J1250,
J1251,
J1252,
J1253,
J1254,Wireless Security
J1255,Policy Gradient Methods
J1256,
J1257,NoSQL
J1258,Linear Regression
J1259,
J1260,
J1261,Underfitting
J1262,Visualization Tools
J1263,
J1264,Data Visualization
J1265,Statistical Analysis
J1266,
J1267,
J1268,Identity and Access Management (IAM)
J1269,Healthcare Business Intelligence (BI)
J1270,Confluence
J1271,Matplotlib
J1272,Proof of Trust (PoT)
J1273,
J1274,Unsupervised Learning
J1275,
J1276,Gamma Distribution
J1277,
J1278,Use Case
J1279,
J1280,
J1281,Neural Architecture Search (NAS)
J1282,
J1283,
J1284,
J1285,Neural Networks
J1286,Firewall
J1287,
J1288,
J1289,Deep Q-Networks (DQN)
J1290,
J1291,Markov Chains
J1292,
J1293,
J1294,Language Generation
J1295,Forecasting
J1296,Quantization
J1297,Nervos
J1298,Technical Support
J1299,SOAP Web Services
J1300,
J1301,
J1302,
J1303,
J1304,
J1305,
J1306,
J1307,iOS
J1308,
J1309,Nursing Informatics
J1310,Graph Algorithms
J1311,Agricultural IoT
J1312,
J1313,
J1314,PRINCE2
J1315,VeChain
J1316,
J1317,
J1318,Continuous Integration (CI)
J1319,SQL Injection
J1320,Equity Tokens
J1321,
J1322,Hot Wallets
J1323,Utility Tokens
J1324,Chatbots
J1325,Bag of Words (BoW)
J1326,
J1327,
J1328,
J1329,MyEtherWallet (MEW)
J1330,
J1331,Boosting
J1332,Data Augmentation
J1333,
J1334,Metaverse Land
J1335,
J1336,
J1337,
J1338,Amazon Web Services
J1339,Continuous Deployment (CD)
J1340,
J1341,
J1342,
J1343,
J1344,Proof of Work (PoW)
J1345,Problem Management
J1346,Document Clustering
J1347,Image Generation
J1348,
J1349,
J1350,Remote Monitoring
J1351,Mean Encoding
J1352,ERC-1155
J1353,
J1354,
J1355,
J1356,RESTful APIs
J1357,
J1358,
J1359,
J1360,Linear Regression
J1361,Hospital Information System (HIS)
J1362,
J1363,
J1364,InVision
J1365,Feature Scaling
J1366,Blockchain
J1367,
J1368,Time Series Analysis
J1369,Generative Adversarial Networks (GANs)
J1370,Energy Management
J1371,
J1372,Vector Calculus
J1373,Maximum Bipartite Matching
J1374,Negotiation Skills
J1375,Amazon Web Services
J1376,
J1377,Association Rule Learning
J1378,Confluence
J1379,Supervisory Control and Data Acquisition (SCADA)
J1380,
J1381,Illustration
J1382,
J1383,
J1384,
J1385,
J1386,Algorithms
J1387,Environmental Monitoring Systems (EMS)
J1388,Database Design
J1389,Blockchain Interoperability
J1390,Logistics Management
J1391,
J1392,Exodus Wallet
J1393,Service Desk Management
J1394,Multivariate Analysis
J1395,
J1396,API Documentation
J1397,Mobile Development
J1398,Ethereum Wallets
J1399,
J1400,Regenerative Medicine
J1401,Security Operations Center (SOC)
J1402,
J1403,Poisson Distribution
J1404,Adobe XD
J1405,Continuous Integration (CI)
J1406,Microservices Architecture
J1407,
J1408,
J1409,Capacity Management
J1410,
J1411,Computer Vision
J1412,
J1413,Natural Language Processing (NLP)
J1414,
J1415,
J1416,
J1417,Early Stopping
J1418,Decision-Making
J1419,
J1420,Sequence-to-Sequence (Seq2Seq)
J1421,
J1422,
J1423,Virtual Real Estate
J1424,
J1425,Interviewing
J1426,
J1427,
J1428,TensorFlow
J1429,
J1430,
J1431,
J1432,
J1433,
J1434,Accessibility
J1435,
J1436,Scikit-learn
J1437,Penetration Testing
J1438,Public Keys
J1439,Chi-Square Test
J1440,Data Analysis
J1441,Procurement
J1442,
J1443,OAuth2.0
J1444,
J1445,Coinbase Wallet
J1446,Data Collection
J1447,Decision Trees
J1448,
J1449,
J1450,Blockchain Technology
J1451,Business Intelligence (BI)
J1452,
J1453,Windows Server
J1454,
J1455,
J1456,Web3.0
J1457,Business Intelligence (BI)
J1458,Cryptocurrency
J1459,Yield Aggregators
J1460,
J1461,Crypto Wallets
J1462,
J1463,Radiology Information System (RIS)
J1464,Customer Relationship Management (CRM)
J1465,
J1466,Prediction Markets
J1467,Staking
J1468,Clustering
J1469,
J1470,
J1471,
J1472,
J1473,
J1474,
J1475,Route Optimization
J1476,Contract Management
J1477,Fuzzy Clustering
J1478,Ruby
J1479,Layer 1 Scaling Solutions
J1480,
J1481,
J1482,
J1483,
J1484,
J1485,
J1486,
J1487,AngularJS
J1488,Partial Dependence Plots
J1489,Hyper-V
J1490,
J1491,Waterfall Methodology
J1492,Tableau
J1493,A/B Testing
J1494,Automatic Speech Recognition (ASR)
J1495,
J1496,
J1497,User Testing
J1498,Distributed Applications (DApps)
J1499,Release Management
J1500,Healthcare Information Systems (HIS)
J1501,Utility Tokens
J1502,
J1503,Network Administration
J1504,
J1505,
J1506,
J1507,
J1508,Disaster Recovery
J1509,
J1510,IT Service Management (ITSM)
J1511,
J1512,
J1513,
J1514,Graph Coloring
J1515,
J1516,Hyper-V
J1517,Supply Chain Management (SCM)
J1518,
J1519,Term Frequency-Inverse Document Frequency (TF-IDF)
J1520,
J1521,Customer Service
J1522,Firewall
J1523,Big Data
J1524,
J1525,Data Structures
J1526,
J1527,
J1528,Configuration Management
J1529,
J1530,Deep Learning
J1531,Bagging
J1532,Model Evaluation
J1533,Building Automation
J1534,L1 Regularization
J1535,Corda
J1536,Token Sale
J1537,
J1538,
J1539,
J1540,Supervised Learning
J1541,Transfer Learning
J1542,
J1543,Git
J1544,
J1545,
J1546,Yield Farming
J1547,Web Development
J1548,Contract Management
J1549,Tokenomics
J1550,
J1551,
J1552,Business Intelligence (BI)
J1553,
J1554,Radiology Information System (RIS)
J1555,
J1556,LSTM
J1557,
J1558,
J1559,Clinical Decision Support Systems (CDSS)
J1560,
J1561,
J1562,Proof of Concept (PoC)
J1563,
J1564,
J1565,
J1566,
J1567,Prioritization
J1568,
J1569,
J1570,Endpoint Security
J1571,
J1572,
J1573,Brands
J1574,
J1575,
J1576,Problem Management
J1577,
J1578,Artificial Intelligence (AI)
J1579,Facial Recognition
J1580,Proof of Trust (PoT)
J1581,
J1582,Leave-One-Out Cross-Validation (LOOCV)
J1583,
J1584,
J1585,Programmable Logic Controllers (PLCs)
J1586,
J1587,Digital Art
J1588,
J1589,Gamma Distribution
J1590,
J1591,
J1592,
J1593,Independent Component Analysis (ICA)
J1594,
J1595,
J1596,Self-Supervised Learning
J1597,User Experience Design
J1598,
J1599,Sequential Pattern Mining
J1600,
J1601,t-Distributed Stochastic Neighbor Embedding (t-SNE)
J1602,Presentation Skills
J1603,TensorFlow
J1604,
J1605,
J1606,
J1607,
J1608,Docker
J1609,Pharmaceutical Data Analysis
J1610,
J1611,Tokenomics
J1612,Materials Management
J1613,
J1614,Order Management
J1615,Stratified Cross-Validation
J1616,
J1617,Energy Automation
J1618,
J1619,
J1620,
J1621,Yield Optimizers
J1622,K-Fold Cross-Validation
J1623,Active Learning
J1624,
J1625,Frontend Development
J1626,Ruby on Rails
J1627,Minimum Cut
J1628,Multi-Signature Wallets
J1629,
J1630,Material-UI
J1631,Natural Language Understanding (NLU)
J1632,Smart Contracts
J1633,Node Classification
J1634,Ontologies
J1635,
J1636,
J1637,HTTP/HTTPS
J1638,Qualitative Analysis
J1639,Prescriptive Modeling
J1640,PCI DSS
J1641,
J1642,
J1643,Data Imputation
J1644,RESTful APIs
J1645,
J1646,Non-Custodial Wallets
J1647,Mean Shift
J1648,Release Management
J1649,
J1650,
J1651,
J1652,Smart Homes
J1653,
J1654,Model Monitoring
J1655,Seed Phrases
J1656,Plasma
J1657,Self-Motivation
J1658,Altcoin Wallets
J1659,
J1660,
J1661,Image Segmentation
J1662,Self-Management
J1663,Proof of Time (PoT)
J1664,Accounting and Finance Systems
J1665,
J1666,Elasticsearch
J1667,SQL Injection
J1668,Git
J1669,
J1670,
J1671,Bagging
J1672,
J1673,NumPy
J1674,
J1675,Digital Art
J1676,Token Distribution
J1677,
J1678,Speaker Diarization
J1679,
J1680,
J1681,Model Evaluation
J1682,Continuous Integration (CI)
J1683,
J1684,
J1685,
J1686,MongoDB
J1687,
J1688,
J1689,
J1690,Floyd-Warshall Algorithm
J1691,
J1692,IoT Applications
J1693,
J1694,Sidechains
J1695,
J1696,
J1697,Precision Medicine
J1698,
J1699,
J1700,
J1701,
J1702,
J1703,ERC-1155
J1704,ElasticNet Regression
J1705,
J1706,Lending Protocols
J1707,Celebrities
J1708,FP-Growth Algorithm
J1709,
J1710,Intrusion Detection System (IDS)
J1711,Single Sign-On (SSO)
J1712,Prediction Markets
J1713,
J1714,Temporal Difference Learning
J1715,
J1716,
J1717,
J1718,
J1719,
J1720,
J1721,
J1722,Kanban
J1723,A/B Testing
J1724,Compliance Management
J1725,
J1726,Commodity Tokens
J1727,Patient Monitoring Systems
J1728,
J1729,Random Search
J1730,
J1731,Exodus Wallet
J1732,
J1733,DHCP
J1734,Virtual Land NFTs
J1735,Accessibility
J1736,Medical Imaging
J1737,Hot Wallets
J1738,Cluster Analysis
J1739,C++
J1740,Nanorobotics
J1741,
J1742,
J1743,
J1744,
J1745,Plasma
J1746,
J1747,
J1748,Stopword Removal
J1749,
J1750,JavaScript
J1751,
J1752,Multi-Factor Authentication (MFA)
J1753,ElasticNet Regularization
J1754,
J1755,
J1756,
J1757,Rollups
J1758,Statistical Analysis
J1759,
J1760,Innovation
J1761,Avalanche
J1762,
J1763,
J1764,
J1765,
J1766,Figma
J1767,Configuration Management
J1768,
J1769,
J1770,
J1771,Utility Tokens
J1772,Electronic Medical Records (EMR)
J1773,Algorithms
J1774,Data Mining
J1775,Data Warehousing
J1776,
J1777,Generative Adversarial Networks (GANs)
J1778,OAuth
J1779,
J1780,Chatbots
J1781,
J1782,
J1783,
J1784,Multi-Signature Wallets
J1785,Edge Embedding
J1786,Decision Analysis
J1787,
J1788,
J1789,Radiology Information System (RIS)
J1790,
J1791,
J1792,Apache Kafka
J1793,Image Enhancement
J1794,
J1795,
J1796,
J1797,
J1798,Correlation Analysis
J1799,
J1800,Zero-Shot Learning
J1801,Regression Analysis
J1802,GDPR
J1803,Database Management
J1804,Multi-Task Learning
J1805,
J1806,Doc2Vec
J1807,Centrality Measures
J1808,
J1809,
J1810,
J1811,
J1812,Degree Centrality
J1813,
J1814,Deep Reinforcement Learning
J1815,Smart Contracts
J1816,
J1817,
J1818,
J1819,
J1820,Unsupervised Learning
J1821,
J1822,Document Similarity
J1823,
J1824,Visualization Tools
J1825,
J1826,
J1827,Flash Loans
J1828,
J1829,
J1830,
J1831,Brands
J1832,
J1833,
J1834,
J1835,
J1836,State Channels
J1837,
J1838,Generative Adversarial Networks (GANs)
J1839,JIRA
J1840,Clinical Decision Support Systems (CDSS)
J1841,
J1842,
J1843,
J1844,
J1845,
J1846,
J1847,
J1848,
J1849,Object Recognition
J1850,
J1851,
J1852,
J1853,Accounting and Finance Systems
J1854,
J1855,
J1856,
J1857,Linux
J1858,
J1859,
J1860,
J1861,
J1862,Picture Archiving Communication System (PACS)
J1863,
J1864,
J1865,
J1866,Endpoint Security
J1867,Knowledge Distillation
J1868,
J1869,NFT Wallets
J1870,Laboratory Information System (LIS)
J1871,Backup and Restore
J1872,Distribution Management
J1873,Uniform Manifold Approximation and Projection (UMAP)
J1874,Independent Component Analysis (ICA)
J1875,
J1876,
J1877,
J1878,Eigenvalues and Eigenvectors
J1879,
J1880,
J1881,
J1882,Healthcare Information Systems (HIS)
J1883,
J1884,
J1885,
J1886,Business Continuity Planning (BCP)
J1887,Token Economics
J1888,Word Embeddings
J1889,
J1890,Telemedicine
J1891,Picture Archiving and Communication System (PACS)
J1892,
J1893,Heuristic Evaluation
J1894,
J1895,Node Embedding
J1896,Chi-Square Test
J1897,
J1898,
J1899,PCI DSS
J1900,Wireframe Tools
J1901,Token Wallets
J1902,Sharding
J1903,
J1904,
J1905,Orthogonalization
J1906,Domain Names
J1907,
J1908,
J1909,Visualization Tools
J1910,
J1911,
J1912,
J1913,
J1914,
J1915,Energy Management Systems (EMS)
J1916,Building Automation
J1917,
J1918,
J1919,
J1920,
J1921,
J1922,
J1923,
J1924,
J1925,
J1926,
J1927,
J1928,
J1929,Initial Exchange Offerings (IEOs)
J1930,Remote Monitoring
J1931,Semantic Web
J1932,
J1933,
J1934,Model-Free Optimization
J1935,
J1936,
J1937,
J1938,
J1939,
J1940,
J1941,Warehouse Management
J1942,
J1943,Text Generation
J1944,
J1945,
J1946,
J1947,Location-Based Services (LBS)
J1948,Robotic Exoskeletons
J1949,
J1950,
J1951,User Stories
J1952,Survey Design
J1953,Topological Sorting
J1954,
J1955,
J1956,
J1957,Database Design
J1958,
J1959,
J1960,
J1961,Intrusion Prevention System (IPS)
J1962,Web Security
J1963,Git
J1964,
J1965,
J1966,OAuth
J1967,
J1968,
J1969,IPSec
J1970,
J1971,
J1972,Multi-Signature Wallet
J1973,
J1974,Association Rule Learning
J1975,Strongly Connected Components
J1976,
J1977,Facial Recognition
J1978,
J1979,Automated Market Makers (AMMs)
J1980,Multi-Signature Wallet
J1981,
J1982,
J1983,
J1984,
J1985,
J1986,
J1987,Graph Clustering
J1988,
J1989,Data Mining
J1990,Computerized Physician Order Entry (CPOE)
J1991,Particle Swarm Optimization (PSO)
J1992,Descriptive Modeling
J1993,Capacity Planning
J1994,
J1995,
J1996,Transform
J1997,Asset Management
J1998,
J1999,Digital Collectibles
