Job ID,Skills
J1000,Test-Driven Development (TDD)
J1001,Metabolomics
J1002,Independent Component Analysis (ICA)
J1003,Liquidity Mining
J1004,Behavior-Driven Development (BDD)
J1005,Matrix Manipulation
J1006,Personalized Medicine
J1007,Blockchain Governance
J1008,Blockchain Platforms
J1009,Pareto Distribution
J1010,Intellectual Property
J1011,Drug Discovery
J1012,Creativity
J1013,Manufacturing Execution Systems (MES)
J1014,ERC-20
J1015,Non-Fungible Tokens (NFTs)
J1016,Risk Management
J1017,Database Management
J1018,Distributed Control Systems (DCS)
J1019,VPN
J1020,Software Architecture
J1021,Smart Contract Platforms
J1022,Ethereum
J1023,Biological Data Analysis
J1024,Six Sigma
J1025,JavaScript
J1026,SMTP
J1027,Optimization Algorithms
J1028,Virtual Goods
J1029,JSON
J1030,InVision
J1031,Ledger Wallet
J1032,Paper Wallets
J1033,Network Administration
J1034,Decentralized Finance (DeFi) Wallets
J1035,Supervised Learning
J1036,Decentralized Finance (DeFi)
J1037,Frequency Encoding
J1038,Web3
J1039,Hub and Authority Scores
J1040,Streaming Data
J1041,Private Keys
J1042,VirtualBox
J1043,Empathy Mapping
J1044,Maximum Flow
J1045,Geographic Data Analysis
J1046,Emotional Intelligence
J1047,Internet of Things (IoT)
J1048,Smart Contracts
J1049,Cryptocurrency
J1050,Java
J1051,Time-Series Cross-Validation
J1052,Speech Synthesis
J1053,Telematics
J1054,SPARQL
J1055,ISO 27001
J1056,Prediction Markets
J1057,Laboratory Information System (LIS)
J1058,Speaker Diarization
J1059,Knowledge Representation
J1060,Interaction Design
J1061,Film NFTs
J1062,LIME
J1063,Data Visualization
J1064,Principal Component Analysis (PCA)
J1065,Token Wallets
J1066,Capacity Planning
J1067,Freight Management
J1068,Floyd-Warshall Algorithm
J1069,Risk Analysis
J1070,Tokenization
J1071,BERT
J1072,Liquidity Pools
J1073,Chi-Square Test
J1074,Meta-Learning
J1075,Environmental Monitoring Systems (EMS)
J1076,Self-Play
J1077,Java
J1078,Blockchain Scalability
J1079,Evolution Strategies
J1080,C++
J1081,Bellman-Ford Algorithm
J1082,SCADA Systems
J1083,Statistical Analysis
J1084,Token Sale
J1085,Liquidity Pools
J1086,Data Interpretation
J1087,Matplotlib
J1088,Regularization
J1089,VeChain
J1090,Batch Normalization
J1091,Probability Distributions
J1092,Inventory Optimization
J1093,Link Prediction
J1094,Distributed Applications (DApps)
J1095,Analytical Skills
J1096,Quantitative Analysis
J1097,Graph Reconstruction
J1098,Gradient Boosting
J1099,Bagging
J1100,Data Structures
J1101,Analytical Skills
J1102,Decision-Making
J1103,Uniform Manifold Approximation and Projection (UMAP)
J1104,Process Automation
J1105,Ruby on Rails
J1106,Autoencoders
J1107,Containerization
J1108,Binance Smart Chain (BSC)
J1109,Microsoft SQL Server
J1110,Optimization Algorithms
J1111,Speech-to-Text (STT)
J1112,Customer Service
J1113,Utility Tokens
J1114,Lognormal Distribution
J1115,Waterfall Methodology
J1116,Web Wallets
J1117,Data Collection
J1118,Smart Homes
J1119,DBSCAN
J1120,AdaBoost
J1121,Six Sigma
J1122,IoT Devices
J1123,Reporting and Dashboards
J1124,HTTP/HTTPS
J1125,Private Keys
J1126,Firewall
J1127,SQL
J1128,Change Management
J1129,Minimum Cut
J1130,Binance Smart Chain (BSC)
J1131,Metaverse NFTs
J1132,Web3
J1133,Warehouse Management
J1134,Economic Incentives
J1135,Statistical Software
J1136,ERC-721
J1137,Proof of Time (PoT)
J1138,Smart Contract Audits
J1139,Smart Grid
J1140,Human Resource Management (HRM)
J1141,Hypothesis Testing
J1142,Business Continuity Planning (BCP)
J1143,Yield Farming Aggregators
J1144,Health Information System (HIS)
J1145,Apache Kafka
J1146,Transformer
J1147,Data Collection
J1148,Rollups
J1149,Support Vector Machines (SVM)
J1150,Dialogue Systems
J1151,Feature Engineering
J1152,Chi-Square Test
J1153,Vector Calculus
J1154,Stopword Removal
J1155,Demand Forecasting
J1156,Descriptive Statistics
J1157,Fleet Management
J1158,ASP.NET
J1159,Binance Wallet
J1160,Scrum
J1161,Link Prediction
J1162,Lending Protocols
J1163,PRINCE2
J1164,Geographic Information Systems (GIS)
J1165,Graph Partitioning
J1166,TCP/IP
J1167,Scikit-learn
J1168,Use Case
J1169,Medical Image Analysis
J1170,L1 Regularization
J1171,Clinical Research Informatics
J1172,Google Cloud Platform (GCP)
J1173,Vector Calculus
J1174,Database Management
J1175,Electronic Health Records (EHR)
J1176,Git
J1177,ITIL
J1178,Recurrent Neural Networks (RNN)
J1179,Chatbots
J1180,Data Pipelines
J1181,HTML
J1182,Speech-to-Text (STT)
J1183,Social Tokens
J1184,Proof of Capacity (PoC)
J1185,Supply Chain Collaboration
J1186,Reinforcement Learning
J1187,Trust Wallet
J1188,Software Development
J1189,PRINCE2
J1190,Disaster Recovery
J1191,Data Analysis
J1192,EOSIO
J1193,Initial Coin Offerings (ICOs)
J1194,Buffer Overflow
J1195,Vulnerability Assessment
J1196,Usability Testing
J1197,PHP
J1198,Big Data
J1199,Survey Design
J1200,Stellar
J1201,Equity Tokens
J1202,Derivatives Protocols
J1203,iOS
J1204,Token Migration
J1205,Self-Motivation
J1206,Logistic Regression
J1207,ISO 27001
J1208,Decentralized Finance (DeFi) Wallets
J1209,Cluster Analysis
J1210,Serverless Architecture
J1211,Gaming Assets
J1212,Pareto Distribution
J1213,Connected Cars
J1214,Oracle Cloud
J1215,Clinical Research Informatics
J1216,Scrum Master
J1217,Web3
J1218,Blockchain Governance
J1219,Proof of Concept (PoC)
J1220,Non-Fungible Tokens (NFTs)
J1221,NoSQL
J1222,XLNet
J1223,Text Summarization
J1224,Statistical Analysis
J1225,PageRank
J1226,Meta-Learning
J1227,Hierarchical Clustering
J1228,Language Identification
J1229,Matplotlib
J1230,Community Tokens
J1231,Oracle Cloud
J1232,AWS
J1233,Pruning
J1234,State Channels
J1235,Smart Contract Development
J1236,Tron
J1237,Remote Monitoring
J1238,Maximum Bipartite Matching
J1239,Healthcare Technology
J1240,Decentralized Identity (DID)
J1241,Health Information Exchange (HIE)
J1242,Classification
J1243,Routing and Navigation
J1244,Graph Convolutional Networks (GCNs)
J1245,Graph Convolutional Networks (GCNs)
J1246,Functional Programming
J1247,Data Mining
J1248,OWL
J1249,Web Scraping
J1250,Stemming
J1251,Graph Neural Networks (GNNs)
J1252,Healthcare Data Warehousing
J1253,Handwriting Recognition
J1254,Frequency Encoding
J1255,Machine Learning Algorithms
J1256,JavaScript
J1257,Agricultural IoT
J1258,One-Hot Encoding
J1259,Transfer Learning
J1260,Figma
J1261,Virtual Goods
J1262,Risk Analysis
J1263,Decentralized Exchanges (DEXs)
J1264,Distribution Management
J1265,Liquidity Mining
J1266,Hyperledger Fabric
J1267,Data Interpretation
J1268,Robotic Exoskeletons
J1269,Deep Learning
J1270,Manufacturing Execution Systems (MES)
J1271,Few-Shot Learning
J1272,Cross-Validation
J1273,Feature Engineering
J1274,Text Summarization
J1275,Curiosity-Driven Exploration
J1276,Surgical Robotics
J1277,Vyper
J1278,Network Monitoring
J1279,Wearable Devices
J1280,Evolution Strategies
J1281,Clinical Decision Support Systems (CDSS)
J1282,Digital Assets
J1283,Geographic Data Visualization
J1284,Self-Sovereign Identity (SSI)
J1285,Natural Language Processing (NLP)
J1286,Graph Attention Networks (GATs)
J1287,Voting
J1288,Frontend Development
J1289,Usability Testing
J1290,Fuzzy Clustering
J1291,Asset Management
J1292,Chainlink
J1293,Infrastructure as Code (IaC)
J1294,Statistical Software
J1295,Moqups
J1296,Exodus Wallet
J1297,Binary Encoding
J1298,Logistic Regression
J1299,Sybil Resistance
J1300,Java
J1301,Algorand
J1302,Decision Analysis
J1303,Description Logics
J1304,Confluence
J1305,Semantic Web
J1306,Convolutional Neural Networks (CNN)
J1307,Global Positioning System (GPS)
J1308,Forecasting
J1309,FP-Growth Algorithm
J1310,AdaBoost
J1311,Vendor Management
J1312,Feature Scaling
J1313,Hub and Authority Scores
J1314,Graphic Design
J1315,Teamwork
J1316,Derivatives Protocols
J1317,DBSCAN
J1318,Object Detection
J1319,SOAP
J1320,Transfer Learning
J1321,Breadth-First Search (BFS)
J1322,Social Engineering
J1323,Causal Inference
J1324,Data Engineering
J1325,Help Desk Support
J1326,Graph Analytics
J1327,Patch Management
J1328,Proof of Authority (PoA)
J1329,Tableau
J1330,Web3
J1331,Machine Learning Algorithms
J1332,Transfer Learning
J1333,Capacity Management
J1334,Proof of Weight (PoWeight)
J1335,Plasma
J1336,Information Retrieval
J1337,Graph Traversal Algorithms
J1338,Entity Linking
J1339,Utility Tokens
J1340,Self-Supervised Learning
J1341,Emotional Intelligence
J1342,Adobe Creative Cloud
J1343,RDF
J1344,Surgical Robotics
J1345,Logistics Optimization
J1346,Unix
J1347,Geospatial Analysis
J1348,Prediction Markets
J1349,Decision Trees
J1350,Data Engineering
J1351,Logistic Regression
J1352,Dimensionality Reduction
J1353,Interaction Design
J1354,Film NFTs
J1355,Fleet Management
J1356,Flask
J1357,Distributed Control Systems (DCS)
J1358,Security Token Offerings (STOs)
J1359,SSL/TLS
J1360,Label Encoding
J1361,Decentralized Finance (DeFi)
J1362,Nervos
J1363,Proof of Space (PoSpace)
J1364,Blockchain Governance
J1365,Microsoft SQL Server
J1366,Waterfall Methodology
J1367,Bootstrap
J1368,Location-Based Services (LBS)
J1369,Leadership
J1370,Apriori Algorithm
J1371,C++
J1372,Inventory Optimization
J1373,Self-Play
J1374,Natural Language Processing (NLP)
J1375,Confluence
J1376,Image Classification
J1377,Natural Language Processing (NLP)
J1378,iOS
J1379,PERT
J1380,Topic Modeling
J1381,Partial Dependence Plots
J1382,Global Positioning System (GPS)
J1383,Self-Sovereign Identity (SSI)
J1384,Vyper
J1385,Experimental Design
J1386,DDoS Attack
J1387,Hypothesis Testing
J1388,Exponential Distribution
J1389,Open Source Wallets
J1390,Vue.js
J1391,Monte Carlo Simulation
J1392,Image Enhancement
J1393,User Experience Design
J1394,RESTful Web Services
J1395,Typography
J1396,Ethereum 2.0
J1397,Cloud Computing
J1398,Medical Imaging
J1399,Demand Forecasting
J1400,Least Squares
J1401,Decision Trees
J1402,Order Management
J1403,Accounting and Finance Systems
J1404,Logistic Regression
J1405,L1 Regularization
J1406,Threat Intelligence
J1407,Medical Imaging
J1408,Ethereum 2.0
J1409,Tezos
J1410,Prioritization
J1411,Proof of Activity (PoA)
J1412,Laboratory Information System (LIS)
J1413,Data Visualization
J1414,Descriptive Analytics
J1415,Exodus Wallet
J1416,MT5
J1417,One-Hot Encoding
J1418,Telemedicine
J1419,Data Augmentation
J1420,Surgical Robotics
J1421,Cryptocurrency Wallets
J1422,Principal Component Analysis (PCA)
J1423,Materials Management
J1424,jQuery
J1425,Sequential Pattern Mining
J1426,Yield Farming
J1427,Partial Dependence Plots
J1428,Ethereum
J1429,Film Rights
J1430,JIRA
J1431,Betweenness Centrality
J1432,Self-Supervised Learning
J1433,Web Wallets
J1434,Typography
J1435,Document Classification
J1436,Hyper-V
J1437,Software Development
J1438,Equity Tokens
J1439,Derivatives Protocols
J1440,Community Detection
J1441,Polynomial Regression
J1442,Sidechains
J1443,Association Rule Learning
J1444,Figma
J1445,Off-Chain Governance
J1446,Smart Contracts
J1447,Feature Selection
J1448,Problem Management
J1449,Bayesian Statistics
J1450,Token Locking
J1451,Artificial Intelligence (AI)
J1452,Q-Learning
J1453,Principal Component Analysis (PCA)
J1454,Documentation
J1455,Tokenomics
J1456,Staking Wallets
J1457,Minimum Spanning Tree
J1458,Identity Management
J1459,Leave-One-Out Cross-Validation (LOOCV)
J1460,Business Analytics
J1461,Unix
J1462,Data Structures
J1463,Automated Market Makers (AMMs)
J1464,Healthcare Business Intelligence (BI)
J1465,Enterprise Resource Planning (ERP)
J1466,Vendor Management
J1467,Reinforcement Learning
J1468,T5
J1469,InVision
J1470,Brute Force Attack
J1471,Prototyping
J1472,Smart Grid
J1473,Monte Carlo Tree Search (MCTS)
J1474,HTML
J1475,Responsive Design
J1476,Term Frequency-Inverse Document Frequency (TF-IDF)
J1477,Global Positioning System (GPS)
J1478,SOAP Web Services
J1479,Unsupervised Learning
J1480,Predictive Analytics
J1481,Risk Management
J1482,Few-Shot Learning
J1483,Agile Methodologies
J1484,Bagging
J1485,Hot Wallets
J1486,Multi-Signature Wallets
J1487,Robotic Process Automation (RPA)
J1488,Journey Mapping
J1489,Initial Coin Offerings (ICOs)
J1490,Uniform Distribution
J1491,Fractional Ownership Tokens
J1492,Cross-Site Scripting (XSS)
J1493,FP-Growth Algorithm
J1494,Prescriptive Analytics
J1495,Bootstrap Aggregating
J1496,Model Interpretability
J1497,Single Sign-On (SSO)
J1498,Earned Value Management (EVM)
J1499,Q-Learning
J1500,PCI DSS
J1501,Distributed Ledger Technology (DLT)
J1502,Document Classification
J1503,Multivariate Analysis
J1504,GitLab
J1505,Domain Adaptation
J1506,Data Validation
J1507,NFT Wallets
J1508,Tabu Search
J1509,Image Processing
J1510,IoT Platforms
J1511,JSON
J1512,Proof of Importance (PoI)
J1513,Service-Oriented Architecture (SOA)
J1514,Natural Language Processing (NLP)
J1515,Medical Imaging
J1516,One-Shot Learning
J1517,Quantitative Research
J1518,Hospital Information System (HIS)
J1519,Sharding
J1520,Bagging
J1521,Backend Development
J1522,Blockchain Consensus Mechanisms
J1523,Language Generation
J1524,Relation Extraction
J1525,Covariance Matrix Adaptation Evolution Strategy (CMA-ES)
J1526,Proof of Capacity (PoC)
J1527,Random Forest
J1528,Uniform Distribution
J1529,User Interface Design
J1530,Relation Extraction
J1531,Django
J1532,FTP/SFTP
J1533,Asynchronous Advantage Actor-Critic (A3C)
J1534,Client/Server Architecture
J1535,Cryptocurrency
J1536,Capacity Planning
J1537,Behavior-Driven Development (BDD)
J1538,Sports Teams
J1539,EOSIO
J1540,Order Management
J1541,Governance Tokens
J1542,Data Imputation
J1543,PERT
J1544,Survival Analysis
J1545,Teamwork
J1546,Keras
J1547,Radiology Information System (RIS)
J1548,Temporal Difference Learning
J1549,Utility Tokens
J1550,Tezos
J1551,Tokenomics
J1552,Docker
J1553,Decentralized Applications (DApps)
J1554,Atomic Swaps
J1555,Layer 2 Scaling Solutions
J1556,Risk Register
J1557,Token Migration
J1558,VPN
J1559,Redis
J1560,Shortest Path Algorithms
J1561,Attention to Detail
J1562,Smart Contracts
J1563,Technical Support
J1564,Spring
J1565,Initial Coin Offerings (ICOs)
J1566,Procurement
J1567,Routing and Logistics
J1568,Clustering
J1569,Asynchronous Advantage Actor-Critic (A3C)
J1570,Image Processing
J1571,HTML
J1572,Blockchain Platforms
J1573,Capsule Networks
J1574,Tableau
J1575,LSTM
J1576,Bayesian Optimization
J1577,Conversational Agents
J1578,MVC Architecture
J1579,Collectibles NFTs
J1580,Information Retrieval
J1581,GitHub
J1582,Proof of Time (PoT)
J1583,Cryptocurrency Wallets
J1584,Bag of Words (BoW)
J1585,Gaming NFTs
J1586,Health Information Exchange (HIE)
J1587,Tezos
J1588,Sports NFTs
J1589,Sharding
J1590,Celebrities
J1591,Transfer Learning
J1592,Covariance Matrix Adaptation Evolution Strategy (CMA-ES)
J1593,Nervos
J1594,Document Classification
J1595,Q-Learning
J1596,Material-UI
J1597,Correlation Analysis
J1598,Bag of Words (BoW)
J1599,Model-Based Optimization
J1600,Estimation of Distribution Algorithms (EDA)
J1601,Feature Extraction
J1602,Interpretable Neural Networks
J1603,Feature Selection
J1604,Web Development
J1605,Music Rights
J1606,Algorithms
J1607,Sales and Marketing Systems
J1608,Split Testing
J1609,Image Segmentation
J1610,Rule-Based Models
J1611,Interpretable Neural Networks
J1612,OPTICS
J1613,K-Means Clustering
J1614,Tokenomics
J1615,Naive Bayes
J1616,Meta-Learning
J1617,Sidechains
J1618,Apache Kafka
J1619,Plasma
J1620,Model Monitoring
J1621,DeFi Protocols
J1622,Film Rights
J1623,Hypothesis Testing
J1624,Negative Transfer
J1625,Communication Skills
J1626,DAO Tokens
J1627,Expert Review
J1628,Proof of Importance (PoI)
J1629,Text-to-Speech (TTS)
J1630,Randomized Controlled Trials (RCTs)
J1631,Inventory Optimization
J1632,User Experience Design
J1633,Graph Neural Networks (GNNs)
J1634,Medical Billing
J1635,Zeplin
J1636,Cryptocurrency
J1637,Zero Trust Security
J1638,Graph Reconstruction
J1639,Antivirus Software
J1640,Hyperledger Fabric
J1641,Target Encoding
J1642,Neural Machine Translation (NMT)
J1643,Internet of Things (IoT)
J1644,Sentiment Analysis
J1645,Cryptography
J1646,Supply Chain IoT
J1647,Proof of Concept (PoC)
J1648,Actor-Critic Methods
J1649,Reinforcement Learning
J1650,Analytical Skills
J1651,Sidechains
J1652,Six Sigma
J1653,Natural Language Processing (NLP)
J1654,CatBoost
J1655,Bioinformatics
J1656,Random Search
J1657,Derivatives Protocols
J1658,Data Modeling
J1659,Data Validation
J1660,SVN
J1661,Feature Engineering
J1662,Non-Fungible Tokens (NFTs)
J1663,Help Desk Support
J1664,Cross-Platform Development
J1665,Six Sigma
J1666,Degree Centrality
J1667,Regenerative Medicine
J1668,ASP.NET MVC
J1669,Graph Embedding
J1670,Non-Fungible Tokens (NFTs)
J1671,Genetic Algorithms
J1672,Liquidity Incentives
J1673,Atomic Swaps
J1674,Graph Convolutional Networks (GCNs)
J1675,Embedding
J1676,ElasticNet Regression
J1677,Token Locking
J1678,Geographic Data Visualization
J1679,Model Generalization
J1680,Supply Chain Management (SCM)
J1681,PRINCE2
J1682,Nanorobotics
J1683,Simulation
J1684,SOAP Web Services
J1685,Supervised Learning
J1686,GloVe
J1687,OPTICS
J1688,Incident Management
J1689,Tableau
J1690,NEO Virtual Machine (NEOVM)
J1691,Persona Creation
J1692,Bootstrapping
J1693,Proof of Weight (PoWeight)
J1694,Web3.0
J1695,Conflict Resolution
J1696,Network Security
J1697,Blockchain
J1698,Semi-Supervised Learning
J1699,Word Embeddings
J1700,Depth-First Search (DFS)
J1701,Principal Component Analysis (PCA)
J1702,Supply Chain IoT
J1703,Environmental Monitoring Systems (EMS)
J1704,Governance Tokens
J1705,Multi-Armed Bandit
J1706,Gantt Chart
J1707,Information Architecture
J1708,Tokenomics
J1709,Artificial Intelligence (AI)
J1710,Data Augmentation
J1711,Polkadot
J1712,Exploratory Data Analysis (EDA)
J1713,Hash Encoding
J1714,Cross-Site Scripting (XSS)
J1715,Model-Free Optimization
J1716,IoT Devices
J1717,Prediction Markets
J1718,Web Wallets
J1719,Proof of Space (PoSpace)
J1720,Word2Vec
J1721,Virtualization
J1722,Descriptive Statistics
J1723,Prediction Markets
J1724,Conflict Resolution
J1725,Independent Component Analysis (ICA)
J1726,PCI DSS
J1727,Long Short-Term Memory (LSTM)
J1728,Regularization
J1729,Decentralized Finance (DeFi)
J1730,Cardano
J1731,DAO Tokens
J1732,Metabolomics
J1733,Decentralized Finance (DeFi)
J1734,Remote Monitoring
J1735,Medical Image Analysis
J1736,Natural Language Processing (NLP)
J1737,Feature Selection
J1738,Medical Imaging
J1739,Decentralized Identity (DID)
J1740,Negotiation Skills
J1741,Transcriptomics
J1742,Proof of Stake (PoS)
J1743,Word Embeddings
J1744,Real Estate NFTs
J1745,Adaptability
J1746,Data Modeling
J1747,Survival Analysis
J1748,ASP.NET MVC
J1749,FP-Growth Algorithm
J1750,Bayesian Optimization
J1751,Supply Chain Collaboration
J1752,Named Entity Recognition (NER)
J1753,Multi-Factor Authentication (MFA)
J1754,Transform
J1755,Layer 1 Scaling Solutions
J1756,Decentralized Applications (DApps)
J1757,Cross-Chain Asset Transfers
J1758,Initial Exchange Offerings (IEOs)
J1759,Markov Chains
J1760,Autoencoders
J1761,Minimum Cut
J1762,Sybil Resistance
J1763,Utility Tokens
J1764,Staking Wallets
J1765,Security Token Offerings (STOs)
J1766,Six Sigma
J1767,Ruby on Rails
J1768,Decentralized Finance (DeFi) Oracles
J1769,Cross-Validation
J1770,Machine Learning
J1771,MapReduce
J1772,Reinforcement Learning
J1773,Natural Language Processing (NLP)
J1774,Interpretable Neural Networks
J1775,Decentralized Identity (DID)
J1776,AWS
J1777,GraphQL
J1778,Artificial Intelligence (AI)
J1779,LAN/WAN
J1780,Independent Component Analysis (ICA)
J1781,Image Segmentation
J1782,GPT
J1783,Ridge Regression
J1784,Data Oracles
J1785,Key Performance Indicators (KPIs)
J1786,Patch Management
J1787,Feature Extraction
J1788,Usability Testing
J1789,IoT Solutions
J1790,Redis
J1791,Asynchronous Advantage Actor-Critic (A3C)
J1792,Public Health Informatics
J1793,Active Learning
J1794,Exodus Wallet
J1795,Knowledge Graph Embedding
J1796,Blockchain Oracles
J1797,Graph Convolutional Networks (GCNs)
J1798,Web3.0
J1799,Doc2Vec
J1800,ERC-20
J1801,Data Collection
J1802,LAN/WAN
J1803,Regenerative Medicine
J1804,Scikit-learn
J1805,Strongly Connected Components
J1806,Principal Component Analysis (PCA)
J1807,Autoencoders
J1808,IoT Security
J1809,LSTM
J1810,Decentralized Stablecoins
J1811,Edge Embedding
J1812,Survival Analysis
J1813,SOAP
J1814,Hierarchical Clustering
J1815,Graph Embedding
J1816,Clinical Research Informatics
J1817,Virtual Land NFTs
J1818,Principal Component Analysis (PCA)
J1819,Few-Shot Learning
J1820,Topological Sorting
J1821,Service Desk Management
J1822,Telemedicine
J1823,Natural Language Processing (NLP)
J1824,Man-in-the-Middle (MitM) Attack
J1825,Hub and Authority Scores
J1826,Security Tokens
J1827,GRU
J1828,Image Enhancement
J1829,Capsule Networks
J1830,Graph Clustering
J1831,Conflict Resolution
J1832,Inferential Statistics
J1833,Decentralized Stablecoins
J1834,Distributed Ledger Technology (DLT)
J1835,Domain Adaptation
J1836,Survival Analysis
J1837,Relation Extraction
J1838,ElasticNet Regularization
J1839,ERC-721
J1840,Language Generation
J1841,Healthcare IoT
J1842,Patient Monitoring Systems
J1843,Facial Recognition
J1844,Digital Imaging and Communications in Medicine (DICOM)
J1845,Electronic Health Records (EHR)
J1846,Manufacturing Execution Systems (MES)
J1847,Embedding
J1848,Healthcare Business Intelligence (BI)
J1849,Public Health Informatics
J1850,Precision Medicine
J1851,Ethereum 2.0
J1852,Neural Machine Translation (NMT)
J1853,Stellar
J1854,Compliance Management
J1855,Decentralized Finance (DeFi) Oracles
J1856,Apriori Algorithm
J1857,Digital Assets
J1858,Web Wallets
J1859,Blockchain Interoperability
J1860,State Channels
J1861,Vendor Management
J1862,Hardware Wallets
J1863,Standardization
J1864,Image Processing
J1865,Random Forest
J1866,Individual Conditional Expectation (ICE) Plots
J1867,MVC Architecture
J1868,Layer 1 Scaling Solutions
J1869,Backend Development
J1870,Load Balancing
J1871,FP-Growth Algorithm
J1872,Geocoding
J1873,Git
J1874,Healthcare Data Visualization
J1875,Metaverse NFTs
J1876,Deep Learning
J1877,Machine Translation
J1878,Sports Teams
J1879,Graph Clustering
J1880,Simulation
J1881,Cluster Analysis
J1882,Maximum Bipartite Matching
J1883,Product Owner
J1884,Beta Distribution
J1885,Microsoft SQL Server
J1886,Blockchain Platforms
J1887,Ensemble Learning
J1888,Capsule Networks
J1889,Connected Cars
J1890,Business Intelligence (BI)
J1891,Attention Mechanism
J1892,Estimation of Distribution Algorithms (EDA)
J1893,Sentiment Analysis
J1894,Graph Querying
J1895,Global Positioning System (GPS)
J1896,Troubleshooting
J1897,Web Wallets
J1898,Energy Management
J1899,Kanban
J1900,Actor-Critic Methods
J1901,Multi-Signature Wallet
J1902,Identity Management
J1903,Proof of Space (PoSpace)
J1904,Minimum Spanning Tree
J1905,Semi-Supervised Learning
J1906,Hyper-V
J1907,Geocoding
J1908,Optimization
J1909,Graph Convolutional Networks (GCNs)
J1910,Policy Gradient Methods
J1911,Stratified Cross-Validation
J1912,LIME
J1913,Transformer
J1914,Stacking
J1915,Graph Neural Networks (GNNs)
J1916,Collectibles NFTs
J1917,Decentralized Finance (DeFi)
J1918,Film Rights
J1919,Document Classification
J1920,Dimensionality Reduction
J1921,Bioinformatics
J1922,Manufacturing Execution Systems (MES)
J1923,Bagging
J1924,Proteomics
J1925,Affinity Propagation
J1926,Time-Series Cross-Validation
J1927,Fuzzy Clustering
J1928,Qualitative Research
J1929,Film Rights
J1930,Statistical Analysis
J1931,SQL Injection
J1932,Image Enhancement
J1933,IoT Devices
J1934,Word Embeddings
J1935,Vendor Management
J1936,Trezor Wallet
J1937,GDPR
J1938,TCP/IP
J1939,XML
J1940,Ethereum Virtual Machine (EVM)
J1941,Continuous Learning
J1942,Particle Swarm Optimization (PSO)
J1943,Network Administration
J1944,Natural Language Processing (NLP)
J1945,Ethereum 2.0
J1946,Liquidity Pools
J1947,iOS
J1948,Time-Series Cross-Validation
J1949,Personalized Medicine
J1950,Graph Embedding
J1951,Patch Management
J1952,Neuroevolution
J1953,Naive Bayes
J1954,Yield Optimizers
J1955,ERC-1155
J1956,Hyper-V
J1957,Simulation
J1958,Man-in-the-Middle (MitM) Attack
J1959,Decentralized Exchanges (DEXs)
J1960,Knowledge Representation
J1961,Actor-Critic Methods
J1962,Distributed Applications (DApps)
J1963,Artificial Intelligence (AI)
J1964,Icon Design
J1965,Event Oracles
J1966,Knowledge Representation
J1967,Graph Embedding
J1968,Personalized Medicine
J1969,Corda
J1970,Natural Language Processing (NLP)
J1971,Quantization
J1972,Genetic Algorithms
J1973,Decentralized Insurance (DeFi)
J1974,Cross-Site Scripting (XSS)
J1975,Neuroevolution
J1976,Healthcare Data Mining
J1977,Persona Creation
J1978,Computer Vision
J1979,Cryptocurrency Exchanges
J1980,Prescriptive Analytics
J1981,Data Cleaning
J1982,Layer 1 Scaling Solutions
J1983,Recurrent Neural Networks (RNN)
J1984,Smart Contracts
J1985,Ethereum
J1986,Route Optimization
J1987,Decentralized Stablecoins
J1988,Unix
J1989,Six Sigma
J1990,Graph Querying
J1991,Data Transformation
J1992,Derivatives Protocols
J1993,Segmentation
J1994,Google Cloud Platform (GCP)
J1995,Business Continuity Planning (BCP)
J1996,Human Resource Management (HRM)
J1997,Test-Driven Development (TDD)
J1998,Incident Management
J1999,Utility Tokens
