Job ID,Skills
J1000,Feature Engineering
J1001,Deep Learning
J1002,Sports Teams
J1003,Human Resource Management (HRM)
J1004,Decision-Making
J1005,Feature Engineering
J1006,Proof of Activity (PoA)
J1007,Asset Tracking
J1008,Illustration
J1009,Radiology Information System (RIS)
J1010,Plotly
J1011,Non-Fungible Tokens (NFTs)
J1012,SPARQL
J1013,Handwriting Recognition
J1014,Use Case
J1015,Question Answering Systems
J1016,Principal Component Analysis (PCA)
J1017,Security Compliance
J1018,Bootstrap Aggregating
J1019,
J1020,
J1021,Sports NFTs
J1022,Celebrities
J1023,Network Security
J1024,Geographic Data Visualization
J1025,AWS
J1026,Scrum Master
J1027,Pandas
J1028,Hash Encoding
J1029,Oracle Database
J1030,Utility Tokens
J1031,Model Interpretability
J1032,
J1033,Database Design
J1034,Text Preprocessing
J1035,Fuzzy Clustering
J1036,Risk Analysis
J1037,Graph Attention Networks (GATs)
J1038,Hyperparameter Optimization
J1039,Stacking
J1040,Chatbots
J1041,Model Deployment
J1042,Lending Platforms
J1043,Object Detection
J1044,
J1045,Machine Translation
J1046,Nursing Informatics
J1047,
J1048,Ethical Hacking
J1049,PRINCE2
J1050,Image Classification
J1051,Transportation Management
J1052,Generative Adversarial Networks (GANs)
J1053,
J1054,Feature Selection
J1055,Temporal Difference Learning
J1056,
J1057,
J1058,Bioinformatics
J1059,Data Visualization
J1060,Ridge Regression
J1061,Document Similarity
J1062,PageRank
J1063,Healthcare Business Intelligence (BI)
J1064,GDPR
J1065,Asset-Backed Tokens
J1066,Recurrent Neural Networks (RNN)
J1067,Mean Shift
J1068,One-Hot Encoding
J1069,Regression Analysis
J1070,
J1071,iOS
J1072,Feature Scaling
J1073,Lending Platforms
J1074,
J1075,
J1076,Blockchain Scalability
J1077,Asset Tracking
J1078,One-Hot Encoding
J1079,Real Estate
J1080,User Documentation
J1081,Technical Writing
J1082,SQL
J1083,
J1084,UI/UX Design
J1085,Procurement
J1086,Ripple
J1087,Chaincode
J1088,Tron Virtual Machine (TVM)
J1089,Healthcare Technology
J1090,
J1091,Chatbots
J1092,DeFi Protocols
J1093,Matrix Manipulation
J1094,
J1095,Utility Tokens
J1096,Blockchain
J1097,Graph Database
J1098,Picture Archiving and Communication System (PACS)
J1099,Identity Management
J1100,Ensemble Learning
J1101,Hyperledger Fabric
J1102,Reinforcement Learning
J1103,Single Sign-On (SSO)
J1104,Decentralized Oracles
J1105,Supply Chain Collaboration
J1106,
J1107,Genetic Algorithms
J1108,
J1109,Generative Adversarial Networks (GAN)
J1110,Backend Development
J1111,Flask
J1112,Yield Optimizers
J1113,Statistical Analysis
J1114,
J1115,
J1116,Closed Source Wallets
J1117,Natural Language Processing (NLP)
J1118,Markov Chains
J1119,Reporting and Dashboards
J1120,Explainable AI (XAI)
J1121,Web Application Security
J1122,Grid Search
J1123,Utility Tokens
J1124,Covariance Matrix Adaptation Evolution Strategy (CMA-ES)
J1125,
J1126,Decentralized Identity (DID)
J1127,EOSIO
J1128,Hibernate
J1129,K-Means Clustering
J1130,Agricultural IoT
J1131,
J1132,Genomics
J1133,Product Owner
J1134,Deep Learning
J1135,
J1136,Ethical Hacking
J1137,Entity Linking
J1138,Corda
J1139,Transportation Management
J1140,Liquidity Incentives
J1141,Procurement
J1142,Vue.js
J1143,
J1144,Asset-Backed Tokens
J1145,Lean Methodology
J1146,Elasticsearch
J1147,
J1148,Data Interpretation
J1149,Predictive Analytics
J1150,Descriptive Statistics
J1151,Self-Sovereign Identity (SSI)
J1152,Feature Engineering
J1153,Chatbots
J1154,Linear Regression
J1155,Entity Linking
J1156,Naive Bayes
J1157,
J1158,Healthcare Business Intelligence (BI)
J1159,CSS
J1160,Bayesian Optimization
J1161,
J1162,Causal Inference
J1163,Computer Vision
J1164,Graph Algorithms
J1165,Text Classification
J1166,Probability Theory
J1167,Principal Component Analysis (PCA)
J1168,Serverless Architecture
J1169,Dialogue Systems
J1170,
J1171,Fractional Ownership Tokens
J1172,Descriptive Analytics
J1173,Hibernate
J1174,L1 Regularization
J1175,Ruby on Rails
J1176,Katz Centrality
J1177,Attention Mechanism
J1178,Knowledge Distillation
J1179,t-Distributed Stochastic Neighbor Embedding (t-SNE)
J1180,Blockchain Oracles
J1181,Wearable Devices
J1182,Prescriptive Modeling
J1183,Heroku
J1184,Electronic Health Records (EHR)
J1185,ASP.NET MVC
J1186,PostgreSQL
J1187,Healthcare Information Systems (HIS)
J1188,Healthcare Robotics
J1189,Descriptive Statistics
J1190,AdaBoost
J1191,Tezos
J1192,Budget Management
J1193,Healthcare Data Analytics
J1194,Normalization
J1195,Requirements Gathering
J1196,Wireless Security
J1197,Optimization Algorithms
J1198,Question Answering Systems
J1199,
J1200,Quantitative Research
J1201,Qualitative Analysis
J1202,Logistics Management
J1203,Ethereum
J1204,Cross-Chain Asset Transfers
J1205,Sports NFTs
J1206,Cryptocurrency Exchanges
J1207,Data Engineering
J1208,Node Classification
J1209,Virtual Goods
J1210,Dimensionality Reduction
J1211,Prim's Algorithm
J1212,Object-Oriented Programming (OOP)
J1213,Programmable Logic Controllers (PLCs)
J1214,Proof of Burn (PoB)
J1215,Cross-Validation
J1216,
J1217,Neural Machine Translation (NMT)
J1218,Token Locking
J1219,Self-Motivation
J1220,Rule-Based Models
J1221,Sequential Pattern Mining
J1222,Automatic Speech Recognition (ASR)
J1223,Scheduling
J1224,Uniform Distribution
J1225,
J1226,Multi-Task Learning
J1227,Domain Adaptation
J1228,Feature Engineering
J1229,
J1230,Distributed Control Systems (DCS)
J1231,
J1232,Dialogue Systems
J1233,
J1234,Evolution Strategies
J1235,Layer 2 Scaling Solutions
J1236,Vendor Management
J1237,Distribution Management
J1238,
J1239,Supply Chain Optimization
J1240,Real Estate NFTs
J1241,CSS
J1242,Web3 Wallets
J1243,Spring
J1244,Statistical Analysis
J1245,Autoencoders
J1246,Decision Trees
J1247,
J1248,Heuristic Evaluation
J1249,
J1250,
J1251,
J1252,Equity Tokens
J1253,Procurement
J1254,DDoS Attack
J1255,Gradient Descent
J1256,Convolutional Neural Networks (CNN)
J1257,Environmental Monitoring Systems (EMS)
J1258,Machine Learning Algorithms
J1259,Scrum
J1260,CatBoost
J1261,Domain Adaptation
J1262,Energy Automation
J1263,Order Management
J1264,CSS
J1265,Graph Visualization
J1266,Time Series Analysis
J1267,Graph Compression
J1268,IoT Security
J1269,Crypto Wallets
J1270,Blockchain
J1271,React.js
J1272,Wallet APIs
J1273,Neural Networks
J1274,Collectibles NFTs
J1275,Paper Wallets
J1276,Speech-to-Text (STT)
J1277,Community Detection
J1278,Matplotlib
J1279,Mobile Development
J1280,
J1281,Citrix
J1282,Derivatives Protocols
J1283,
J1284,Domain Adaptation
J1285,JSON Web Tokens
J1286,Electronic Medical Records (EMR)
J1287,Cryptocurrency Exchanges
J1288,Key Performance Indicators (KPIs)
J1289,Distributed Ledger Technology (DLT)
J1290,Security Incident Response
J1291,Web Application Security
J1292,Tokenomics
J1293,Scrum
J1294,Document Classification
J1295,t-Distributed Stochastic Neighbor Embedding (t-SNE)
J1296,Inventory Optimization
J1297,Actor-Critic Methods
J1298,Hypothesis Testing
J1299,Electronic Medical Records (EMR)
J1300,Sequence-to-Sequence (Seq2Seq)
J1301,
J1302,Token Migration
J1303,Web3 Wallets
J1304,Open Source Wallets
J1305,XLNet
J1306,Wallet APIs
J1307,Question Answering
J1308,Real-Time Monitoring
J1309,DNS
J1310,Infrastructure as Code (IaC)
J1311,Bitcoin Wallets
J1312,
J1313,Decentralized Finance (DeFi) Wallets
J1314,Regression
J1315,Non-Custodial Wallets
J1316,Communication Skills
J1317,Particle Swarm Optimization (PSO)
J1318,Expert Review
J1319,Tron
J1320,Eigenvector Centrality
J1321,
J1322,Meta-Learning
J1323,On-Chain Governance
J1324,Persona Creation
J1325,BERT
J1326,Supply Chain Collaboration
J1327,
J1328,
J1329,Personal Health Records (PHR)
J1330,Knowledge Distillation
J1331,Generative Adversarial Networks (GANs)
J1332,Object Recognition
J1333,Artificial Intelligence (AI)
J1334,Computer Vision
J1335,Warehouse Management
J1336,Network Effects
J1337,Django
J1338,Scrum
J1339,Regularization
J1340,Proof of Space (PoSpace)
J1341,MVC Architecture
J1342,Vue.js
J1343,
J1344,Supervised Learning
J1345,User Research
J1346,Adobe XD
J1347,Sentiment Analysis
J1348,Problem Management
J1349,
J1350,Node Classification
J1351,Question Answering Systems
J1352,Statistical Inference
J1353,Natural Language Processing (NLP)
J1354,Utility Tokens
J1355,Route Optimization
J1356,Decentralized Finance (DeFi)
J1357,Remote Monitoring
J1358,Long Short-Term Memory (LSTM)
J1359,Maximum Flow
J1360,Blockchain Governance
J1361,Derivatives Platforms
J1362,Katz Centrality
J1363,Stratified Cross-Validation
J1364,C#
J1365,Multi-Task Learning
J1366,Citrix
J1367,
J1368,Governance Tokens
J1369,Blockchain Technology
J1370,Telemedicine
J1371,
J1372,Mobile Development
J1373,NFT Wallets
J1374,Radiology Information System (RIS)
J1375,Git
J1376,Virtualization
J1377,Vendor Management
J1378,Polkadot
J1379,Monte Carlo Tree Search (MCTS)
J1380,
J1381,ERC-20
J1382,Figma
J1383,
J1384,Negotiation Skills
J1385,
J1386,Decentralized Finance (DeFi) Oracles
J1387,XML
J1388,Utility Tokens
J1389,Wallet SDKs
J1390,Individual Conditional Expectation (ICE) Plots
J1391,Token Wallets
J1392,Language Generation
J1393,Model Generalization
J1394,Model Generalization
J1395,Production Planning
J1396,Zero-Shot Learning
J1397,Waterfall Methodology
J1398,Technical Writing
J1399,TensorFlow
J1400,Rule-Based Models
J1401,Identity Verification
J1402,Data Imputation
J1403,Graph Representation Learning
J1404,Zero-Shot Learning
J1405,EOSIO
J1406,Vendor Management
J1407,
J1408,
J1409,Support Vector Machines (SVM)
J1410,DeFi Protocols
J1411,LSTM
J1412,MacOS
J1413,Process Automation
J1414,Transcriptomics
J1415,Software Development
J1416,Bagging
J1417,Robotic Process Automation (RPA)
J1418,Geographic Data Visualization
J1419,Figma
J1420,Smart Contracts
J1421,
J1422,
J1423,Digital Collectibles
J1424,Chi-Square Test
J1425,DNS
J1426,Cluster Analysis
J1427,Knowledge Graph Embedding
J1428,Speech Synthesis
J1429,
J1430,
J1431,Manufacturing Execution Systems (MES)
J1432,Image Classification
J1433,Question Answering Systems
J1434,Text Summarization
J1435,Emotional Intelligence
J1436,LAN/WAN
J1437,IoT Solutions
J1438,Hyperparameter Optimization
J1439,Pandas
J1440,Positive Transfer
J1441,Remote Support
J1442,Graph Analytics
J1443,Natural Language Processing (NLP)
J1444,Graph Querying
J1445,Speech Recognition
J1446,Healthcare IoT
J1447,Minimum Spanning Tree
J1448,Logistic Regression
J1449,Qualitative Research
J1450,Blockchain Oracles
J1451,Model Distillation
J1452,React.js
J1453,Sidechains
J1454,Survival Analysis
J1455,Entity Linking
J1456,DHCP
J1457,Self-Motivation
J1458,Graph Sampling
J1459,UI/UX Design
J1460,Convolutional Neural Networks (CNN)
J1461,Least Squares
J1462,
J1463,PMI
J1464,Descriptive Analytics
J1465,CSS
J1466,VeChain
J1467,Kanban
J1468,MT5
J1469,Smart Cities
J1470,
J1471,FastText
J1472,ANOVA
J1473,Nursing Informatics
J1474,Derivatives Protocols
J1475,Breadth-First Search (BFS)
J1476,NoSQL
J1477,Root Cause Analysis (RCA)
J1478,Kruskal's Algorithm
J1479,Tokenization
J1480,
J1481,
J1482,Public Keys
J1483,Ensemble Learning
J1484,Tokenization
J1485,Single Sign-On (SSO)
J1486,
J1487,Warehouse Management
J1488,Payment Channels
J1489,OWASP Top 10
J1490,Batch Normalization
J1491,Scheduling
J1492,K-Nearest Neighbors (KNN)
J1493,Natural Language Processing (NLP)
J1494,Maximum Flow
J1495,Wallet Security
J1496,Independent Component Analysis (ICA)
J1497,Health Information Management (HIM)
J1498,Community Tokens
J1499,Transfer Learning
J1500,Serverless Architecture
J1501,Non-Fungible Tokens (NFTs)
J1502,
J1503,Supply Chain Optimization
J1504,
J1505,Geospatial Analysis
J1506,
J1507,
J1508,Prescriptive Modeling
J1509,Semi-Supervised Learning
J1510,Text Preprocessing
J1511,NumPy
J1512,Data Mining
J1513,Healthcare Business Intelligence (BI)
J1514,iOS
J1515,Document Classification
J1516,Patient Monitoring Systems
J1517,Customer Service
J1518,
J1519,Utility Tokens
J1520,Public Key Infrastructure (PKI)
J1521,Hypothesis Testing
J1522,Geographic Data Visualization
J1523,Ant Colony Optimization (ACO)
J1524,
J1525,Fuzzy Clustering
J1526,Deep Learning
J1527,Asset Tracking
J1528,Clinical Trials
J1529,Tableau
J1530,Statistical Analysis
J1531,Smart Homes
J1532,Vulnerability Assessment
J1533,ERC-1155
J1534,Decentralized Autonomous Organizations (DAOs)
J1535,Natural Language Understanding (NLU)
J1536,Model Distillation
J1537,Redis
J1538,ERC-721
J1539,Microservices Architecture
J1540,Token Buyback
J1541,Chaincode
J1542,Flash Loans
J1543,ERC-721
J1544,
J1545,
J1546,Image Generation
J1547,Text Classification
J1548,Lending Protocols
J1549,Cryptography
J1550,Descriptive Statistics
J1551,Regression
J1552,Cosmos
J1553,
J1554,ETL (Extract
J1555,Shortest Path Algorithms
J1556,Deep Q-Networks (DQN)
J1557,Apache Kafka
J1558,Token Buyback
J1559,Ordinal Encoding
J1560,Data Augmentation
J1561,Test-Driven Development (TDD)
J1562,Virtualization
J1563,Lemmatization
J1564,Wireframe Tools
J1565,Radiology Information System (RIS)
J1566,Few-Shot Learning
J1567,Polkadot
J1568,
J1569,LightGBM
J1570,Redis
J1571,
J1572,Model Compression
J1573,Feature Engineering
J1574,Design Patterns
J1575,Asset Management
J1576,Label Encoding
J1577,Assistive Robotics
J1578,Fuzzy Clustering
J1579,HIPAA
J1580,Data Analysis
J1581,Digital Assets
J1582,Customer Service
J1583,Real-Time Monitoring
J1584,HTML
J1585,Web Wallets
J1586,DBSCAN
J1587,Data Augmentation
J1588,Remote Support
J1589,Scheduling
J1590,Visual Design
J1591,
J1592,Token Locking
J1593,Supply Chain Optimization
J1594,
J1595,Flask
J1596,DHCP
J1597,Non-Fungible Tokens (NFTs)
J1598,Feature Importance
J1599,HTML
J1600,XLNet
J1601,Logistics Management
J1602,Doc2Vec
J1603,Incident Management
J1604,Healthcare Information Systems (HIS)
J1605,Maximum Flow
J1606,Dialogue Systems
J1607,Inverse Reinforcement Learning
J1608,Hyperledger
J1609,Predictive Modeling
J1610,OAuth2.0
J1611,Liquidity Pools
J1612,Token Burn
J1613,Feature Engineering
J1614,Random Forest
J1615,Scikit-learn
J1616,SMTP
J1617,Data Validation
J1618,Building Automation
J1619,Supply Chain Optimization
J1620,Split Testing
J1621,Analytical Skills
J1622,Python
J1623,Ethereum
J1624,
J1625,Stemming
J1626,Conversational Agents
J1627,Layer 2 Scaling Solutions
J1628,Topic Modeling
J1629,
J1630,Expert Review
J1631,PCI DSS
J1632,Dialogue Systems
J1633,Descriptive Analytics
J1634,MetaMask
J1635,Quantization
J1636,Metaverse NFTs
J1637,Text Generation
J1638,Generative Adversarial Networks (GAN)
J1639,ANOVA
J1640,IPSec
J1641,
J1642,Waterfall Methodology
J1643,Classification
J1644,Asset-Backed Tokens
J1645,
J1646,Man-in-the-Middle (MitM) Attack
J1647,Decentralized Exchanges (DEXs)
J1648,Teamwork
J1649,Decentralized Applications (DApps)
J1650,Regression Analysis
J1651,Time Management
J1652,Document Classification
J1653,Transfer Learning
J1654,Remote Monitoring
J1655,Graph Partitioning
J1656,Warehouse Management
J1657,Electronic Medical Records (EMR)
J1658,Cryptocurrency
J1659,Decentralized Autonomous Organizations (DAOs)
J1660,Clinical Decision Support Systems (CDSS)
J1661,Problem Management
J1662,Lending Protocols
J1663,OPTICS
J1664,VPN
J1665,One-Shot Learning
J1666,Neural Networks
J1667,Remote Support
J1668,Inferential Statistics
J1669,VirtualBox
J1670,Algorithmic Stablecoins
J1671,Correlation Analysis
J1672,Object Recognition
J1673,Custodial Wallets
J1674,Quantitative Research
J1675,Community Tokens
J1676,LSTM
J1677,
J1678,Medical Coding
J1679,Security Tokens
J1680,Analytical Skills
J1681,Hypothesis Testing
J1682,Identity and Access Management (IAM)
J1683,
J1684,Healthcare Informatics
J1685,Governance Incentives
J1686,Reinforcement Learning
J1687,
J1688,Global Positioning System (GPS)
J1689,Decentralized Oracles
J1690,Random Forest
J1691,
J1692,Typography
J1693,Supply Chain Visibility
J1694,T5
J1695,Business Continuity Planning (BCP)
J1696,
J1697,Quantitative Analysis
J1698,
J1699,Decentralized Finance (DeFi)
J1700,API Documentation
J1701,Decentralized Finance (DeFi) Oracles
J1702,Pareto Distribution
J1703,Prescriptive Analytics
J1704,Survival Analysis
J1705,
J1706,Domain Adaptation
J1707,Particle Swarm Optimization (PSO)
J1708,Proof of Weight (PoWeight)
J1709,Client/Server Architecture
J1710,Boosting
J1711,Client/Server Architecture
J1712,Flask
J1713,
J1714,Lending Protocols
J1715,Security Tokens
J1716,Agricultural IoT
J1717,AngularJS
J1718,Graph Compression
J1719,Proteomics
J1720,Neural Networks
J1721,
J1722,Predictive Modeling
J1723,IoT Devices
J1724,Data Structures
J1725,Lending Platforms
J1726,Feature Engineering
J1727,Early Stopping
J1728,Logistic Regression
J1729,Decentralized Finance (DeFi) Wallets
J1730,Celebrities
J1731,Yield Farming Aggregators
J1732,Personalized Medicine
J1733,User Stories
J1734,Lean Methodology
J1735,Desktop Wallets
J1736,Actor-Critic Methods
J1737,Yield Optimizers
J1738,Atomic Swaps
J1739,UI/UX Design
J1740,Sports NFTs
J1741,Bias-Variance Tradeoff
J1742,Axure RP
J1743,Speech Recognition
J1744,Web3
J1745,Earned Value Management (EVM)
J1746,Remote Support
J1747,
J1748,Ant Colony Optimization (ACO)
J1749,Personalized Medicine
J1750,Borrowing Platforms
J1751,Event Oracles
J1752,Prediction Markets
J1753,Floyd-Warshall Algorithm
J1754,Graph Sampling
J1755,Katz Centrality
J1756,Decentralized Finance (DeFi)
J1757,Embedding
J1758,Edge Embedding
J1759,Decentralized Oracles
J1760,Currency Tokens
J1761,Derivatives Protocols
J1762,
J1763,Supply Chain Collaboration
J1764,Sharding
J1765,
J1766,Interaction Design
J1767,Web3.0
J1768,Picture Archiving and Communication System (PACS)
J1769,Equity Tokens
J1770,Human Resource Management (HRM)
J1771,Model Monitoring
J1772,Depth-First Search (DFS)
J1773,Product Owner
J1774,Initial Exchange Offerings (IEOs)
J1775,Layer 1 Scaling Solutions
J1776,Network Monitoring
J1777,Problem Management
J1778,Deep Learning
J1779,Vulnerability Assessment
J1780,Sentiment Analysis
J1781,Trust Wallet
J1782,
J1783,Geographic Data Analysis
J1784,Smart Contracts
J1785,Proof of Authority (PoA)
J1786,Numerical Methods
J1787,Term Frequency-Inverse Document Frequency (TF-IDF)
J1788,Sentiment Analysis
J1789,Polkadot
J1790,Backup and Restore
J1791,Closed Source Wallets
J1792,Digital Wallets
J1793,Voting
J1794,Token Swap
J1795,Layer 1 Scaling Solutions
J1796,
J1797,K-Nearest Neighbors (KNN)
J1798,Transfer Learning
J1799,Session Hijacking
J1800,Normalization
J1801,Web Security
J1802,Feature Engineering
J1803,Community Detection
J1804,Functional Programming
J1805,Actor-Critic Methods
J1806,Principal Component Analysis (PCA)
J1807,Regression Analysis
J1808,Interviewing
J1809,Token Distribution
J1810,
J1811,Solidity
J1812,User Interface Design
J1813,
J1814,Remote Usability Testing
J1815,Factor Analysis
J1816,Python
J1817,Inferential Statistics
J1818,
J1819,Support Vector Machines (SVM)
J1820,Full Stack Development
J1821,Film Rights
J1822,Smart Contract Audits
J1823,
J1824,User Documentation
J1825,Heroku
J1826,Fine-Tuning
J1827,Statistical Analysis
J1828,Capacity Management
J1829,Python
J1830,
J1831,Graph Isomorphism
J1832,
J1833,Spring
J1834,Time Series Analysis
J1835,Creativity
J1836,Threat Intelligence
J1837,Digital Identity
J1838,Tokenized Securities
J1839,Power BI
J1840,Generative Adversarial Networks (GANs)
J1841,
J1842,Proof of Capacity (PoC)
J1843,Health Information Management (HIM)
J1844,MyEtherWallet (MEW)
J1845,Artificial Intelligence (AI)
J1846,Data Modeling
J1847,IoT Sensors
J1848,Distributed Control Systems (DCS)
J1849,Axure RP
J1850,
J1851,Graph Traversal Algorithms
J1852,Supply Chain Optimization
J1853,PMBOK
J1854,Transcriptomics
J1855,
J1856,Business Intelligence (BI)
J1857,Exploratory Data Analysis (EDA)
J1858,MapReduce
J1859,Proof of Reputation (PoR)
J1860,Software Architecture
J1861,
J1862,Cross-Site Scripting (XSS)
J1863,Blockchain Technology
J1864,Document Indexing
J1865,Geographic Data Visualization
J1866,Deep Learning
J1867,Technical Writing
J1868,
J1869,Open Source Wallets
J1870,Independent Component Analysis (ICA)
J1871,Ethereum
J1872,Speech-to-Text (STT)
J1873,Oracle Database
J1874,Data Analysis
J1875,Random Forest
J1876,Degree Centrality
J1877,Neural Networks
J1878,Custodial Wallets
J1879,K-Means Clustering
J1880,Metaverse NFTs
J1881,Speech Recognition
J1882,Sales and Marketing Systems
J1883,
J1884,VeChain
J1885,Bayesian Optimization
J1886,Citrix
J1887,Assistive Robotics
J1888,Ripple
J1889,
J1890,Generative Adversarial Networks (GANs)
J1891,Digital Art
J1892,Analytical Skills
J1893,Data Normalization
J1894,
J1895,MongoDB
J1896,Hub and Authority Scores
J1897,Backend Development
J1898,Penetration Testing
J1899,Sentiment Analysis
J1900,Oracle Cloud
J1901,Meta-Learning
J1902,MyEtherWallet (MEW)
J1903,NumPy
J1904,Multivariate Analysis
J1905,Web3.0
J1906,PageRank
J1907,Uniform Manifold Approximation and Projection (UMAP)
J1908,Graphic Design
J1909,Public Health Informatics
J1910,Sidechains
J1911,Eigenvector Centrality
J1912,
J1913,Compliance Management
J1914,PostgreSQL
J1915,Data Analysis
J1916,Payment Channels
J1917,ASP.NET MVC
J1918,ASP.NET MVC
J1919,Text Generation
J1920,Threat Intelligence
J1921,
J1922,Self-Management
J1923,Software Architecture
J1924,Distributed Ledger Technology (DLT)
J1925,Graph Clustering
J1926,SOAP Web Services
J1927,Real Estate
J1928,Question Answering Systems
J1929,IBM Cloud
J1930,Web Development
J1931,Decentralized Finance (DeFi)
J1932,
J1933,Cybersecurity
J1934,Transportation Management
J1935,Healthcare Data Visualization
J1936,Capacity Management
J1937,Matplotlib
J1938,
J1939,
J1940,Decentralized Autonomous Organizations (DAOs)
J1941,Docker
J1942,Digital Identity
J1943,Social Engineering
J1944,
J1945,RESTful Web Services
J1946,
J1947,Infrastructure as Code (IaC)
J1948,Linear Models
J1949,Security Information and Event Management (SIEM)
J1950,Dijkstra's Algorithm
J1951,Decision-Making
J1952,Interaction Design
J1953,Energy Automation
J1954,
J1955,JSON
J1956,
J1957,Supervised Learning
J1958,Yield Farming Aggregators
J1959,Database Administration
J1960,IT Service Management (ITSM)
J1961,Coinbase Wallet
J1962,Hypothesis Testing
J1963,Tron Virtual Machine (TVM)
J1964,Long Short-Term Memory (LSTM)
J1965,
J1966,Experimental Design
J1967,Beta Distribution
J1968,
J1969,PHP
J1970,
J1971,
J1972,Computer Vision
J1973,TCP/IP
J1974,Real-Time Monitoring
J1975,Security Tokens
J1976,Social Engineering
J1977,Technical Support
J1978,Machine Learning Algorithms
J1979,Smart Grid
J1980,Matplotlib
J1981,Language Generation
J1982,
J1983,
J1984,
J1985,
J1986,
J1987,Data Visualization
J1988,
J1989,Deep Learning
J1990,IoT Security
J1991,Entity Resolution
J1992,Exploratory Data Analysis (EDA)
J1993,Accessibility
J1994,
J1995,Scrum Master
J1996,Data Visualization
J1997,Full Stack Development
J1998,Pandas
J1999,Distribution Management
