Candidate ID,Skills
C1000,JWT
C1001,
C1002,Interpretable Models
C1003,
C1004,
C1005,Reinforcement Learning
C1006,MySQL
C1007,Cluster Analysis
C1008,
C1009,Gradient Boosting
C1010,Release Management
C1011,
C1012,Language Generation
C1013,Clinical Decision Support Systems (CDSS)
C1014,
C1015,Decentralized Exchanges (DEXs)
C1016,Seed Phrases
C1017,
C1018,Energy Management Systems (EMS)
C1019,
C1020,
C1021,Non-Fungible Tokens (NFTs)
C1022,Decentralized Autonomous Organizations (DAOs)
C1023,MacOS
C1024,Healthcare Data Visualization
C1025,Binance Smart Chain (BSC)
C1026,
C1027,Earned Value Management (EVM)
C1028,Deep Reinforcement Learning
C1029,Governance Incentives
C1030,Adversarial Training
C1031,Microsoft Access
C1032,API Documentation
C1033,Proof of Work (PoW)
C1034,Vector Calculus
C1035,
C1036,State Channels
C1037,Wireframing
C1038,
C1039,User Interface Design
C1040,Medical Coding
C1041,Big Data Analytics
C1042,
C1043,
C1044,Cloud Computing
C1045,Pharmaceutical Data Analysis
C1046,
C1047,Economic Incentives
C1048,Django
C1049,
C1050,Geographic Data Visualization
C1051,
C1052,Lasso Regression
C1053,
C1054,Clinical Decision Support Systems (CDSS)
C1055,
C1056,Decision Analysis
C1057,Smart Contract Platforms
C1058,
C1059,Bag of Words (BoW)
C1060,Tokenomics
C1061,Gradient Descent
C1062,Java
C1063,
C1064,Ledger Wallet
C1065,XML
C1066,Principal Component Analysis (PCA)
C1067,Liquidity Mining
C1068,
C1069,
C1070,
C1071,k-Nearest Neighbors (k-NN)
C1072,
C1073,
C1074,EOS
C1075,PageRank
C1076,Wallet SDKs
C1077,Vulnerability Assessment
C1078,
C1079,
C1080,Model Deployment
C1081,
C1082,OAuth
C1083,Seaborn
C1084,Multi-Currency Wallets
C1085,Wireframe Tools
C1086,
C1087,
C1088,Liquidity Mining
C1089,VirtualBox
C1090,Artificial Intelligence (AI)
C1091,
C1092,
C1093,
C1094,Smart Contract Development
C1095,Java
C1096,
C1097,
C1098,
C1099,Supply Chain Collaboration
C1100,Token Sale
C1101,Supervised Learning
C1102,Dialogue Systems
C1103,
C1104,
C1105,
C1106,Decentralized Finance (DeFi)
C1107,
C1108,
C1109,Descriptive Analytics
C1110,
C1111,Qualitative Research
C1112,Seaborn
C1113,Monte Carlo Tree Search (MCTS)
C1114,Cross-Chain Communication
C1115,Gated Recurrent Unit (GRU)
C1116,Feature Selection
C1117,ASP.NET
C1118,Manufacturing Execution Systems (MES)
C1119,Object Recognition
C1120,
C1121,
C1122,Microsoft SQL Server
C1123,Picture Archiving Communication System (PACS)
C1124,
C1125,ERC-721
C1126,Proof of Elapsed Time (PoET)
C1127,
C1128,Long Short-Term Memory (LSTM)
C1129,
C1130,
C1131,Least Squares
C1132,Asynchronous Advantage Actor-Critic (A3C)
C1133,Multi-Armed Bandit
C1134,Data Validation
C1135,Identity and Access Management (IAM)
C1136,Liquidity Pools
C1137,
C1138,
C1139,
C1140,
C1141,
C1142,Utility Tokens
C1143,AWS
C1144,AWS
C1145,Word2Vec
C1146,
C1147,Feature Engineering
C1148,
C1149,Predictive Analytics
C1150,
C1151,
C1152,Windows Server
C1153,
C1154,Genetic Algorithms
C1155,
C1156,
C1157,Microservices
C1158,Supervisory Control and Data Acquisition (SCADA)
C1159,Typography
C1160,Multi-Task Learning
C1161,
C1162,NoSQL
C1163,
C1164,Fractional Ownership Tokens
C1165,
C1166,Utility Tokens
C1167,
C1168,IoT Connectivity
C1169,Industrial Automation
C1170,Supply Chain Optimization
C1171,Streaming Data
C1172,
C1173,Healthcare Data Analytics
C1174,
C1175,Document Clustering
C1176,Predictive Analytics
C1177,Autoencoders
C1178,Logistics IoT
C1179,Katz Centrality
C1180,PRINCE2
C1181,Phishing
C1182,
C1183,
C1184,Partial Dependence Plots
C1185,
C1186,Java
C1187,Flexibility
C1188,
C1189,IoT Platforms
C1190,Entity Resolution
C1191,
C1192,
C1193,
C1194,User Documentation
C1195,
C1196,Risk Analysis
C1197,Tokenomics
C1198,MapReduce
C1199,Quantitative Analysis
C1200,Standardization
C1201,
C1202,
C1203,Routing and Navigation
C1204,Wireframing
C1205,
C1206,
C1207,VPN
C1208,SMTP
C1209,Seaborn
C1210,Estimation of Distribution Algorithms (EDA)
C1211,Network Effects
C1212,
C1213,Token Locking
C1214,Knowledge Representation
C1215,
C1216,Python
C1217,Model Monitoring
C1218,Naive Bayes
C1219,
C1220,Named Entity Recognition (NER)
C1221,Fuzzy Clustering
C1222,
C1223,
C1224,Virtual Goods
C1225,System Administration
C1226,Health Information Exchange (HIE)
C1227,
C1228,JWT
C1229,Distribution Management
C1230,
C1231,
C1232,Supply Chain Optimization
C1233,Biological Data Analysis
C1234,Regenerative Medicine
C1235,Dimensionality Reduction
C1236,Rollups
C1237,Prescriptive Analytics
C1238,
C1239,Graph Traversal Algorithms
C1240,Tokenization
C1241,
C1242,
C1243,Stopword Removal
C1244,Commodity Tokens
C1245,Speech Recognition
C1246,
C1247,
C1248,RESTful APIs
C1249,Digital Collectibles
C1250,Earned Value Management (EVM)
C1251,
C1252,
C1253,Multi-Armed Bandit
C1254,Pharmaceutical Data Analysis
C1255,Bootstrap Aggregating
C1256,User Interface Design
C1257,DNS
C1258,Pandas
C1259,
C1260,
C1261,Open Source Wallets
C1262,Healthcare Data Visualization
C1263,Natural Language Understanding (NLU)
C1264,
C1265,Smart Contracts
C1266,Graph Isomorphism
C1267,Product Owner
C1268,Clinical Trials
C1269,Figma
C1270,Quantitative Research
C1271,Robotic Exoskeletons
C1272,Bioinformatics
C1273,IoT Security
C1274,
C1275,Reinforcement Learning
C1276,Relation Extraction
C1277,
C1278,Cold Wallets
C1279,Materials Management
C1280,Word Embeddings
C1281,Independent Component Analysis (ICA)
C1282,Healthcare Data Visualization
C1283,Qualitative Analysis
C1284,C++
C1285,
C1286,Markov Chains
C1287,Single Sign-On (SSO)
C1288,
C1289,
C1290,
C1291,Early Stopping
C1292,
C1293,
C1294,All Pairs Shortest Path
C1295,Non-Fungible Tokens (NFTs)
C1296,Degree Centrality
C1297,Continuous Integration (CI)
C1298,CatBoost
C1299,Data Cleaning
C1300,Disaster Recovery
C1301,Creativity
C1302,Automatic Speech Recognition (ASR)
C1303,Accounting and Finance Systems
C1304,Information Retrieval
C1305,Equity Tokens
C1306,Cybersecurity
C1307,
C1308,Reinforcement Learning
C1309,Retail IoT
C1310,Deep Q-Networks (DQN)
C1311,Healthcare Informatics
C1312,Split Testing
C1313,Derivatives Platforms
C1314,Nursing Informatics
C1315,Numerical Methods
C1316,Bootstrap Aggregating
C1317,
C1318,Key Performance Indicators (KPIs)
C1319,Asset Tracking
C1320,
C1321,Healthcare Data Analytics
C1322,Network Effects
C1323,Uniform Manifold Approximation and Projection (UMAP)
C1324,Data Warehousing
C1325,
C1326,Topic Modeling
C1327,Bootstrap Aggregating
C1328,Technical Writing
C1329,Capsule Networks
C1330,RESTful Web Services
C1331,Image Generation
C1332,Linear Algebra
C1333,Lemmatization
C1334,
C1335,Real Estate NFTs
C1336,EOS
C1337,Classification
C1338,Energy Automation
C1339,
C1340,
C1341,
C1342,LAN/WAN
C1343,System Administration
C1344,Cold Wallets
C1345,
C1346,Decentralized Oracles
C1347,Report Writing
C1348,Adversarial Training
C1349,
C1350,
C1351,
C1352,Digital Identity
C1353,
C1354,Uniform Manifold Approximation and Projection (UMAP)
C1355,Location-Based Services (LBS)
C1356,Prescriptive Analytics
C1357,Service-Level Agreements (SLAs)
C1358,
C1359,ASP.NET
C1360,PHP
C1361,
C1362,
C1363,Drug Discovery
C1364,Technical Writing
C1365,Part-of-Speech (POS) Tagging
C1366,IoT Connectivity
C1367,Community Tokens
C1368,
C1369,Sentiment Analysis
C1370,Ridge Regression
C1371,Genetic Algorithms
C1372,Intrusion Prevention System (IPS)
C1373,Single Sign-On (SSO)
C1374,Algorand
C1375,
C1376,Procurement
C1377,
C1378,Hyperledger Fabric
C1379,Wallet Security
C1380,Medical Imaging
C1381,Computer Vision
C1382,Support Vector Machines (SVM)
C1383,Cold Wallets
C1384,Virtual Goods
C1385,Positive Transfer
C1386,Support Vector Machines (SVM)
C1387,Health Information System (HIS)
C1388,ITIL
C1389,
C1390,Hyperledger Fabric
C1391,Intrusion Prevention System (IPS)
C1392,Proof of Stake (PoS)
C1393,Probability Distributions
C1394,Link Prediction
C1395,DHCP
C1396,
C1397,Negotiation Skills
C1398,Image Processing
C1399,Uniform Manifold Approximation and Projection (UMAP)
C1400,Music NFTs
C1401,Picture Archiving Communication System (PACS)
C1402,Incident Management
C1403,Moqups
C1404,
C1405,
C1406,
C1407,Hub and Authority Scores
C1408,
C1409,
C1410,
C1411,Visual Design
C1412,Continuous Learning
C1413,Critical Path Method (CPM)
C1414,Citrix
C1415,Waterfall Methodology
C1416,Decision Trees
C1417,Ethereum 2.0
C1418,Graph Sampling
C1419,Sidechains
C1420,
C1421,Tokenization
C1422,Identity Verification
C1423,Decentralized Applications (DApps)
C1424,
C1425,Risk Management
C1426,Survival Analysis
C1427,Interpretable Models
C1428,Algorand
C1429,Token Locking
C1430,
C1431,Node Classification
C1432,
C1433,
C1434,Robotic Process Automation (RPA)
C1435,
C1436,Procurement
C1437,Feature Engineering
C1438,
C1439,Smart Contracts
C1440,Cryptocurrency Exchanges
C1441,Staking Wallets
C1442,Accounting and Finance Systems
C1443,Hypothesis Testing
C1444,
C1445,Ripple
C1446,A/B Testing
C1447,JIRA
C1448,XML
C1449,
C1450,
C1451,Mobile Wallets
C1452,High Availability
C1453,
C1454,
C1455,Part-of-Speech (POS) Tagging
C1456,Ridge Regression
C1457,Surgical Robotics
C1458,
C1459,Cross-Site Scripting (XSS)
C1460,K-Means Clustering
C1461,Text Preprocessing
C1462,
C1463,
C1464,Document Indexing
C1465,Fractional Ownership Tokens
C1466,
C1467,
C1468,Neural Machine Translation (NMT)
C1469,Protocol Tokens
C1470,
C1471,Smart Grid
C1472,Regularization
C1473,
C1474,
C1475,ASP.NET
C1476,User Stories
C1477,
C1478,RESTful Web Services
C1479,Key Performance Indicators (KPIs)
C1480,Autoencoders
C1481,Clinical Research Informatics
C1482,IoT Solutions
C1483,Text Generation
C1484,
C1485,
C1486,
C1487,Antivirus Software
C1488,Report Writing
C1489,Healthcare Information Systems (HIS)
C1490,Hypothesis Testing
C1491,Proof of Time (PoT)
C1492,
C1493,
C1494,Innovation
C1495,Descriptive Statistics
C1496,
C1497,Adobe Creative Cloud
C1498,Autoencoders
C1499,Linear Models
C1500,Feature Engineering
C1501,Freight Management
C1502,
C1503,Economic Incentives
C1504,Multi-Factor Authentication (MFA)
C1505,
C1506,Support Vector Machines (SVM)
C1507,
C1508,
C1509,
C1510,
C1511,Cross-Validation
C1512,Node Embedding
C1513,Sequence-to-Sequence (Seq2Seq)
C1514,C++
C1515,Orthogonalization
C1516,Security Token Offerings (STOs)
C1517,
C1518,Proof of Work (PoW)
C1519,Precision Medicine
C1520,Descriptive Analytics
C1521,Inventory Optimization
C1522,Self-Supervised Learning
C1523,
C1524,
C1525,Supply Chain Analytics
C1526,
C1527,Staking
C1528,
C1529,Product Owner
C1530,Citrix
C1531,Supervised Learning
C1532,
C1533,Troubleshooting
C1534,
C1535,Waterfall Methodology
C1536,PMI
C1537,
C1538,Active Learning
C1539,Tokenized Securities
C1540,
C1541,
C1542,Vector Calculus
C1543,Robotic Exoskeletons
C1544,Tron
C1545,Stratified Cross-Validation
C1546,
C1547,
C1548,
C1549,Supervisory Control and Data Acquisition (SCADA)
C1550,Business Intelligence (BI)
C1551,Personalized Medicine
C1552,Web Application Security
C1553,Electronic Medical Records (EMR)
C1554,AdaBoost
C1555,
C1556,DBSCAN
C1557,Node Embedding
C1558,Creativity
C1559,
C1560,MVC Architecture
C1561,Descriptive Modeling
C1562,Data Modeling
C1563,Medical Informatics
C1564,Generative Adversarial Networks (GANs)
C1565,DNS
C1566,Feature Selection
C1567,
C1568,Object Detection
C1569,Proof of Concept (PoC)
C1570,
C1571,Retail IoT
C1572,Decentralized Identity (DID)
C1573,Cosmos
C1574,Passive Learning
C1575,Geographic Data Visualization
C1576,
C1577,
C1578,Robotic Process Automation (RPA)
C1579,Nursing Informatics
C1580,Warehouse Management
C1581,Overfitting
C1582,Data Warehousing
C1583,Yield Optimizers
C1584,Passive Learning
C1585,Report Writing
C1586,Graph Sampling
C1587,
C1588,ISO 27001
C1589,
C1590,Fractional Ownership Tokens
C1591,Corda
C1592,Ethereum Virtual Machine (EVM)
C1593,ANOVA
C1594,Multi-Armed Bandit
C1595,Decentralized Insurance (DeFi)
C1596,Cryptocurrency
C1597,Icon Design
C1598,Feature Scaling
C1599,
C1600,Graph Attention Networks (GATs)
C1601,Apriori Algorithm
C1602,
C1603,
C1604,Data Imputation
C1605,
C1606,Bag of Words (BoW)
C1607,
C1608,
C1609,Creativity
C1610,Microservices
C1611,
C1612,Tokenization
C1613,Self-Motivation
C1614,Tokenization
C1615,Corda
C1616,Software Development
C1617,Music Rights
C1618,Routing and Logistics
C1619,Identity and Access Management (IAM)
C1620,Digital Identity
C1621,
C1622,Polkadot
C1623,Microsoft SQL Server
C1624,
C1625,Underfitting
C1626,Grid Search
C1627,Solana
C1628,System Administration
C1629,Cluster Analysis
C1630,Material-UI
C1631,
C1632,
C1633,All Pairs Shortest Path
C1634,
C1635,Data Normalization
C1636,Supervisory Control and Data Acquisition (SCADA)
C1637,Node Embedding
C1638,Data Augmentation
C1639,Proof of Trust (PoT)
C1640,Speech Synthesis
C1641,Knowledge Distillation
C1642,
C1643,Customer Service
C1644,
C1645,Remote Sensing
C1646,
C1647,Passive Learning
C1648,Smart Contract Audits
C1649,
C1650,Estimation of Distribution Algorithms (EDA)
C1651,Altcoin Wallets
C1652,Digital Collectibles
C1653,
C1654,Predictive Analytics
C1655,ASP.NET
C1656,Data Mining
C1657,Heroku
C1658,Electronic Medical Records (EMR)
C1659,Six Sigma
C1660,Disaster Recovery
C1661,
C1662,K-Means Clustering
C1663,
C1664,
C1665,ERC-1155
C1666,Ordinal Encoding
C1667,Depth-First Search (DFS)
C1668,Monte Carlo Simulation
C1669,Classification
C1670,Prescriptive Analytics
C1671,
C1672,Trezor Wallet
C1673,Heuristic Evaluation
C1674,Radiology Information System (RIS)
C1675,Remote Support
C1676,Graph Matching
C1677,Supply Chain Optimization
C1678,Lognormal Distribution
C1679,
C1680,
C1681,
C1682,Critical Path Method (CPM)
C1683,Endpoint Security
C1684,Wearable Devices
C1685,Tokenization
C1686,Contract Management
C1687,
C1688,iOS
C1689,Mobile Wallets
C1690,Emotion Recognition
C1691,Social Engineering
C1692,Public Key Infrastructure (PKI)
C1693,Connected Components
C1694,
C1695,
C1696,
C1697,Healthcare IT
C1698,Color Theory
C1699,Ethereum
C1700,Real Estate NFTs
C1701,Link Prediction
C1702,
C1703,Evolution Strategies
C1704,Topic Modeling
C1705,
C1706,GraphQL
C1707,Stratified Cross-Validation
C1708,Smart Contract Security
C1709,GraphQL
C1710,
C1711,Drug Discovery
C1712,
C1713,Digital Identity
C1714,Tokenomics
C1715,Early Stopping
C1716,
C1717,
C1718,Power BI
C1719,
C1720,Intellectual Property
C1721,Adobe Creative Cloud
C1722,Chaincode
C1723,Link Prediction
C1724,Distributed Applications (DApps)
C1725,Blockchain
C1726,Customer Service
C1727,
C1728,
C1729,Intrusion Prevention System (IPS)
C1730,AdaBoost
C1731,Tokenomics
C1732,Vector Calculus
C1733,Document Classification
C1734,
C1735,PRINCE2
C1736,Tokenized Securities
C1737,
C1738,
C1739,Artificial Intelligence (AI)
C1740,Supervised Learning
C1741,Spring
C1742,Document Indexing
C1743,
C1744,Decentralized Exchanges (DEXs)
C1745,Domain Adaptation
C1746,Vector Calculus
C1747,Medical Informatics
C1748,
C1749,Seaborn
C1750,
C1751,Graph Matching
C1752,XML
C1753,
C1754,Resilience
C1755,Continuous Learning
C1756,Adobe Creative Cloud
C1757,Stakeholder Management
C1758,Proof of Activity (PoA)
C1759,Logistic Regression
C1760,
C1761,VPN
C1762,Sharding
C1763,Machine Translation
C1764,Public Keys
C1765,Agricultural IoT
C1766,Warehouse Management
C1767,
C1768,
C1769,Feature Scaling
C1770,
C1771,Dropout Regularization
C1772,Governance Incentives
C1773,Image Classification
C1774,Fuzzy Clustering
C1775,Tron
C1776,Genomics
C1777,Enterprise Resource Planning (ERP)
C1778,Uniform Distribution
C1779,Hyperledger
C1780,
C1781,
C1782,
C1783,Logistics Optimization
C1784,Naive Bayes
C1785,
C1786,Quantitative Analysis
C1787,
C1788,
C1789,Linear Algebra
C1790,Machine Translation
C1791,
C1792,Feature Engineering
C1793,Pharmaceutical Data Analysis
C1794,
C1795,
C1796,Eigenvalues and Eigenvectors
C1797,
C1798,Classification
C1799,Stellar
C1800,Voting
C1801,JavaScript
C1802,
C1803,Wallet SDKs
C1804,Chainlink
C1805,Healthcare Informatics
C1806,Dimensionality Reduction
C1807,Risk Register
C1808,Entity Linking
C1809,IoT Platforms
C1810,Actor-Critic Methods
C1811,XML
C1812,User Stories
C1813,Object Detection
C1814,Geospatial Analysis
C1815,Adobe Creative Cloud
C1816,
C1817,MetaMask
C1818,Handwriting Recognition
C1819,Compliance Management
C1820,
C1821,Entity Resolution
C1822,Windows Server
C1823,Sybil Resistance
C1824,
C1825,
C1826,Wallet APIs
C1827,
C1828,Patch Management
C1829,
C1830,Ruby on Rails
C1831,
C1832,Software Architecture
C1833,Negotiation Skills
C1834,Digital Collectibles
C1835,Blockchain Technology
C1836,Fine-Tuning
C1837,Link Prediction
C1838,
C1839,Cluster Analysis
C1840,Flash Loans
C1841,Nervos
C1842,Identity Management
C1843,
C1844,Predictive Analytics
C1845,Predictive Analytics
C1846,Sentiment Analysis
C1847,HTML
C1848,
C1849,Derivatives Protocols
C1850,Decentralized Autonomous Organizations (DAOs)
C1851,Real Estate NFTs
C1852,Document Clustering
C1853,Non-Fungible Tokens (NFTs)
C1854,
C1855,Trezor Wallet
C1856,Handwriting Recognition
C1857,Knowledge Distillation
C1858,Centrality Measures
C1859,
C1860,Hash Encoding
C1861,K-Means Clustering
C1862,OAuth2
C1863,Self-Sovereign Identity (SSI)
C1864,
C1865,
C1866,K-Nearest Neighbors (KNN)
C1867,Nursing Informatics
C1868,Material-UI
C1869,Digital Assets
C1870,jQuery
C1871,Probability Theory
C1872,Ant Colony Optimization (ACO)
C1873,Altcoin Wallets
C1874,K-Fold Cross-Validation
C1875,
C1876,Self-Management
C1877,Generative Adversarial Networks (GANs)
C1878,Manufacturing Execution Systems (MES)
C1879,Ripple
C1880,
C1881,Predictive Analytics
C1882,Conflict Resolution
C1883,
C1884,ERC-721
C1885,
C1886,
C1887,t-Distributed Stochastic Neighbor Embedding (t-SNE)
C1888,
C1889,
C1890,Decentralized Identity (DID)
C1891,Utility Tokens
C1892,Git
C1893,Medical Informatics
C1894,Deep Reinforcement Learning
C1895,
C1896,Database Design
C1897,Session Hijacking
C1898,
C1899,IoT Platforms
C1900,Tokenized Assets
C1901,Negative Transfer
C1902,Nursing Informatics
C1903,Music NFTs
C1904,
C1905,Ordinal Encoding
C1906,Decentralized Finance (DeFi)
C1907,Brute Force Attack
C1908,Natural Language Processing (NLP)
C1909,Holdout Validation
C1910,Containerization
C1911,Agile Project Management
C1912,Plotly
C1913,
C1914,
C1915,GloVe
C1916,
C1917,
C1918,Logistic Regression
C1919,InVision
C1920,Routing and Navigation
C1921,
C1922,Bias-Variance Tradeoff
C1923,
C1924,Open Source Wallets
C1925,
C1926,Ensemble Learning
C1927,
C1928,Supply Chain Optimization
C1929,Unix
C1930,XLNet
C1931,Predictive Analytics
C1932,Support Vector Machines (SVM)
C1933,Boosting
C1934,Illustration
C1935,
C1936,Scrum
C1937,Shortest Path Algorithms
C1938,K-Nearest Neighbors (KNN)
C1939,
C1940,
C1941,Kruskal's Algorithm
C1942,Statistical Inference
C1943,Oracle Cloud
C1944,
C1945,
C1946,
C1947,Supply Chain Visibility
C1948,Distributed Control Systems (DCS)
C1949,Experimental Design
C1950,Security Token Offerings (STOs)
C1951,
C1952,
C1953,IT Infrastructure
C1954,
C1955,Troubleshooting
C1956,Dimensionality Reduction
C1957,
C1958,Decentralized Exchanges (DEXs)
C1959,Expert Review
C1960,Product Owner
C1961,Natural Language Understanding (NLU)
C1962,
C1963,SOAP
C1964,Governance Tokens
C1965,Description Logics
C1966,
C1967,Vendor Management
C1968,Generative Adversarial Networks (GANs)
C1969,GDPR
C1970,Graph Coloring
C1971,LAN/WAN
C1972,
C1973,Healthcare Information Systems (HIS)
C1974,Beta Distribution
C1975,Frontend Development
C1976,
C1977,Wallet Security
C1978,Currency Tokens
C1979,Web Scraping
C1980,Text Preprocessing
C1981,User Experience Design
C1982,Blockchain Consensus Mechanisms
C1983,Amazon Web Services
C1984,Security Incident Response
C1985,
C1986,
C1987,Affinity Propagation
C1988,Boosting
C1989,Self-Management
C1990,Behavior-Driven Development (BDD)
C1991,
C1992,Pandas
C1993,Data Imputation
C1994,
C1995,Public Keys
C1996,Heroku
C1997,Gaming Assets
C1998,
C1999,Windows Server
