Candidate ID,Skills
C1000,Change Management
C1001,Cross-Chain Communication
C1002,Handwriting Recognition
C1003,Decision Trees
C1004,Decentralized Applications (DApps)
C1005,Connected Components
C1006,D3.js
C1007,Model Distillation
C1008,Algorithmic Stablecoins
C1009,Waterfall Methodology
C1010,Smart Contracts
C1011,Empathy Mapping
C1012,Floyd-Warshall Algorithm
C1013,Full Stack Development
C1014,A/B Testing
C1015,Sports Teams
C1016,Document Classification
C1017,Flask
C1018,ASP.NET
C1019,Database Administration
C1020,Staking
C1021,NEO Virtual Machine (NEOVM)
C1022,Community Detection
C1023,Non-Fungible Tokens (NFTs)
C1024,Data Visualization
C1025,Big Data Analytics
C1026,Azure
C1027,Healthcare Robotics
C1028,Social Engineering
C1029,Least Squares
C1030,Google Cloud Platform (GCP)
C1031,Capsule Networks
C1032,Estimation of Distribution Algorithms (EDA)
C1033,Session Hijacking
C1034,Data Cleaning
C1035,Test-Driven Development (TDD)
C1036,Polynomial Regression
C1037,Smart Contract Security
C1038,XGBoost
C1039,Smart Cities
C1040,User Research
C1041,Distribution Management
C1042,Ridge Regression
C1043,GDPR
C1044,Neural Networks
C1045,Feature Engineering
C1046,Proof of Authority (PoA)
C1047,Decision-Making
C1048,Blockchain Platforms
C1049,Inferential Statistics
C1050,Floyd-Warshall Algorithm
C1051,Segmentation
C1052,Digital Identity
C1053,Attention to Detail
C1054,Smart Contract Development
C1055,Principal Component Analysis (PCA)
C1056,Supervised Learning
C1057,Sharding
C1058,Natural Language Processing (NLP)
C1059,Liquidity Mining
C1060,Proof of Time (PoT)
C1061,Layer 1 Scaling Solutions
C1062,Token Vesting
C1063,Clinical Decision Support Systems (CDSS)
C1064,Full Stack Development
C1065,Genomics
C1066,Eigenvalues and Eigenvectors
C1067,Real Estate
C1068,Depth-First Search (DFS)
C1069,Geographic Data Analysis
C1070,Surgical Robotics
C1071,A/B Testing
C1072,Chi-Square Test
C1073,Sidechains
C1074,Supply Chain Management (SCM)
C1075,Maximum Flow
C1076,Intellectual Property
C1077,Speech-to-Text (STT)
C1078,Decentralized Applications (DApps)
C1079,Object Recognition
C1080,Avalanche
C1081,Web3 Wallets
C1082,Bioinformatics
C1083,MapReduce
C1084,Utility Tokens
C1085,Stemming
C1086,Topic Modeling
C1087,Logistic Regression
C1088,Business Intelligence (BI)
C1089,Part-of-Speech (POS) Tagging
C1090,Numerical Methods
C1091,Spring
C1092,Confluence
C1093,Convolutional Neural Networks (CNN)
C1094,Infrastructure as Code (IaC)
C1095,Knowledge Graph Completion
C1096,Hadoop
C1097,Layer 2 Scaling Solutions
C1098,Sequence-to-Sequence (Seq2Seq)
C1099,Vector Calculus
C1100,Problem-Solving
C1101,Microservices Architecture
C1102,Katz Centrality
C1103,Gamma Distribution
C1104,Deep Reinforcement Learning
C1105,Hypothesis Testing
C1106,Incident Management
C1107,XGBoost
C1108,Interpretable Neural Networks
C1109,SPARQL
C1110,Graph Clustering
C1111,Bellman-Ford Algorithm
C1112,Code Review
C1113,Prioritization
C1114,XML
C1115,Feature Engineering
C1116,Sybil Resistance
C1117,Bagging
C1118,Security Compliance
C1119,JSON Web Tokens
C1120,Neural Networks
C1121,Normal Distribution
C1122,Graph Analytics
C1123,Supply Chain Optimization
C1124,GRU
C1125,Programmable Logic Controllers (PLCs)
C1126,TCP/IP
C1127,Generative Adversarial Networks (GAN)
C1128,IoT Security
C1129,Governance Tokens
C1130,Condition Monitoring
C1131,Prototyping Tools
C1132,Model Generalization
C1133,Asset Tracking
C1134,Problem Management
C1135,Service-Oriented Architecture (SOA)
C1136,Ethereum
C1137,GitLab
C1138,Supply Chain Optimization
C1139,HTML
C1140,Speech-to-Text (STT)
C1141,Data Warehousing
C1142,Positive Transfer
C1143,Sports Teams
C1144,Derivatives Protocols
C1145,On-Chain Governance
C1146,Topic Modeling
C1147,Token Economics
C1148,iOS
C1149,Monte Carlo Simulation
C1150,Man-in-the-Middle (MitM) Attack
C1151,Service-Oriented Architecture (SOA)
C1152,Regression Analysis
C1153,ANOVA
C1154,JSON
C1155,Multi-Task Learning
C1156,Random Forest
C1157,Autoencoders
C1158,Laboratory Information System (LIS)
C1159,Continuous Integration (CI)
C1160,Matplotlib
C1161,Underfitting
C1162,Asset Tracking
C1163,Payment Channels
C1164,Text Preprocessing
C1165,Label Encoding
C1166,Emotional Intelligence
C1167,IoT Applications
C1168,Hierarchical Clustering
C1169,Probability Theory
C1170,Language Generation
C1171,Support Vector Machines (SVM)
C1172,Vendor Management
C1173,T5
C1174,AngularJS
C1175,Multivariate Analysis
C1176,Batch Normalization
C1177,Clustering
C1178,Currency Tokens
C1179,Survey Design
C1180,Blockchain Oracles
C1181,Identity Verification
C1182,Image Generation
C1183,Classification
C1184,Rehabilitation Robotics
C1185,Community Detection
C1186,Android
C1187,Nursing Informatics
C1188,Bellman-Ford Algorithm
C1189,Data Analysis
C1190,Design Patterns
C1191,Support Vector Machines (SVM)
C1192,Routing and Navigation
C1193,Token Sale
C1194,Gaming Assets
C1195,Smart Cities
C1196,Healthcare IoT
C1197,Digital Imaging and Communications in Medicine (DICOM)
C1198,Linear Algebra
C1199,Unsupervised Learning
C1200,Smart Contract Security
C1201,Transfer Learning
C1202,PyTorch
C1203,Forecasting
C1204,Deep Q-Networks (DQN)
C1205,Enterprise Resource Planning (ERP)
C1206,Stopword Removal
C1207,Brands
C1208,Minimum Spanning Tree
C1209,Proof of Concept (PoC)
C1210,Elasticsearch
C1211,Troubleshooting
C1212,Network Administration
C1213,Principal Component Analysis (PCA)
C1214,Question Answering Systems
C1215,Neural Networks
C1216,Firewall
C1217,Token Migration
C1218,Derivatives Protocols
C1219,Protocol Tokens
C1220,BERT
C1221,Tezos
C1222,Customer Relationship Management (CRM)
C1223,Identity and Access Management (IAM)
C1224,Music Rights
C1225,Forecasting
C1226,System Administration
C1227,Home Automation
C1228,Security Tokens
C1229,LAN/WAN
C1230,Technical Support
C1231,Boosting
C1232,Waterfall Methodology
C1233,Logistics Optimization
C1234,Genomics
C1235,Continuous Integration (CI)
C1236,Personal Health Records (PHR)
C1237,CSS
C1238,Text-to-Speech (TTS)
C1239,Sharding
C1240,Brute Force Attack
C1241,Simulated Annealing
C1242,Dropout Regularization
C1243,Security Tokens
C1244,Natural Language Processing (NLP)
C1245,Yield Aggregators
C1246,Covariance Matrix Adaptation Evolution Strategy (CMA-ES)
C1247,Geographic Data Visualization
C1248,Document Classification
C1249,Recurrent Neural Networks (RNN)
C1250,Dimensionality Reduction
C1251,Energy Management Systems (EMS)
C1252,Personalized Medicine
C1253,ElasticNet Regression
C1254,Wallet APIs
C1255,Change Management
C1256,Convolutional Neural Networks (CNN)
C1257,Yield Optimizers
C1258,Inventory Optimization
C1259,Currency Tokens
C1260,Token Standards
C1261,ETL (Extract
C1262,Token Economics
C1263,Gradient Descent
C1264,Journey Mapping
C1265,NEO Virtual Machine (NEOVM)
C1266,Seed Phrases
C1267,Regression Analysis
C1268,Ensemble Learning
C1269,CatBoost
C1270,Illustration
C1271,Asset Management
C1272,VMware
C1273,Document Classification
C1274,Healthcare Business Intelligence (BI)
C1275,Text Generation
C1276,Policy Gradient Methods
C1277,Computerized Physician Order Entry (CPOE)
C1278,Strongly Connected Components
C1279,Predictive Modeling
C1280,Optimization
C1281,Recurrent Neural Networks (RNN)
C1282,Support Vector Machines (SVM)
C1283,ITIL
C1284,Social Tokens
C1285,Business Continuity Planning (BCP)
C1286,Governance Incentives
C1287,K-Means Clustering
C1288,Multi-Currency Wallets
C1289,Bitbucket
C1290,Linear Models
C1291,Vector Calculus
C1292,Positive Transfer
C1293,Zeplin
C1294,Decentralized Finance (DeFi) Oracles
C1295,Tokenomics
C1296,Self-Management
C1297,Data Interpretation
C1298,MacOS
C1299,Cybersecurity
C1300,Root Cause Analysis (RCA)
C1301,Global Positioning System (GPS)
C1302,Supervised Learning
C1303,Service-Oriented Architecture (SOA)
C1304,Multivariate Testing
C1305,Data Pipelines
C1306,Release Management
C1307,Derivatives Platforms
C1308,Chatbots
C1309,Automatic Speech Recognition (ASR)
C1310,Ant Colony Optimization (ACO)
C1311,Lasso Regression
C1312,Lean Methodology
C1313,Predictive Modeling
C1314,Inventory Optimization
C1315,Decision Analysis
C1316,IoT Data Analytics
C1317,Interpersonal Skills
C1318,Neural Machine Translation (NMT)
C1319,Data Wrangling
C1320,GraphQL
C1321,Strongly Connected Components
C1322,Policy Gradient Methods
C1323,DeFi Protocols
C1324,Qualitative Research
C1325,Normal Distribution
C1326,Test-Driven Development (TDD)
C1327,Security Operations Center (SOC)
C1328,Grid Search
C1329,Metaverse Land
C1330,Polynomial Regression
C1331,Bagging
C1332,Containerization
C1333,Beta Distribution
C1334,Token Burn
C1335,Borrowing Platforms
C1336,Vulnerability Assessment
C1337,PageRank
C1338,Film NFTs
C1339,Laboratory Information System (LIS)
C1340,Altcoin Wallets
C1341,Quantization
C1342,All Pairs Shortest Path
C1343,Ethereum Wallets
C1344,SQL
C1345,Deep Reinforcement Learning
C1346,Decentralized Applications (DApps)
C1347,Digital Imaging and Communications in Medicine (DICOM)
C1348,Manufacturing Execution Systems (MES)
C1349,Liquidity Mining
C1350,Time-Series Cross-Validation
C1351,Hardware Wallets
C1352,Plasma
C1353,Batch Normalization
C1354,Presentation Skills
C1355,Healthcare IT
C1356,Fine-Tuning
C1357,Occam's Razor
C1358,Solidity
C1359,Documentation
C1360,Stemming
C1361,Waterfall Methodology
C1362,Virtual Real Estate
C1363,Hyperledger
C1364,Feature Engineering
C1365,VirtualBox
C1366,Algorand
C1367,Machine Translation
C1368,Transportation Management
C1369,User Research
C1370,Speech Synthesis
C1371,Root Cause Analysis (RCA)
C1372,Blockchain Interoperability
C1373,Semi-Supervised Learning
C1374,Dijkstra's Algorithm
C1375,Scikit-learn
C1376,Firebase
C1377,Feature Scaling
C1378,Word Embeddings
C1379,Backup and Restore
C1380,Virtual Goods
C1381,Entity Linking
C1382,Data Augmentation
C1383,Mobile Development
C1384,BERT
C1385,Text-to-Speech (TTS)
C1386,Plasma
C1387,Data Augmentation
C1388,Centrality Measures
C1389,Rule-Based Models
C1390,Graph Querying
C1391,GRU
C1392,Picture Archiving and Communication System (PACS)
C1393,SVN
C1394,Deep Learning
C1395,Neural Networks
C1396,Self-Play
C1397,Layer 1 Scaling Solutions
C1398,Ethereum Improvement Proposals (EIPs)
C1399,Adaptability
C1400,Freight Management
C1401,Meta-Learning
C1402,Waterfall Methodology
C1403,Transform
C1404,Film NFTs
C1405,Business Intelligence (BI)
C1406,Rehabilitation Robotics
C1407,Naive Bayes
C1408,Statistical Analysis
C1409,Orthogonalization
C1410,Database Design
C1411,Object Recognition
C1412,Maximum Flow
C1413,Text Preprocessing
C1414,Ruby
C1415,DeFi Protocols
C1416,Risk Analysis
C1417,Estimation of Distribution Algorithms (EDA)
C1418,Deep Q-Networks (DQN)
C1419,Man-in-the-Middle (MitM) Attack
C1420,Independent Component Analysis (ICA)
C1421,Blockchain Platforms
C1422,Smart Contracts
C1423,Speaker Diarization
C1424,VMware
C1425,Human Resource Management (HRM)
C1426,Decentralized Exchanges (DEXs)
C1427,Graph Representation Learning
C1428,Object-Oriented Programming (OOP)
C1429,GitLab
C1430,Infrastructure as Code (IaC)
C1431,Vendor Management
C1432,Feature Engineering
C1433,GitHub
C1434,Document Similarity
C1435,PostgreSQL
C1436,Sentiment Analysis
C1437,Computerized Physician Order Entry (CPOE)
C1438,Mobile Wallets
C1439,Ensemble Learning
C1440,Sports NFTs
C1441,GPT
C1442,Supervisory Control and Data Acquisition (SCADA)
C1443,Minimum Cut
C1444,IBM Cloud
C1445,K-Means Clustering
C1446,Dialogue Systems
C1447,Principal Component Analysis (PCA)
C1448,Trezor Wallet
C1449,Negotiation Skills
C1450,MetaMask
C1451,Real Estate
C1452,Data Augmentation
C1453,Support Vector Machines (SVM)
C1454,Transfer Learning
C1455,Supply Chain Collaboration
C1456,HTML
C1457,Keras
C1458,Web Development
C1459,Celebrities
C1460,Demand Forecasting
C1461,Expert Review
C1462,Desktop Support
C1463,K-Fold Cross-Validation
C1464,Artificial Intelligence (AI)
C1465,Responsive Design
C1466,Clickjacking
C1467,Chi-Square Test
C1468,Node Classification
C1469,Technical Support
C1470,Neural Networks
C1471,Proof of Stake (PoS)
C1472,Vector Calculus
C1473,Computer Vision
C1474,Beta Distribution
C1475,Equity Tokens
C1476,Nanorobotics
C1477,Uniform Manifold Approximation and Projection (UMAP)
C1478,Wireframing
C1479,Multi-Task Learning
C1480,Graph Coloring
C1481,JIRA
C1482,Feature Engineering
C1483,Text Summarization
C1484,Derivatives Protocols
C1485,Decentralized Finance (DeFi)
C1486,Bootstrap
C1487,Attention Mechanism
C1488,Solana
C1489,Unsupervised Learning
C1490,Neural Networks
C1491,PMBOK
C1492,Data Modeling
C1493,Disaster Recovery
C1494,Business Intelligence (BI)
C1495,t-Distributed Stochastic Neighbor Embedding (t-SNE)
C1496,Embedding
C1497,Tokenized Securities
C1498,Logistics IoT
C1499,Security Token Offerings (STOs)
C1500,Lognormal Distribution
C1501,Kanban
C1502,Predictive Maintenance
C1503,Rehabilitation Robotics
C1504,Big Data Analytics
C1505,Proteomics
C1506,Temporal Difference Learning
C1507,Kanban
C1508,Token Migration
C1509,Mean Shift
C1510,Price Oracles
C1511,Segmentation
C1512,Probability Theory
C1513,Multi-Signature Wallets
C1514,ANOVA
C1515,Building Management Systems (BMS)
C1516,Healthcare Data Mining
C1517,Proof of Space (PoSpace)
C1518,Production Planning
C1519,Solidity
C1520,Dimensionality Reduction
C1521,Illustration
C1522,Passive Learning
C1523,Negative Transfer
C1524,Health Information Exchange (HIE)
C1525,Technical Writing
C1526,Quantization
C1527,Feature Selection
C1528,Hot Wallets
C1529,Social Engineering
C1530,Asynchronous Advantage Actor-Critic (A3C)
C1531,Prescriptive Analytics
C1532,Tableau
C1533,Feature Selection
C1534,Distribution Management
C1535,Single Sign-On (SSO)
C1536,Healthcare Business Intelligence (BI)
C1537,Bagging
C1538,Bootstrap Aggregating
C1539,Incident Management
C1540,Domain Adaptation
C1541,Graph Traversal Algorithms
C1542,Token Migration
C1543,Tokenized Assets
C1544,Text Mining
C1545,Descriptive Statistics
C1546,Gantt Chart
C1547,Closeness Centrality
C1548,Medical Image Analysis
C1549,Ledger Wallet
C1550,Model Compression
C1551,Digital Identity
C1552,Knowledge Graphs
C1553,Meta-Learning
C1554,Healthcare Data Warehousing
C1555,Industrial Internet of Things (IIoT)
C1556,Energy Management
C1557,Social Tokens
C1558,Reinforcement Learning
C1559,GloVe
C1560,jQuery
C1561,Word Embeddings
C1562,Dialogue Systems
C1563,Matplotlib
C1564,Utility Tokens
C1565,Hibernate
C1566,Hash Encoding
C1567,Risk Register
C1568,Creativity
C1569,Token Swap
C1570,Remote Support
C1571,Yield Farming Aggregators
C1572,Chainlink
C1573,t-Distributed Stochastic Neighbor Embedding (t-SNE)
C1574,Yield Optimizers
C1575,Cryptocurrency Wallets
C1576,Document Clustering
C1577,Beta Distribution
C1578,Critical Path Method (CPM)
C1579,High Availability
C1580,LightGBM
C1581,GitHub
C1582,Descriptive Analytics
C1583,Data Pipelines
C1584,Wallet APIs
C1585,Personalized Medicine
C1586,Geocoding
C1587,Deep Q-Networks (DQN)
C1588,K-Fold Cross-Validation
C1589,Crypto Wallets
C1590,DeFi Protocols
C1591,Bayesian Statistics
C1592,Frequency Encoding
C1593,Utility Tokens
C1594,Visualization Tools
C1595,Reinforcement Learning
C1596,Part-of-Speech (POS) Tagging
C1597,Cryptocurrency Exchanges
C1598,NumPy
C1599,Clustering
C1600,Scikit-learn
C1601,Troubleshooting
C1602,Capacity Management
C1603,Information Retrieval (IR)
C1604,Batch Normalization
C1605,Graph Traversal Algorithms
C1606,Global Positioning System (GPS)
C1607,Proof of Space (PoSpace)
C1608,Causal Inference
C1609,Transportation Management
C1610,Bagging
C1611,Drug Discovery
C1612,Problem-Solving
C1613,Machine Translation
C1614,Brands
C1615,GraphQL
C1616,Unsupervised Learning
C1617,Medical Billing
C1618,Self-Sovereign Identity (SSI)
C1619,Node Classification
C1620,Data Wrangling
C1621,Bayesian Optimization
C1622,Domain Adaptation
C1623,Language Identification
C1624,Stopword Removal
C1625,Sharding
C1626,User Documentation
C1627,Semi-Supervised Learning
C1628,Security Tokens
C1629,Entity Resolution
C1630,Health Information Exchange (HIE)
C1631,IoT Devices
C1632,AdaBoost
C1633,Heroku
C1634,Machine Translation
C1635,LSTM
C1636,Altcoin Wallets
C1637,User Testing
C1638,Image Processing
C1639,Bag of Words (BoW)
C1640,Gradient Boosting
C1641,Firewall
C1642,Utility Tokens
C1643,Hyperledger
C1644,OWASP Top 10
C1645,Feature Engineering
C1646,Uniform Manifold Approximation and Projection (UMAP)
C1647,VirtualBox
C1648,ERC-721
C1649,Clinical Trials
C1650,Mobile Development
C1651,Object-Oriented Programming (OOP)
C1652,Procurement
C1653,Model Compression
C1654,Sybil Resistance
C1655,Spring
C1656,OPTICS
C1657,Private Keys
C1658,Atomic Swaps
C1659,Full Stack Development
C1660,D3.js
C1661,Prioritization
C1662,Minimum Spanning Tree
C1663,Intrusion Detection System (IDS)
C1664,Ethereum Wallets
C1665,Configuration Management
C1666,Kanban
C1667,Natural Language Processing (NLP)
C1668,Budget Management
C1669,Bitcoin Wallets
C1670,NoSQL
C1671,Lemmatization
C1672,Plasma
C1673,Vector Calculus
C1674,Regression Analysis
C1675,Graph Isomorphism
C1676,Windows Server
C1677,Warehouse Management
C1678,Hospital Information System (HIS)
C1679,Proof of Authority (PoA)
C1680,Language Translation
C1681,Microsoft SQL Server
C1682,Procurement
C1683,Graph Analytics
C1684,JIRA
C1685,Web Wallets
C1686,Virtual Real Estate
C1687,Supply Chain Optimization
C1688,ERC-1155
C1689,Drug Discovery
C1690,Data Oracles
C1691,EOSIO
C1692,IPSec
C1693,Geocoding
C1694,Graph Database
C1695,Cryptocurrency Wallets
C1696,FP-Growth Algorithm
C1697,Presentation Skills
C1698,Release Management
C1699,Materials Management
C1700,Information Retrieval
C1701,Adobe Creative Cloud
C1702,Microsoft SQL Server
C1703,Kanban
C1704,Electronic Medical Records (EMR)
C1705,API Documentation
C1706,Load)
C1707,Recurrent Neural Networks (RNN)
C1708,IPSec
C1709,JSON
C1710,Smart Grid
C1711,Avalanche
C1712,Virtual Real Estate
C1713,Graph Querying
C1714,AdaBoost
C1715,Data Visualization
C1716,Vue.js
C1717,RDF
C1718,JIRA
C1719,Feature Scaling
C1720,Laboratory Information System (LIS)
C1721,SQL
C1722,Robotic Exoskeletons
C1723,Microsoft Excel
C1724,Proof of Elapsed Time (PoET)
C1725,Fuzzy Clustering
C1726,Laravel
C1727,Atomic Swaps
C1728,Material-UI
C1729,Non-Fungible Tokens (NFTs)
C1730,Self-Motivation
C1731,Layer 1 Scaling Solutions
C1732,Contract Management
C1733,Amazon Web Services
C1734,Autoencoders
C1735,Supply Chain Management (SCM)
C1736,Avalanche
C1737,Docker
C1738,Desktop Wallets
C1739,Wireframe Tools
C1740,Regression Analysis
C1741,UI/UX Design
C1742,Ripple
C1743,Generative Adversarial Networks (GANs)
C1744,Dropout Regularization
C1745,Descriptive Analytics
C1746,Probability Distributions
C1747,Chi-Square Test
C1748,Manufacturing Execution Systems (MES)
C1749,Multi-Armed Bandit
C1750,Dimensionality Reduction
C1751,Confluence
C1752,Key Performance Indicators (KPIs)
C1753,Logistics Management
C1754,Algorand
C1755,Proof of Space (PoSpace)
C1756,NEO Virtual Machine (NEOVM)
C1757,Code Review
C1758,Partial Dependence Plots
C1759,SQL Injection
C1760,Link Prediction
C1761,Healthcare Robotics
C1762,Proof of Space (PoSpace)
C1763,Geographic Data Analysis
C1764,Sports Teams
C1765,Innovation
C1766,Infrastructure as Code (IaC)
C1767,Semi-Supervised Learning
C1768,Vulnerability Assessment
C1769,Katz Centrality
C1770,Graph Algorithms
C1771,Telematics
C1772,Principal Component Analysis (PCA)
C1773,Ordinal Encoding
C1774,Resilience
C1775,Liquidity Pools
C1776,Multi-Signature Wallets
C1777,Descriptive Modeling
C1778,Confidence Intervals
C1779,Drug Discovery
C1780,Smart Cities
C1781,LightGBM
C1782,Recurrent Neural Networks (RNN)
C1783,Tron
C1784,NumPy
C1785,Deep Learning
C1786,Artificial Intelligence (AI)
C1787,Polynomial Regression
C1788,Token Vesting
C1789,Breadth-First Search (BFS)
C1790,NoSQL
C1791,Expert Review
C1792,Text Summarization
C1793,Bioinformatics
C1794,AdaBoost
C1795,Healthcare Data Visualization
C1796,Root Cause Analysis (RCA)
C1797,Healthcare Data Warehousing
C1798,Network Effects
C1799,Gradient Descent
C1800,Dialogue Systems
C1801,Principal Component Analysis (PCA)
C1802,Data Visualization
C1803,Data Mining
C1804,Python
C1805,Stopword Removal
C1806,Key Performance Indicators (KPIs)
C1807,Decentralized Applications (DApps)
C1808,Tableau
C1809,NEO Virtual Machine (NEOVM)
C1810,Industrial Internet of Things (IIoT)
C1811,Eigenvalues and Eigenvectors
C1812,Model Selection
C1813,Adobe Creative Cloud
C1814,Speech Synthesis
C1815,Problem-Solving
C1816,Serverless Architecture
C1817,Chi-Square Test
C1818,Connected Cars
C1819,Survival Analysis
C1820,Scheduling
C1821,Interpretable Models
C1822,Rehabilitation Robotics
C1823,Automated Market Makers (AMMs)
C1824,Layer 2 Solutions
C1825,Creativity
C1826,SSL/TLS
C1827,Lemmatization
C1828,Software Wallets
C1829,Clinical Trials
C1830,Positive Transfer
C1831,BERT
C1832,Temporal Difference Learning
C1833,Ruby on Rails
C1834,Citrix
C1835,Language Generation
C1836,Project Management
C1837,IoT Security
C1838,Semantic Web
C1839,EOSIO
C1840,Description Logics
C1841,DHCP
C1842,Feature Engineering
C1843,Data Normalization
C1844,Hardware Security Modules (HSMs)
C1845,Affinity Propagation
C1846,PyTorch
C1847,Web Security
C1848,Derivatives Platforms
C1849,Hub and Authority Scores
C1850,Order Management
C1851,Naive Bayes
C1852,Sharding
C1853,Apache Spark
C1854,NoSQL
C1855,Actor-Critic Methods
C1856,Gaming NFTs
C1857,Markov Chains
C1858,Speech-to-Text (STT)
C1859,Database Administration
C1860,Cluster Analysis
C1861,Decentralized Finance (DeFi)
C1862,Linux
C1863,Data Normalization
C1864,Chi-Square Test
C1865,HTTP/HTTPS
C1866,LSTM
C1867,Language Translation
C1868,Predictive Modeling
C1869,Prescriptive Modeling
C1870,Security Operations Center (SOC)
C1871,Paper Wallets
C1872,Autoencoders
C1873,Embedding
C1874,Release Management
C1875,Neural Machine Translation (NMT)
C1876,Predictive Modeling
C1877,Decentralized Identity (DID)
C1878,Release Management
C1879,Generative Adversarial Networks (GAN)
C1880,Prescriptive Modeling
C1881,Network Administration
C1882,Community Tokens
C1883,Gradient Boosting
C1884,Typography
C1885,Exponential Distribution
C1886,Service-Oriented Architecture (SOA)
C1887,Tron Virtual Machine (TVM)
C1888,Token Standards
C1889,Handwriting Recognition
C1890,Materials Management
C1891,Model Interpretability
C1892,Deep Learning
C1893,Electronic Medical Records (EMR)
C1894,Spring
C1895,User Stories
C1896,Data Oracles
C1897,Token Wallets
C1898,Classification
C1899,Procurement
C1900,XML
C1901,Token Wallets
C1902,Proof of Weight (PoWeight)
C1903,Intellectual Property
C1904,Object Detection
C1905,Usability Testing
C1906,VirtualBox
C1907,Nanorobotics
C1908,Secure Coding Practices
C1909,JIRA
C1910,Image Enhancement
C1911,Data Analysis
C1912,Optimization Algorithms
C1913,Binary Encoding
C1914,Process Automation
C1915,Project Management
C1916,One-Shot Learning
C1917,Model Complexity
C1918,MacOS
C1919,Association Rule Learning
C1920,Asset Management
C1921,Interpretable Neural Networks
C1922,Topic Modeling
C1923,Persona Creation
C1924,AWS
C1925,Regenerative Medicine
C1926,Prototyping
C1927,Non-Fungible Tokens (NFTs)
C1928,Logistics IoT
C1929,Open Source Wallets
C1930,Compliance Management
C1931,BERT
C1932,Few-Shot Learning
C1933,Global Positioning System (GPS)
C1934,Neural Architecture Search (NAS)
C1935,MVC Architecture
C1936,Normalization
C1937,Tokenomics
C1938,Graph Visualization
C1939,Web3
C1940,Cosmos
C1941,JSON
C1942,Regression Analysis
C1943,Responsive Design
C1944,Lasso Regression
C1945,Singular Value Decomposition (SVD)
C1946,Healthcare Data Visualization
C1947,Infrastructure as Code (IaC)
C1948,Telematics
C1949,Token Buyback
C1950,Entity Resolution
C1951,Apache Spark
C1952,Transformer Models
C1953,PageRank
C1954,Uniform Manifold Approximation and Projection (UMAP)
C1955,PMI
C1956,Plasma
C1957,Vector Calculus
C1958,Big Data
C1959,Genomics
C1960,Flexibility
C1961,Distribution Management
C1962,Seaborn
C1963,Positive Transfer
C1964,Single Sign-On (SSO)
C1965,Decentralized Applications (DApps)
C1966,Blockchain Consensus Mechanisms
C1967,Biological Data Analysis
C1968,Personalized Medicine
C1969,Healthcare Business Intelligence (BI)
C1970,Windows Server
C1971,Dijkstra's Algorithm
C1972,Payment Channels
C1973,Zero Trust Security
C1974,Linear Algebra
C1975,Quantization
C1976,Inventory Optimization
C1977,Singular Value Decomposition (SVD)
C1978,Lognormal Distribution
C1979,Collateralized Stablecoins
C1980,Music NFTs
C1981,Closed Source Wallets
C1982,Normal Distribution
C1983,Solidity
C1984,BERT
C1985,Model Monitoring
C1986,SCADA Systems
C1987,Inventory Management
C1988,Node Classification
C1989,AngularJS
C1990,Patient Monitoring Systems
C1991,Blockchain Platforms
C1992,Persona Creation
C1993,Ethereum Gas Fees
C1994,Fuzzy Clustering
C1995,Predictive Modeling
C1996,Decision Trees
C1997,JavaScript
C1998,OWL
C1999,Leadership
