Candidate ID,Skills
C1000,Sharding
C1001,DNS
C1002,Gated Recurrent Unit (GRU)
C1003,Data Augmentation
C1004,Policy Gradient Methods
C1005,Cross-Chain Communication
C1006,Sports NFTs
C1007,Algorand
C1008,Floyd-Warshall Algorithm
C1009,Model Deployment
C1010,Least Squares
C1011,Microsoft SQL Server
C1012,Security Operations Center (SOC)
C1013,Computerized Physician Order Entry (CPOE)
C1014,Desktop Wallets
C1015,GitHub
C1016,Information Retrieval (IR)
C1017,Material-UI
C1018,Smart Contracts
C1019,Global Positioning System (GPS)
C1020,Node Embedding
C1021,Node Embedding
C1022,Vue.js
C1023,Descriptive Modeling
C1024,Bitcoin Wallets
C1025,Blockchain
C1026,Flexibility
C1027,Healthcare Technology
C1028,Product Owner
C1029,Clickjacking
C1030,Risk Register
C1031,Bootstrapping
C1032,Hash Encoding
C1033,Deep Learning
C1034,Lasso Regression
C1035,Bioinformatics
C1036,Orthogonalization
C1037,Healthcare IT
C1038,Computer Vision
C1039,Prim's Algorithm
C1040,OPTICS
C1041,Intellectual Property
C1042,AJAX
C1043,Dimensionality Reduction
C1044,Expert Review
C1045,Heroku
C1046,Language Translation
C1047,Cybersecurity
C1048,jQuery
C1049,Maximum Bipartite Matching
C1050,Sentiment Analysis
C1051,Supply Chain IoT
C1052,Film Rights
C1053,Communication Skills
C1054,Algorithms
C1055,Logistic Regression
C1056,Remote Support
C1057,Data Mining
C1058,Multi-Currency Wallets
C1059,Text Generation
C1060,User Experience Design
C1061,Decentralized Applications (DApps)
C1062,Topic Modeling
C1063,Medical Billing
C1064,SQL
C1065,Unsupervised Learning
C1066,Estimation of Distribution Algorithms (EDA)
C1067,Convolutional Neural Networks (CNN)
C1068,Bayesian Statistics
C1069,Firebase
C1070,Customer Service
C1071,Boosting
C1072,Decentralized Oracles
C1073,Word Embeddings
C1074,Link Prediction
C1075,Word2Vec
C1076,Orthogonalization
C1077,Quantitative Research
C1078,Generative Adversarial Networks (GAN)
C1079,Business Analytics
C1080,Experimental Design
C1081,Telemedicine
C1082,Service-Oriented Architecture (SOA)
C1083,Dimensionality Reduction
C1084,Interviewing
C1085,Hot Wallets
C1086,Off-Chain Governance
C1087,Information Architecture
C1088,Decentralized Finance (DeFi)
C1089,Social Engineering
C1090,Desktop Wallets
C1091,Reinforcement Learning
C1092,PHP
C1093,Text Mining
C1094,PyTorch
C1095,ElasticNet Regression
C1096,Exodus Wallet
C1097,Predictive Analytics
C1098,Celebrities
C1099,Image Classification
C1100,Data Validation
C1101,Data Pipelines
C1102,Multi-Currency Wallets
C1103,Automated Market Makers (AMMs)
C1104,Multi-Task Learning
C1105,Neural Architecture Search (NAS)
C1106,Image Classification
C1107,Bitbucket
C1108,Ledger Wallet
C1109,A/B Testing
C1110,Graph Embedding
C1111,Geospatial Analysis
C1112,Digital Collectibles
C1113,Layer 2 Scaling Solutions
C1114,Topic Modeling
C1115,Bootstrap Aggregating
C1116,Trezor Wallet
C1117,Root Cause Analysis (RCA)
C1118,Empathy Mapping
C1119,Network Security
C1120,Metaverse Land
C1121,Regression Analysis
C1122,One-Shot Learning
C1123,Token Migration
C1124,Buffer Overflow
C1125,Explainable AI (XAI)
C1126,Meta-Learning
C1127,Data Augmentation
C1128,Scrum
C1129,Multi-Factor Authentication (MFA)
C1130,Speaker Diarization
C1131,Image Segmentation
C1132,Enterprise Resource Planning (ERP)
C1133,Clinical Trials
C1134,Meta-Learning
C1135,Cluster Analysis
C1136,Decentralized Exchanges (DEXs)
C1137,Elasticsearch
C1138,Currency Tokens
C1139,Windows Server
C1140,Qualitative Analysis
C1141,Identity and Access Management (IAM)
C1142,Capacity Planning
C1143,TensorFlow
C1144,ANOVA
C1145,ElasticNet Regularization
C1146,Heuristic Evaluation
C1147,Chatbots
C1148,Data Visualization
C1149,Hypothesis Testing
C1150,Sales and Marketing Systems
C1151,Health Information Exchange (HIE)
C1152,Voting
C1153,Vue.js
C1154,Self-Supervised Learning
C1155,DAO Tokens
C1156,Model Monitoring
C1157,Electronic Health Records (EHR)
C1158,Frequency Encoding
C1159,Self-Management
C1160,Microsoft Azure
C1161,Tezos
C1162,RDF
C1163,Chi-Square Test
C1164,Decentralized Finance (DeFi)
C1165,Statistical Analysis
C1166,Delegated Proof of Stake (DPoS)
C1167,Neuroevolution
C1168,Bootstrapping
C1169,GitHub
C1170,Adversarial Training
C1171,Image Classification
C1172,Private Keys
C1173,Unsupervised Learning
C1174,Sequence-to-Sequence (Seq2Seq)
C1175,Remote Usability Testing
C1176,Graph Analytics
C1177,Genetic Algorithms
C1178,Decentralized Finance (DeFi)
C1179,Proof of Weight (PoWeight)
C1180,FTP/SFTP
C1181,Data Presentation
C1182,Regenerative Medicine
C1183,Strongly Connected Components
C1184,Leave-One-Out Cross-Validation (LOOCV)
C1185,Logistic Regression
C1186,Avalanche
C1187,ERC-721
C1188,Language Identification
C1189,Graph Partitioning
C1190,Estimation of Distribution Algorithms (EDA)
C1191,Layer 2 Solutions
C1192,T5
C1193,Naive Bayes
C1194,DHCP
C1195,Long Short-Term Memory (LSTM)
C1196,Decentralized Oracles
C1197,Meta-Learning
C1198,Autoencoders
C1199,Zero-Shot Learning
C1200,Minimum Cut
C1201,Pareto Distribution
C1202,Feature Selection
C1203,Redis
C1204,Flash Loans
C1205,Security Incident Response
C1206,Materials Management
C1207,Seed Phrases
C1208,Git
C1209,Brute Force Attack
C1210,Surgical Robotics
C1211,Adversarial Training
C1212,Meta-Learning
C1213,Deep Learning
C1214,Hyperledger
C1215,Independent Component Analysis (ICA)
C1216,Data Mining
C1217,Multi-Task Learning
C1218,Text Summarization
C1219,User Interface Design
C1220,Contract Management
C1221,Security Information and Event Management (SIEM)
C1222,Film NFTs
C1223,Metaverse NFTs
C1224,Atomic Swaps
C1225,Model Generalization
C1226,Web Development
C1227,Regression Analysis
C1228,Descriptive Statistics
C1229,AJAX
C1230,Load Balancing
C1231,Freight Management
C1232,Smart Contracts
C1233,Blockchain Scalability
C1234,Multi-Currency Wallets
C1235,Algorithmic Stablecoins
C1236,Correlation Analysis
C1237,Azure
C1238,Telematics
C1239,Identity Management
C1240,Non-Fungible Tokens (NFTs)
C1241,BERT
C1242,Model Monitoring
C1243,Big Data Analytics
C1244,Deep Reinforcement Learning
C1245,Adobe Creative Cloud
C1246,Token Distribution
C1247,Docker
C1248,Smart Contract Audits
C1249,Sidechains
C1250,Prescriptive Analytics
C1251,Environmental Monitoring Systems (EMS)
C1252,Icon Design
C1253,Adversarial Training
C1254,Part-of-Speech (POS) Tagging
C1255,Fine-Tuning
C1256,Bitcoin Wallets
C1257,Leave-One-Out Cross-Validation (LOOCV)
C1258,Long Short-Term Memory (LSTM)
C1259,IoT Applications
C1260,Cardano
C1261,Load)
C1262,Time Management
C1263,Naive Bayes
C1264,Security Information and Event Management (SIEM)
C1265,Contract Management
C1266,Meta-Learning
C1267,Model Deployment
C1268,Independent Component Analysis (ICA)
C1269,Descriptive Statistics
C1270,Liquidity Incentives
C1271,Token Sale
C1272,Text Mining
C1273,Graph Representation Learning
C1274,Descriptive Analytics
C1275,Routing and Logistics
C1276,Wireless Security
C1277,Information Architecture
C1278,OWASP Top 10
C1279,Regression Analysis
C1280,Neural Networks
C1281,t-Distributed Stochastic Neighbor Embedding (t-SNE)
C1282,Ruby
C1283,Machine Learning
C1284,Resilience
C1285,Feature Extraction
C1286,Security Compliance
C1287,Feature Scaling
C1288,Normalization
C1289,DeFi Protocols
C1290,Liquidity Mining
C1291,Patch Management
C1292,Liquidity Mining
C1293,Bioinformatics
C1294,Amazon Web Services
C1295,Early Stopping
C1296,Hadoop
C1297,Web Security
C1298,RESTful Web Services
C1299,CatBoost
C1300,Conflict Resolution
C1301,Proof of Burn (PoB)
C1302,Contract Management
C1303,Elasticsearch
C1304,Transcriptomics
C1305,Unix
C1306,State Channels
C1307,Service-Level Agreements (SLAs)
C1308,Actor-Critic Methods
C1309,Remote Sensing
C1310,Chi-Square Test
C1311,React.js
C1312,Stakeholder Management
C1313,FTP/SFTP
C1314,Cross-Chain Communication
C1315,Phishing
C1316,Eigenvalues and Eigenvectors
C1317,Vendor Management
C1318,Proof of Concept (PoC)
C1319,Semantic Web
C1320,Token Locking
C1321,Autoencoders
C1322,Proof of Authority (PoA)
C1323,Knowledge Graph Embedding
C1324,Security Tokens
C1325,Blockchain Interoperability
C1326,Laravel
C1327,Logistics Optimization
C1328,Supply Chain Risk Management
C1329,Transportation Management
C1330,Virtual Land NFTs
C1331,Desktop Support
C1332,Data Augmentation
C1333,Image Enhancement
C1334,Blockchain Oracles
C1335,Hypothesis Testing
C1336,Transfer Learning
C1337,Data Structures
C1338,Music Rights
C1339,Tokenization
C1340,Service Desk Management
C1341,Data Validation
C1342,Medical Image Analysis
C1343,Data Validation
C1344,Genetic Algorithms
C1345,Pruning
C1346,Survival Analysis
C1347,Attention Mechanism
C1348,Use Case
C1349,Sequence-to-Sequence (Seq2Seq)
C1350,User Research
C1351,Logistic Regression
C1352,Agile Methodologies
C1353,Route Optimization
C1354,Binance Wallet
C1355,Keras
C1356,Decentralized Oracles
C1357,Deep Learning
C1358,Split Testing
C1359,Covariance Matrix Adaptation Evolution Strategy (CMA-ES)
C1360,Algorand
C1361,Part-of-Speech (POS) Tagging
C1362,FastText
C1363,Security Information and Event Management (SIEM)
C1364,Agile Project Management
C1365,Ethereum Improvement Proposals (EIPs)
C1366,Sequence-to-Sequence (Seq2Seq)
C1367,Machine Learning Algorithms
C1368,Non-Fungible Tokens (NFTs)
C1369,Policy Gradient Methods
C1370,Inventory Optimization
C1371,Human Resource Management (HRM)
C1372,Description Logics
C1373,State Channels
C1374,Seed Phrases
C1375,Microsoft SQL Server
C1376,Penetration Testing
C1377,Data Mining
C1378,Edge Embedding
C1379,Cloud Computing
C1380,SSL/TLS
C1381,Reinforcement Learning
C1382,IBM Cloud
C1383,Service-Oriented Architecture (SOA)
C1384,Supplier Relationship Management (SRM)
C1385,One-Shot Learning
C1386,Decentralized Finance (DeFi)
C1387,Binance Smart Chain (BSC)
C1388,Earned Value Management (EVM)
C1389,Sketch
C1390,Dialogue Systems
C1391,Simulated Annealing
C1392,Self-Play
C1393,A/B Testing
C1394,ElasticNet Regularization
C1395,One-Shot Learning
C1396,Information Retrieval
C1397,Proof of Time (PoT)
C1398,Fleet Management
C1399,Correlation Analysis
C1400,Ledger Wallet
C1401,Robotic Surgery
C1402,Hub and Authority Scores
C1403,Multi-Signature Wallets
C1404,Shortest Path Algorithms
C1405,Routing and Navigation
C1406,Bagging
C1407,Fuzzy Clustering
C1408,Procurement
C1409,Ethereum Improvement Proposals (EIPs)
C1410,Closeness Centrality
C1411,Prediction Markets
C1412,Feature Extraction
C1413,Proof of Importance (PoI)
C1414,Dialogue Systems
C1415,Fuzzy Clustering
C1416,Causal Inference
C1417,Medical Informatics
C1418,Non-Fungible Tokens (NFTs)
C1419,Depth-First Search (DFS)
C1420,Continuous Integration (CI)
C1421,Supply Chain Collaboration
C1422,Language Identification
C1423,Interpretable Neural Networks
C1424,Wallet SDKs
C1425,Attention Mechanism
C1426,Principal Component Analysis (PCA)
C1427,Computer Vision
C1428,Manufacturing Execution Systems (MES)
C1429,State Channels
C1430,Monte Carlo Tree Search (MCTS)
C1431,SPARQL
C1432,Smart Grid
C1433,Recurrent Neural Networks (RNN)
C1434,Inventory Optimization
C1435,K-Means Clustering
C1436,Node.js
C1437,LightGBM
C1438,Bitbucket
C1439,Decentralized Applications (DApps)
C1440,DHCP
C1441,Bootstrapping
C1442,Data Analysis
C1443,Medical Imaging
C1444,Building Automation
C1445,Word Embeddings
C1446,Design Patterns
C1447,Geocoding
C1448,Text Summarization
C1449,Graphic Design
C1450,Use Case
C1451,Medical Informatics
C1452,Cross-Chain Communication
C1453,Adversarial Training
C1454,Smart Contracts
C1455,K-Fold Cross-Validation
C1456,Lemmatization
C1457,XML
C1458,Citrix
C1459,Language Generation
C1460,Collateralized Stablecoins
C1461,Independent Component Analysis (ICA)
C1462,Association Rule Learning
C1463,Bootstrap
C1464,Stacking
C1465,Health Information Management (HIM)
C1466,Interpersonal Skills
C1467,Business Continuity Planning (BCP)
C1468,Prediction Markets
C1469,Sequence-to-Sequence (Seq2Seq)
C1470,Edge Embedding
C1471,Dijkstra's Algorithm
C1472,Betweenness Centrality
C1473,Metaverse NFTs
C1474,Yield Farming Aggregators
C1475,User Stories
C1476,Attention Mechanism
C1477,Interaction Design
C1478,Utility Tokens
C1479,Non-Fungible Tokens (NFTs)
C1480,Graph Neural Networks (GNNs)
C1481,Fleet Management
C1482,Ethereum Improvement Proposals (EIPs)
C1483,LAN/WAN
C1484,K-Means Clustering
C1485,LightGBM
C1486,Proof of Activity (PoA)
C1487,Interpersonal Skills
C1488,Lasso Regression
C1489,Entity Linking
C1490,Temporal Difference Learning
C1491,Node.js
C1492,GraphQL
C1493,Non-Fungible Tokens (NFTs)
C1494,Visualization Tools
C1495,Real-Time Monitoring
C1496,Public Key Infrastructure (PKI)
C1497,Fuzzy Clustering
C1498,Proof of Elapsed Time (PoET)
C1499,Computer Vision
C1500,Cold Wallets
C1501,Automated Market Makers (AMMs)
C1502,K-Nearest Neighbors (KNN)
C1503,Fuzzy Clustering
C1504,Sketch
C1505,InVision
C1506,Contract Management
C1507,Data Presentation
C1508,Cold Wallets
C1509,Transfer Learning
C1510,Kanban
C1511,Scheduling
C1512,JSON Web Tokens
C1513,Closeness Centrality
C1514,Self-Supervised Learning
C1515,Yield Aggregators
C1516,Initial Exchange Offerings (IEOs)
C1517,Dimensionality Reduction
C1518,Graph Algorithms
C1519,Healthcare IT
C1520,Smart Homes
C1521,Plasma
C1522,Balsamiq
C1523,Identity Verification
C1524,BERT
C1525,Session Hijacking
C1526,Borrowing Protocols
C1527,IoT Platforms
C1528,Altcoin Wallets
C1529,IoT Data Analytics
C1530,Flask
C1531,Initial Exchange Offerings (IEOs)
C1532,MySQL
C1533,Randomized Controlled Trials (RCTs)
C1534,On-Chain Governance
C1535,Digital Assets
C1536,Matplotlib
C1537,Python
C1538,Initial Exchange Offerings (IEOs)
C1539,Descriptive Analytics
C1540,Security Information and Event Management (SIEM)
C1541,Proof of Weight (PoWeight)
C1542,Smart Homes
C1543,ERC-20
C1544,Containerization
C1545,UI/UX Design
C1546,Dialogue Systems
C1547,IoT Applications
C1548,Manufacturing IoT
C1549,Business Intelligence (BI)
C1550,Yield Aggregators
C1551,Routing and Logistics
C1552,Off-Chain Governance
C1553,Full Stack Development
C1554,One-Hot Encoding
C1555,Yield Farming
C1556,Public Health Informatics
C1557,NFT Wallets
C1558,Automated Market Makers (AMMs)
C1559,Pandas
C1560,All Pairs Shortest Path
C1561,One-Hot Encoding
C1562,Energy Automation
C1563,Telemedicine
C1564,Multi-Task Learning
C1565,Decentralized Finance (DeFi) Wallets
C1566,MacOS
C1567,L1 Regularization
C1568,Security Tokens
C1569,Smart Contracts
C1570,Backend Development
C1571,User Testing
C1572,Part-of-Speech (POS) Tagging
C1573,Off-Chain Governance
C1574,Web Development
C1575,ASP.NET MVC
C1576,XLNet
C1577,Prediction Markets
C1578,User Stories
C1579,Plasma
C1580,Token Airdrop
C1581,Conversational Agents
C1582,Cross-Site Scripting (XSS)
C1583,Stellar
C1584,Tokenomics
C1585,Cryptocurrency Wallets
C1586,GraphQL
C1587,Seed Phrases
C1588,Python
C1589,Policy Gradient Methods
C1590,Independent Component Analysis (ICA)
C1591,Image Classification
C1592,Energy Management Systems (EMS)
C1593,Computer Vision
C1594,Proof of Weight (PoWeight)
C1595,Principal Component Analysis (PCA)
C1596,Altcoin Wallets
C1597,Contract Management
C1598,Qualitative Analysis
C1599,Inventory Optimization
C1600,Nanorobotics
C1601,Bias-Variance Tradeoff
C1602,Bitcoin Wallets
C1603,Responsive Design
C1604,Ledger Wallet
C1605,Interpretable Neural Networks
C1606,Topological Sorting
C1607,Zero-Shot Learning
C1608,JSON
C1609,Music Rights
C1610,Biological Data Analysis
C1611,Telemedicine
C1612,ETL (Extract
C1613,Remote Usability Testing
C1614,Liquidity Mining
C1615,Frontend Development
C1616,Non-Fungible Tokens (NFTs)
C1617,Model Monitoring
C1618,Industrial Automation
C1619,Clinical Research Informatics
C1620,Delegated Proof of Stake (DPoS)
C1621,Liquidity Pools
C1622,Proof of Work (PoW)
C1623,Innovation
C1624,Bootstrap Aggregating
C1625,Reinforcement Learning
C1626,A/B Testing
C1627,Crypto Wallets
C1628,Order Management
C1629,Decentralized Autonomous Organizations (DAOs)
C1630,Negative Transfer
C1631,Proof of Burn (PoB)
C1632,SQL
C1633,Machine Learning
C1634,Supply Chain Analytics
C1635,Eigenvalues and Eigenvectors
C1636,Radiology Information System (RIS)
C1637,Service Desk Management
C1638,Retail IoT
C1639,Supply Chain Visibility
C1640,Document Clustering
C1641,JavaScript
C1642,Sharding
C1643,Report Writing
C1644,Governance Tokens
C1645,Image Segmentation
C1646,Chi-Square Test
C1647,Simulated Annealing
C1648,Elasticsearch
C1649,Connected Cars
C1650,Enterprise Resource Planning (ERP)
C1651,Speech Recognition
C1652,Smart Contracts
C1653,Uniform Manifold Approximation and Projection (UMAP)
C1654,Atomic Swaps
C1655,Bitcoin Wallets
C1656,t-Distributed Stochastic Neighbor Embedding (t-SNE)
C1657,Docker
C1658,Gradient Descent
C1659,Actor-Critic Methods
C1660,Freight Management
C1661,Object-Oriented Programming (OOP)
C1662,Correlation Analysis
C1663,Brands
C1664,Closed Source Wallets
C1665,Gaming NFTs
C1666,ISO 27001
C1667,Prescriptive Analytics
C1668,Image Segmentation
C1669,Geographic Data Visualization
C1670,Feature Selection
C1671,Global Positioning System (GPS)
C1672,AJAX
C1673,Manufacturing IoT
C1674,Capacity Management
C1675,Asset-Backed Tokens
C1676,Picture Archiving Communication System (PACS)
C1677,Deep Q-Networks (DQN)
C1678,Generative Adversarial Networks (GAN)
C1679,OPTICS
C1680,Logistics Optimization
C1681,Predictive Modeling
C1682,Regression
C1683,Geographic Data Visualization
C1684,AngularJS
C1685,Corda
C1686,Pruning
C1687,Yield Farming
C1688,Location-Based Services (LBS)
C1689,Covariance Matrix Adaptation Evolution Strategy (CMA-ES)
C1690,Document Classification
C1691,Word Embeddings
C1692,Plotly
C1693,Poisson Distribution
C1694,Token Airdrop
C1695,Global Positioning System (GPS)
C1696,Frequency Encoding
C1697,Feature Engineering
C1698,Centrality Measures
C1699,Stellar
C1700,React.js
C1701,Non-Fungible Tokens (NFTs)
C1702,Neural Networks
C1703,Medical Imaging
C1704,Stakeholder Management
C1705,Token Burn
C1706,Feature Engineering
C1707,Model Deployment
C1708,Lean Methodology
C1709,Tokenization
C1710,Real Estate
C1711,Text Mining
C1712,Staking
C1713,Logistics Optimization
C1714,Lending Platforms
C1715,Survey Design
C1716,Utility Tokens
C1717,C++
C1718,PRINCE2
C1719,Lasso Regression
C1720,Medical Robotics
C1721,Depth-First Search (DFS)
C1722,Contract Management
C1723,Yield Farming
C1724,Oracle Database
C1725,Feature Selection
C1726,Routing and Logistics
C1727,Ridge Regression
C1728,Cryptography
C1729,Ledger Wallet
C1730,Delegated Proof of Stake (DPoS)
C1731,Dimensionality Reduction
C1732,Feature Engineering
C1733,Layer 2 Solutions
C1734,Graph Matching
C1735,Tabu Search
C1736,Word Embeddings
C1737,Root Cause Analysis (RCA)
C1738,Sharding
C1739,Model Evaluation
C1740,Supervised Learning
C1741,Data Mining
C1742,Product Owner
C1743,Decentralized Identity (DID)
C1744,Digital Collectibles
C1745,Community Tokens
C1746,Graph Compression
C1747,MT5
C1748,OWASP Top 10
C1749,Association Rule Learning
C1750,Gaming Assets
C1751,Supply Chain Visibility
C1752,Ethereum
C1753,Question Answering Systems
C1754,Data Cleaning
C1755,Hierarchical Clustering
C1756,Data Structures
C1757,Power BI
C1758,Neural Architecture Search (NAS)
C1759,Transcriptomics
C1760,Unsupervised Learning
C1761,Web Security
C1762,FP-Growth Algorithm
C1763,Deep Q-Networks (DQN)
C1764,Graph Clustering
C1765,Centrality Measures
C1766,Metabolomics
C1767,Token Burn
C1768,Event Oracles
C1769,Utility Tokens
C1770,Requirements Gathering
C1771,Segmentation
C1772,NFT Wallets
C1773,Decentralized Finance (DeFi)
C1774,Picture Archiving Communication System (PACS)
C1775,Data Engineering
C1776,Generative Adversarial Networks (GANs)
C1777,Dimensionality Reduction
C1778,Text-to-Speech (TTS)
C1779,Estimation of Distribution Algorithms (EDA)
C1780,Graph Embedding
C1781,ITIL
C1782,Supplier Relationship Management (SRM)
C1783,Descriptive Modeling
C1784,Autoencoders
C1785,Proof of Stake (PoS)
C1786,Staking
C1787,Statistical Analysis
C1788,Proof of Trust (PoT)
C1789,FP-Growth Algorithm
C1790,FastText
C1791,Moqups
C1792,Cryptocurrency
C1793,Requirements Gathering
C1794,Normalization
C1795,Prescriptive Modeling
C1796,Ethereum Wallets
C1797,Data Warehousing
C1798,Independent Component Analysis (ICA)
C1799,Dimensionality Reduction
C1800,Apache Kafka
C1801,Text Summarization
C1802,Internet of Things (IoT)
C1803,Firewall
C1804,Fleet Management
C1805,Contract Management
C1806,FTP/SFTP
C1807,Fine-Tuning
C1808,Citrix
C1809,Non-Custodial Wallets
C1810,Simulated Annealing
C1811,Recurrent Neural Networks (RNN)
C1812,Conversational Agents
C1813,Capacity Planning
C1814,Smart Contract Platforms
C1815,Logistic Regression
C1816,Logistic Regression
C1817,Transportation Management
C1818,Python
C1819,Supervisory Control and Data Acquisition (SCADA)
C1820,Chainlink
C1821,Data Modeling
C1822,Wireframe Tools
C1823,Demand Forecasting
C1824,Decentralized Finance (DeFi) Wallets
C1825,Wallet Security
C1826,Permutation Feature Importance
C1827,Emotion Recognition
C1828,Music NFTs
C1829,Cross-Validation
C1830,Statistical Analysis
C1831,Ethereum
C1832,JSON Web Tokens
C1833,Feature Engineering
C1834,Medical Billing
C1835,Uniform Distribution
C1836,Proof of Trust (PoT)
C1837,Wireless Security
C1838,Information Retrieval (IR)
C1839,Smart Contracts
C1840,Antivirus Software
C1841,Data Visualization
C1842,C#
C1843,Yield Aggregators
C1844,Tokenization
C1845,Proof of Trust (PoT)
C1846,Lasso Regression
C1847,Logistics Optimization
C1848,Business Intelligence (BI)
C1849,Biological Data Analysis
C1850,Environmental Monitoring Systems (EMS)
C1851,Network Effects
C1852,Naive Bayes
C1853,Endpoint Security
C1854,Layer 1 Scaling Solutions
C1855,Data Interpretation
C1856,Commodity Tokens
C1857,Relation Extraction
C1858,Celebrities
C1859,Telemedicine
C1860,Data Analysis
C1861,Staking Wallets
C1862,Graph Neural Networks (GNNs)
C1863,Graph Clustering
C1864,Gaming Assets
C1865,Release Management
C1866,Target Encoding
C1867,System Administration
C1868,Remote Support
C1869,Location-Based Services (LBS)
C1870,Compliance Management
C1871,Mean Shift
C1872,Microsoft Azure
C1873,Reporting and Dashboards
C1874,Decentralized Finance (DeFi) Wallets
C1875,Proof of Capacity (PoC)
C1876,Question Answering
C1877,Home Automation
C1878,Persona Creation
C1879,One-Shot Learning
C1880,Rollups
C1881,Plasma
C1882,Qualitative Research
C1883,Token Migration
C1884,Non-Custodial Wallets
C1885,Client/Server Architecture
C1886,Smart Contracts
C1887,Depth-First Search (DFS)
C1888,Digital Collectibles
C1889,Network Effects
C1890,NEO Virtual Machine (NEOVM)
C1891,Yield Optimizers
C1892,Neural Networks
C1893,Dialogue Systems
C1894,Tokenomics
C1895,Technical Writing
C1896,Reinforcement Learning
C1897,Document Similarity
C1898,Strongly Connected Components
C1899,Shortest Path Algorithms
C1900,Deep Reinforcement Learning
C1901,Dimensionality Reduction
C1902,Session Hijacking
C1903,Cross-Validation
C1904,Waterfall Methodology
C1905,Sentiment Analysis
C1906,Language Generation
C1907,EOS
C1908,Medical Image Analysis
C1909,Temporal Difference Learning
C1910,Distributed Applications (DApps)
C1911,Remote Monitoring
C1912,Celebrities
C1913,Ruby on Rails
C1914,Statistical Inference
C1915,Token Vesting
C1916,IoT Sensors
C1917,Telematics
C1918,Multi-Task Learning
C1919,Data Augmentation
C1920,Client/Server Architecture
C1921,Model Distillation
C1922,Wearable Devices
C1923,XGBoost
C1924,Proof of Authority (PoA)
C1925,Commodity Tokens
C1926,Orthogonalization
C1927,Blockchain Technology
C1928,Graph Neural Networks (GNNs)
C1929,Persona Creation
C1930,Semi-Supervised Learning
C1931,Interviewing
C1932,Borrowing Protocols
C1933,DNS
C1934,Dimensionality Reduction
C1935,HTML
C1936,OPTICS
C1937,Phishing
C1938,Protocol Tokens
C1939,Feature Scaling
C1940,Python
C1941,Fleet Management
C1942,Clickjacking
C1943,Proof of Weight (PoWeight)
C1944,Domain Adaptation
C1945,Seed Phrases
C1946,Feature Scaling
C1947,Proof of Authority (PoA)
C1948,Regression Analysis
C1949,Event Oracles
C1950,Token Burn
C1951,LSTM
C1952,Strongly Connected Components
C1953,Recurrent Neural Networks (RNN)
C1954,Convolutional Neural Networks (CNN)
C1955,Speech-to-Text (STT)
C1956,Real Estate NFTs
C1957,Depth-First Search (DFS)
C1958,Negotiation Skills
C1959,Text Generation
C1960,Balsamiq
C1961,LightGBM
C1962,Token Wallets
C1963,Microsoft Access
C1964,Language Identification
C1965,Minimum Spanning Tree
C1966,VPN
C1967,Bioinformatics
C1968,Clickjacking
C1969,Principal Component Analysis (PCA)
C1970,Security Tokens
C1971,Graph Isomorphism
C1972,Reinforcement Learning
C1973,Remote Monitoring
C1974,Scrum Master
C1975,Wearable Devices
C1976,Neural Networks
C1977,Sentiment Analysis
C1978,NFT Wallets
C1979,Seed Phrases
C1980,Solana
C1981,Intrusion Detection System (IDS)
C1982,L2 Regularization
C1983,Supply Chain Collaboration
C1984,Bioinformatics
C1985,DBSCAN
C1986,Question Answering Systems
C1987,HTML
C1988,Image Enhancement
C1989,Actor-Critic Methods
C1990,Graph Convolutional Networks (GCNs)
C1991,IoT Applications
C1992,Software Development
C1993,Decision Trees
C1994,Tezos
C1995,Doc2Vec
C1996,Monte Carlo Simulation
C1997,Gantt Chart
C1998,Industrial Automation
C1999,Classification
