Candidate ID,Skills
C1000,Document Indexing
C1001,Design Patterns
C1002,Scheduling
C1003,Seaborn
C1004,Speech Recognition
C1005,PageRank
C1006,Sketch
C1007,Tron Virtual Machine (TVM)
C1008,Independent Component Analysis (ICA)
C1009,Data Engineering
C1010,Session Hijacking
C1011,Documentation
C1012,Seaborn
C1013,Tron Virtual Machine (TVM)
C1014,Graph Compression
C1015,Quantization
C1016,Holdout Validation
C1017,Yield Optimizers
C1018,Social Tokens
C1019,Probability Theory
C1020,Cluster Analysis
C1021,Healthcare Data Mining
C1022,Agricultural IoT
C1023,Intrusion Prevention System (IPS)
C1024,Resilience
C1025,Zero-Shot Learning
C1026,Accessibility
C1027,Negotiation Skills
C1028,IoT Platforms
C1029,Supply Chain IoT
C1030,Survey Design
C1031,Data Engineering
C1032,Image Enhancement
C1033,Link Prediction
C1034,Regression Analysis
C1035,Decentralized Finance (DeFi)
C1036,IoT Applications
C1037,Communication Skills
C1038,Experimental Design
C1039,Kruskal's Algorithm
C1040,Smart Contracts
C1041,IoT Applications
C1042,Axure RP
C1043,Decision Analysis
C1044,Simulation
C1045,Robotic Exoskeletons
C1046,Penetration Testing
C1047,Requirements Gathering
C1048,IBM Cloud
C1049,Apriori Algorithm
C1050,Token Swap
C1051,Smart Homes
C1052,Connected Components
C1053,Nanorobotics
C1054,Information Architecture
C1055,Critical Path Method (CPM)
C1056,Emotional Intelligence
C1057,D3.js
C1058,Unsupervised Learning
C1059,Eigenvector Centrality
C1060,Kubernetes
C1061,Speech Synthesis
C1062,Frequency Encoding
C1063,Domain Adaptation
C1064,D3.js
C1065,Remote Support
C1066,Business Continuity Planning (BCP)
C1067,Inferential Statistics
C1068,PyTorch
C1069,DHCP
C1070,Chi-Square Test
C1071,Negotiation Skills
C1072,Atomic Swaps
C1073,Supervisory Control and Data Acquisition (SCADA)
C1074,Artificial Intelligence (AI)
C1075,Multi-Task Learning
C1076,Infrastructure as Code (IaC)
C1077,Unsupervised Learning
C1078,Hyperparameter Optimization
C1079,XGBoost
C1080,Metabolomics
C1081,Health Information Management (HIM)
C1082,Waterfall Methodology
C1083,Algorithms
C1084,Forecasting
C1085,Sports NFTs
C1086,Neural Networks
C1087,React.js
C1088,Scrum
C1089,Information Architecture
C1090,Feature Extraction
C1091,Passive Learning
C1092,Python
C1093,Sharding
C1094,Supervised Learning
C1095,NFT Wallets
C1096,Data Analysis
C1097,PageRank
C1098,Personal Health Records (PHR)
C1099,Enterprise Resource Planning (ERP)
C1100,LSTM
C1101,SPARQL
C1102,ElasticNet Regularization
C1103,Rollups
C1104,Algorand
C1105,Electronic Health Records (EHR)
C1106,Generative Adversarial Networks (GANs)
C1107,Text Summarization
C1108,Linux
C1109,MapReduce
C1110,Electronic Health Records (EHR)
C1111,Elasticsearch
C1112,Interviewing
C1113,Factor Analysis
C1114,Uniform Manifold Approximation and Projection (UMAP)
C1115,Document Classification
C1116,Incident Management
C1117,Firewall
C1118,Facial Recognition
C1119,Plotly
C1120,Heuristic Evaluation
C1121,Blockchain Scalability
C1122,Digital Wallets
C1123,Tezos
C1124,Overfitting
C1125,Logistics IoT
C1126,Quantitative Research
C1127,Transformer
C1128,Bayesian Optimization
C1129,Q-Learning
C1130,Vector Calculus
C1131,Eigenvector Centrality
C1132,Self-Motivation
C1133,Document Clustering
C1134,Sybil Resistance
C1135,Penetration Testing
C1136,Data Oracles
C1137,Accessibility
C1138,Vendor Management
C1139,Genomics
C1140,Mobile Wallets
C1141,Non-Custodial Wallets
C1142,Identity Verification
C1143,Scheduling
C1144,Pruning
C1145,Decentralized Applications (DApps)
C1146,Bayesian Optimization
C1147,CSS
C1148,Empathy Mapping
C1149,NFT Wallets
C1150,IoT Sensors
C1151,Early Stopping
C1152,Procurement
C1153,Serverless Architecture
C1154,Feature Selection
C1155,Journey Mapping
C1156,State Channels
C1157,Feature Engineering
C1158,Reinforcement Learning
C1159,Continuous Deployment (CD)
C1160,Experimental Design
C1161,Active Learning
C1162,Emotion Recognition
C1163,Randomized Controlled Trials (RCTs)
C1164,Tableau
C1165,Layer 2 Solutions
C1166,Poisson Distribution
C1167,Price Oracles
C1168,Model Generalization
C1169,Smart Contracts
C1170,Covariance Matrix Adaptation Evolution Strategy (CMA-ES)
C1171,Oracle Database
C1172,Elasticsearch
C1173,Backup and Restore
C1174,IoT Data Analytics
C1175,Expert Review
C1176,Picture Archiving Communication System (PACS)
C1177,Decentralized Stablecoins
C1178,Code Review
C1179,Graph Neural Networks (GNNs)
C1180,Cloud Computing
C1181,TensorFlow
C1182,User Testing
C1183,Natural Language Processing (NLP)
C1184,Speech Recognition
C1185,Document Classification
C1186,Target Encoding
C1187,Data Wrangling
C1188,Incident Management
C1189,Deep Q-Networks (DQN)
C1190,Dialogue Systems
C1191,OAuth2
C1192,ElasticNet Regression
C1193,VeChain
C1194,Degree Centrality
C1195,Supply Chain IoT
C1196,IT Infrastructure
C1197,Healthcare Robotics
C1198,Power BI
C1199,Connected Components
C1200,Network Effects
C1201,Healthcare Data Visualization
C1202,Tron Virtual Machine (TVM)
C1203,Data Pipelines
C1204,DNS
C1205,Negotiation Skills
C1206,Data Engineering
C1207,Hub and Authority Scores
C1208,Principal Component Analysis (PCA)
C1209,Language Translation
C1210,Text Mining
C1211,jQuery
C1212,Prim's Algorithm
C1213,Graph Clustering
C1214,Product Owner
C1215,Utility Tokens
C1216,Customer Service
C1217,Tokenized Securities
C1218,Client/Server Architecture
C1219,PHP
C1220,Statistical Analysis
C1221,Human Resource Management (HRM)
C1222,Clinical Decision Support Systems (CDSS)
C1223,Geocoding
C1224,Genetic Algorithms
C1225,Autoencoders
C1226,Metaverse NFTs
C1227,Closed Source Wallets
C1228,Model-Free Optimization
C1229,ANOVA
C1230,Illustration
C1231,Binary Encoding
C1232,Blockchain Consensus Mechanisms
C1233,Token Burn
C1234,Security Tokens
C1235,Backend Development
C1236,Computer Vision
C1237,Compliance Management
C1238,Problem Management
C1239,ISO 27001
C1240,Voting
C1241,Image Enhancement
C1242,Uniform Manifold Approximation and Projection (UMAP)
C1243,Entity Resolution
C1244,Feature Selection
C1245,Icon Design
C1246,Windows Server
C1247,Principal Component Analysis (PCA)
C1248,Wearable Devices
C1249,PHP
C1250,Linear Models
C1251,Agile Project Management
C1252,Virtualization
C1253,Logistics Optimization
C1254,Predictive Analytics
C1255,Binary Encoding
C1256,Descriptive Analytics
C1257,Algorand
C1258,Natural Language Processing (NLP)
C1259,Condition Monitoring
C1260,Feature Selection
C1261,Java
C1262,PMI
C1263,Emotional Intelligence
C1264,Attention Mechanism
C1265,Blockchain Interoperability
C1266,Graph Compression
C1267,Cross-Platform Development
C1268,K-Nearest Neighbors (KNN)
C1269,LightGBM
C1270,Session Hijacking
C1271,Zeplin
C1272,SPARQL
C1273,Evolution Strategies
C1274,Utility Tokens
C1275,Industrial Automation
C1276,MT5
C1277,Capacity Planning
C1278,SQL
C1279,Feature Engineering
C1280,Fuzzy Clustering
C1281,Industrial Automation
C1282,Transfer Learning
C1283,IoT Devices
C1284,Token Distribution
C1285,Metaverse Land
C1286,Document Clustering
C1287,Backup and Restore
C1288,Algorand
C1289,Domain Names
C1290,Technical Writing
C1291,Cosmos
C1292,SVN
C1293,k-Nearest Neighbors (k-NN)
C1294,Time-Series Cross-Validation
C1295,Wallet APIs
C1296,Firebase
C1297,JavaScript
C1298,Brands
C1299,Persona Creation
C1300,Token Airdrop
C1301,Layer 2 Solutions
C1302,Presentation Skills
C1303,Probability Theory
C1304,Attention Mechanism
C1305,Distributed Applications (DApps)
C1306,Liquidity Pools
C1307,Entity Resolution
C1308,Software Architecture
C1309,MacOS
C1310,Data Analysis
C1311,Token Sale
C1312,Eigenvalues and Eigenvectors
C1313,Google Cloud Platform (GCP)
C1314,Exploratory Data Analysis (EDA)
C1315,Network Monitoring
C1316,Embedding
C1317,Model Interpretability
C1318,Link Prediction
C1319,Autoencoders
C1320,Decision Trees
C1321,Manufacturing IoT
C1322,Closed Source Wallets
C1323,Curiosity-Driven Exploration
C1324,Fractional Ownership Tokens
C1325,Bootstrap
C1326,Community Detection
C1327,Electronic Health Records (EHR)
C1328,Polynomial Regression
C1329,Neural Machine Translation (NMT)
C1330,Adversarial Training
C1331,Data Augmentation
C1332,Neural Machine Translation (NMT)
C1333,Graph Neural Networks (GNNs)
C1334,Linux
C1335,Backup and Restore
C1336,Utility Tokens
C1337,VPN
C1338,Mobile Development
C1339,Natural Language Processing (NLP)
C1340,Reinforcement Learning
C1341,PostgreSQL
C1342,Support Vector Machines (SVM)
C1343,Decentralized Applications (DApps)
C1344,Enterprise Resource Planning (ERP)
C1345,Apriori Algorithm
C1346,Microsoft Azure
C1347,SOAP
C1348,FP-Growth Algorithm
C1349,Tabu Search
C1350,XGBoost
C1351,Data Modeling
C1352,User Experience Design
C1353,Warehouse Management
C1354,Supervisory Control and Data Acquisition (SCADA)
C1355,Smart Contracts
C1356,Infrastructure as Code (IaC)
C1357,Link Prediction
C1358,Chatbots
C1359,GitLab
C1360,Identity Verification
C1361,Emotional Intelligence
C1362,Precision Medicine
C1363,OPTICS
C1364,Predictive Modeling
C1365,Hardware Wallets
C1366,Cluster Analysis
C1367,Positive Transfer
C1368,Cross-Site Request Forgery (CSRF)
C1369,Transfer Learning
C1370,Link Prediction
C1371,Transfer Learning
C1372,Proteomics
C1373,Text Generation
C1374,Graph Traversal Algorithms
C1375,Knowledge Graph Embedding
C1376,Flash Loans
C1377,Passive Learning
C1378,PERT
C1379,Analytical Skills
C1380,Decentralized Applications (DApps)
C1381,Session Hijacking
C1382,Ordinal Encoding
C1383,Solana
C1384,Text Mining
C1385,Feature Engineering
C1386,Geocoding
C1387,Decentralized Exchanges (DEXs)
C1388,Ethereum
C1389,Few-Shot Learning
C1390,Identity and Access Management (IAM)
C1391,Project Management
C1392,Generative Adversarial Networks (GANs)
C1393,Documentation
C1394,Chatbots
C1395,Model Distillation
C1396,Telemedicine
C1397,Active Learning
C1398,Proof of Authority (PoA)
C1399,t-Distributed Stochastic Neighbor Embedding (t-SNE)
C1400,OAuth
C1401,Network Security
C1402,Mean Shift
C1403,Decentralized Finance (DeFi)
C1404,Creativity
C1405,Topic Modeling
C1406,Persona Creation
C1407,Decentralized Autonomous Organizations (DAOs)
C1408,Surgical Robotics
C1409,Collateralized Stablecoins
C1410,Celebrities
C1411,Mobile Development
C1412,Word Embeddings
C1413,Non-Fungible Tokens (NFTs)
C1414,Geographic Information Systems (GIS)
C1415,Laravel
C1416,Smart Contracts
C1417,ERC-721
C1418,Ethereum Wallets
C1419,Axure RP
C1420,Scrum Master
C1421,Model Monitoring
C1422,Tron
C1423,Patient Monitoring Systems
C1424,Hypothesis Testing
C1425,Private Keys
C1426,Healthcare Data Mining
C1427,Logistic Regression
C1428,Axure RP
C1429,Community Detection
C1430,Medical Billing
C1431,Database Administration
C1432,Continuous Learning
C1433,Medical Informatics
C1434,Decentralized Finance (DeFi)
C1435,HIPAA
C1436,Healthcare Technology
C1437,Minimum Cut
C1438,User Documentation
C1439,Production Planning
C1440,Yield Aggregators
C1441,Decentralized Identity (DID)
C1442,Descriptive Modeling
C1443,Model-Based Optimization
C1444,Document Indexing
C1445,Empathy Mapping
C1446,Stemming
C1447,Proof of Burn (PoB)
C1448,Reinforcement Learning
C1449,Eigenvalues and Eigenvectors
C1450,Clinical Decision Support Systems (CDSS)
C1451,Brands
C1452,Initial Exchange Offerings (IEOs)
C1453,Zeplin
C1454,MetaMask
C1455,Token Burn
C1456,Language Generation
C1457,Ethereum Improvement Proposals (EIPs)
C1458,Transfer Learning
C1459,Interaction Design
C1460,Cross-Platform Development
C1461,Liquidity Mining
C1462,Environmental Monitoring Systems (EMS)
C1463,Multivariate Analysis
C1464,ASP.NET MVC
C1465,Data Mining
C1466,Cloud Computing
C1467,Music NFTs
C1468,Generative Adversarial Networks (GAN)
C1469,Binary Encoding
C1470,Data Visualization
C1471,RESTful Web Services
C1472,Borrowing Platforms
C1473,Ant Colony Optimization (ACO)
C1474,FTP/SFTP
C1475,Neural Networks
C1476,Proof of Stake (PoS)
C1477,Linux
C1478,Visual Design
C1479,Linear Algebra
C1480,Digital Wallets
C1481,State Channels
C1482,Time Management
C1483,Hypothesis Testing
C1484,Equity Tokens
C1485,Neural Architecture Search (NAS)
C1486,Deep Q-Networks (DQN)
C1487,Standardization
C1488,Product Owner
C1489,Vendor Management
C1490,JSON Web Tokens
C1491,Bitcoin Wallets
C1492,Dimensionality Reduction
C1493,Reinforcement Learning
C1494,Sketch
C1495,C#
C1496,Microsoft Azure
C1497,Multi-Armed Bandit
C1498,Generative Adversarial Networks (GANs)
C1499,Software Wallets
C1500,Lean Methodology
C1501,Figma
C1502,Pruning
C1503,Graph Database
C1504,Natural Language Processing (NLP)
C1505,Infrastructure as Code (IaC)
C1506,Clinical Decision Support Systems (CDSS)
C1507,Supply Chain Analytics
C1508,Floyd-Warshall Algorithm
C1509,Decentralized Finance (DeFi)
C1510,Proof of Concept (PoC)
C1511,Web Wallets
C1512,Kubernetes
C1513,Document Classification
C1514,Hadoop
C1515,Budget Management
C1516,Digital Art NFTs
C1517,Flask
C1518,EOS
C1519,Zero Trust Security
C1520,Derivatives Protocols
C1521,Ethereum
C1522,Clinical Decision Support Systems (CDSS)
C1523,Token Economics
C1524,ElasticNet Regression
C1525,Natural Language Processing (NLP)
C1526,Adobe XD
C1527,t-Distributed Stochastic Neighbor Embedding (t-SNE)
C1528,Ensemble Learning
C1529,Visual Design
C1530,t-Distributed Stochastic Neighbor Embedding (t-SNE)
C1531,Topological Sorting
C1532,Dialogue Systems
C1533,Negotiation Skills
C1534,Initial Coin Offerings (ICOs)
C1535,Question Answering Systems
C1536,Business Intelligence (BI)
C1537,Test-Driven Development (TDD)
C1538,Decentralized Finance (DeFi)
C1539,Collateralized Stablecoins
C1540,Support Vector Machines (SVM)
C1541,Decision Analysis
C1542,Cosmos
C1543,Feature Engineering
C1544,Policy Gradient Methods
C1545,Confidence Intervals
C1546,Domain Adaptation
C1547,Document Indexing
C1548,Firebase
C1549,Domain Names
C1550,VPN
C1551,Individual Conditional Expectation (ICE) Plots
C1552,Open Source Wallets
C1553,Web Security
C1554,Trust Wallet
C1555,Classification
C1556,Attention Mechanism
C1557,Principal Component Analysis (PCA)
C1558,Amazon Web Services
C1559,Knowledge Graph Completion
C1560,Usability Testing
C1561,Intrusion Detection System (IDS)
C1562,Automatic Speech Recognition (ASR)
C1563,Scrum
C1564,Artificial Intelligence (AI)
C1565,Text Summarization
C1566,Liquidity Incentives
C1567,Proof of Capacity (PoC)
C1568,Feature Selection
C1569,AdaBoost
C1570,jQuery
C1571,Bitbucket
C1572,ERC-1155
C1573,Web Scraping
C1574,Graphic Design
C1575,Machine Learning Algorithms
C1576,Cryptocurrency
C1577,Clickjacking
C1578,Hibernate
C1579,Hyperparameter Optimization
C1580,Tokenization
C1581,Text Preprocessing
C1582,Attention to Detail
C1583,Tokenomics
C1584,Social Engineering
C1585,Data Warehousing
C1586,Association Rule Learning
C1587,Data Pipelines
C1588,Web Wallets
C1589,Social Tokens
C1590,Wireless Security
C1591,Overfitting
C1592,Proof of Work (PoW)
C1593,Singular Value Decomposition (SVD)
C1594,Zeplin
C1595,Autoencoders
C1596,Graph Neural Networks (GNNs)
C1597,Minimum Spanning Tree
C1598,Serverless Architecture
C1599,Layer 2 Solutions
C1600,Independent Component Analysis (ICA)
C1601,Statistical Inference
C1602,Seaborn
C1603,Agile Methodologies
C1604,Holdout Validation
C1605,Scikit-learn
C1606,Chi-Square Test
C1607,Radiology Information System (RIS)
C1608,Autoencoders
C1609,Intrusion Detection System (IDS)
C1610,Cluster Analysis
C1611,Data Collection
C1612,Web Scraping
C1613,Data Imputation
C1614,Passive Learning
C1615,Telematics
C1616,Regression Analysis
C1617,Non-Fungible Tokens (NFTs)
C1618,Part-of-Speech (POS) Tagging
C1619,Binance Wallet
C1620,Metabolomics
C1621,Simulation
C1622,All Pairs Shortest Path
C1623,JSON Web Tokens
C1624,PERT
C1625,Speech-to-Text (STT)
C1626,K-Means Clustering
C1627,Uniform Distribution
C1628,Principal Component Analysis (PCA)
C1629,Release Management
C1630,A/B Testing
C1631,Buffer Overflow
C1632,IBM Cloud
C1633,Entity Resolution
C1634,State Channels
C1635,Healthcare Informatics
C1636,Smart Homes
C1637,Sports Teams
C1638,Descriptive Modeling
C1639,Telemedicine
C1640,Exploratory Data Analysis (EDA)
C1641,Risk Management
C1642,Machine Learning
C1643,Part-of-Speech (POS) Tagging
C1644,Digital Collectibles
C1645,Token Economics
C1646,Healthcare Data Visualization
C1647,Medical Coding
C1648,Metabolomics
C1649,Decision Trees
C1650,Speech Synthesis
C1651,FastText
C1652,Blockchain Scalability
C1653,NEO Virtual Machine (NEOVM)
C1654,Budget Management
C1655,Normalization
C1656,Vector Calculus
C1657,Utility Tokens
C1658,Ripple
C1659,Data Analysis
C1660,VirtualBox
C1661,Independent Component Analysis (ICA)
C1662,Flexibility
C1663,Multi-Currency Wallets
C1664,Transportation Management
C1665,Documentation
C1666,Collateralized Stablecoins
C1667,Programmable Logic Controllers (PLCs)
C1668,Autoencoders
C1669,EOSIO
C1670,Digital Assets
C1671,Vyper
C1672,Liquidity Pools
C1673,Lasso Regression
C1674,Passive Learning
C1675,Derivatives Platforms
C1676,Prediction Markets
C1677,Multi-Task Learning
C1678,Blockchain Interoperability
C1679,Bagging
C1680,Capacity Management
C1681,Bioinformatics
C1682,SQL
C1683,Data Transformation
C1684,Graph Coloring
C1685,Optimization
C1686,Markov Chains
C1687,Human Resource Management (HRM)
C1688,Yield Farming
C1689,Supply Chain Risk Management
C1690,Graph Partitioning
C1691,Geocoding
C1692,Regression Analysis
C1693,Term Frequency-Inverse Document Frequency (TF-IDF)
C1694,Geographic Data Visualization
C1695,Supply Chain Risk Management
C1696,Dimensionality Reduction
C1697,Graph Analytics
C1698,Heroku
C1699,Question Answering Systems
C1700,Blockchain Governance
C1701,Quantitative Analysis
C1702,Ontologies
C1703,User Experience Design
C1704,Statistical Inference
C1705,Logistics Optimization
C1706,ETL (Extract
C1707,Transcriptomics
C1708,Uniform Distribution
C1709,Teamwork
C1710,Yield Optimizers
C1711,Digital Assets
C1712,Rehabilitation Robotics
C1713,Capsule Networks
C1714,Proof of Concept (PoC)
C1715,Active Learning
C1716,MVC Architecture
C1717,Critical Path Method (CPM)
C1718,Web3
C1719,SQL
C1720,Health Information System (HIS)
C1721,Attention to Detail
C1722,Blockchain Interoperability
C1723,MT5
C1724,Information Architecture
C1725,Corda
C1726,Environmental Monitoring Systems (EMS)
C1727,Data Cleaning
C1728,SQL
C1729,Process Automation
C1730,Time Management
C1731,Negotiation Skills
C1732,Shortest Path Algorithms
C1733,IoT Platforms
C1734,Policy Gradient Methods
C1735,FP-Growth Algorithm
C1736,Multi-Currency Wallets
C1737,Decentralized Autonomous Organizations (DAOs)
C1738,Hadoop
C1739,Deep Q-Networks (DQN)
C1740,Radiology Information System (RIS)
C1741,Multi-Task Learning
C1742,K-Fold Cross-Validation
C1743,Individual Conditional Expectation (ICE) Plots
C1744,Microsoft Azure
C1745,Degree Centrality
C1746,Hyperledger
C1747,Fleet Management
C1748,Interviewing
C1749,Randomized Controlled Trials (RCTs)
C1750,Neural Machine Translation (NMT)
C1751,Transformer
C1752,Recurrent Neural Networks (RNN)
C1753,Business Analytics
C1754,Question Answering Systems
C1755,Lasso Regression
C1756,SVN
C1757,Gradient Descent
C1758,Stakeholder Management
C1759,Open Source Wallets
C1760,Decentralized Insurance (DeFi)
C1761,Asset Tracking
C1762,Healthcare Data Analytics
C1763,Entity Linking
C1764,Model Distillation
C1765,Community Tokens
C1766,Regularization
C1767,Token Swap
C1768,Graph Isomorphism
C1769,Drug Discovery
C1770,Resilience
C1771,Bagging
C1772,Energy Automation
C1773,Non-Fungible Tokens (NFTs)
C1774,Regenerative Medicine
C1775,OWL
C1776,Medical Robotics
C1777,Proof of Elapsed Time (PoET)
C1778,Radiology Information System (RIS)
C1779,Emotion Recognition
C1780,Collectibles NFTs
C1781,PCI DSS
C1782,HIPAA
C1783,Inverse Reinforcement Learning
C1784,Geographic Information Systems (GIS)
C1785,Machine Learning
C1786,C#
C1787,EOSIO
C1788,Computer Vision
C1789,Token Sale
C1790,Music Rights
C1791,T5
C1792,Lending Protocols
C1793,Normal Distribution
C1794,HTTP/HTTPS
C1795,BERT
C1796,Report Writing
C1797,Convolutional Neural Networks (CNN)
C1798,Health Information Management (HIM)
C1799,Natural Language Processing (NLP)
C1800,Music Rights
C1801,Open Source Wallets
C1802,Entity Resolution
C1803,Hadoop
C1804,Node.js
C1805,Dimensionality Reduction
C1806,Atomic Swaps
C1807,Borrowing Platforms
C1808,Digital Wallets
C1809,Proof of Space (PoSpace)
C1810,Graphic Design
C1811,Load Balancing
C1812,Connected Components
C1813,ANOVA
C1814,System Administration
C1815,Yield Farming
C1816,Building Automation
C1817,Non-Fungible Tokens (NFTs)
C1818,One-Shot Learning
C1819,Exponential Distribution
C1820,MyEtherWallet (MEW)
C1821,Data Augmentation
C1822,Dialogue Systems
C1823,D3.js
C1824,Text Generation
C1825,PRINCE2
C1826,Least Squares
C1827,Reinforcement Learning
C1828,Continuous Learning
C1829,Beta Distribution
C1830,Programmable Logic Controllers (PLCs)
C1831,Object Recognition
C1832,Independent Component Analysis (ICA)
C1833,Passive Learning
C1834,LIME
C1835,LIME
C1836,Kruskal's Algorithm
C1837,MetaMask
C1838,Paper Wallets
C1839,Remote Support
C1840,Word2Vec
C1841,Hadoop
C1842,Neural Networks
C1843,Precision Medicine
C1844,Bootstrap Aggregating
C1845,Docker
C1846,Initial Coin Offerings (ICOs)
C1847,Fuzzy Clustering
C1848,Tokenized Assets
C1849,Scheduling
C1850,Gated Recurrent Unit (GRU)
C1851,Neuroevolution
C1852,ElasticNet Regression
C1853,Governance Tokens
C1854,Capsule Networks
C1855,Negative Transfer
C1856,Drug Discovery
C1857,Mobile Development
C1858,Stakeholder Management
C1859,Language Generation
C1860,DDoS Attack
C1861,Topic Modeling
C1862,Predictive Analytics
C1863,High Availability
C1864,Decision Trees
C1865,Trezor Wallet
C1866,Procurement
C1867,Decentralized Finance (DeFi)
C1868,Clickjacking
C1869,Linear Models
C1870,Information Retrieval
C1871,Smart Contract Platforms
C1872,One-Hot Encoding
C1873,Waterfall Methodology
C1874,Data Warehousing
C1875,Breadth-First Search (BFS)
C1876,Sentiment Analysis
C1877,Power BI
C1878,Logistic Regression
C1879,Network Security
C1880,Virtual Goods
C1881,Supply Chain Management (SCM)
C1882,Katz Centrality
C1883,Survival Analysis
C1884,Hyperledger
C1885,Eigenvalues and Eigenvectors
C1886,Sentiment Analysis
C1887,Natural Language Processing (NLP)
C1888,Time Series Analysis
C1889,Geographic Information Systems (GIS)
C1890,Keras
C1891,Optimization
C1892,Solidity
C1893,React.js
C1894,Causal Inference
C1895,Predictive Analytics
C1896,Data Augmentation
C1897,Graph Analytics
C1898,GitLab
C1899,Multi-Armed Bandit
C1900,Open Source Wallets
C1901,Business Continuity Planning (BCP)
C1902,Flash Loans
C1903,Interviewing
C1904,Logistic Regression
C1905,Smart Contract Development
C1906,Bootstrap
C1907,Big Data Analytics
C1908,Centrality Measures
C1909,Service-Oriented Architecture (SOA)
C1910,Geographic Data Analysis
C1911,Decentralized Finance (DeFi)
C1912,Technical Writing
C1913,Wireless Security
C1914,Network Effects
C1915,Time-Series Cross-Validation
C1916,Film Rights
C1917,Token Swap
C1918,Asset Management
C1919,Token Burn
C1920,Medical Robotics
C1921,Hypothesis Testing
C1922,Virtual Land NFTs
C1923,Drug Discovery
C1924,SVN
C1925,Cross-Chain Communication
C1926,AJAX
C1927,Supply Chain IoT
C1928,Geographic Information Systems (GIS)
C1929,FP-Growth Algorithm
C1930,Yield Optimizers
C1931,Spring
C1932,Poisson Distribution
C1933,Cross-Site Request Forgery (CSRF)
C1934,Dimensionality Reduction
C1935,Global Positioning System (GPS)
C1936,Embedding
C1937,Self-Supervised Learning
C1938,Expert Review
C1939,Agile Methodologies
C1940,Adaptability
C1941,Artificial Intelligence (AI)
C1942,Least Squares
C1943,Route Optimization
C1944,IBM Cloud
C1945,Dimensionality Reduction
C1946,Fine-Tuning
C1947,Yield Farming
C1948,Descriptive Analytics
C1949,Session Hijacking
C1950,Plotly
C1951,Layer 1 Scaling Solutions
C1952,Multi-Task Learning
C1953,Affinity Propagation
C1954,Explainable AI (XAI)
C1955,Floyd-Warshall Algorithm
C1956,Node Embedding
C1957,Decentralized Finance (DeFi) Oracles
C1958,Proof of Trust (PoT)
C1959,Continuous Integration (CI)
C1960,Sybil Resistance
C1961,Proof of Reputation (PoR)
C1962,Smart Homes
C1963,Cosmos
C1964,Machine Learning
C1965,Strongly Connected Components
C1966,Supply Chain Collaboration
C1967,Gaming Assets
C1968,Minimum Cut
C1969,Capacity Management
C1970,Spring
C1971,Token Airdrop
C1972,SMTP
C1973,Infrastructure as Code (IaC)
C1974,Firebase
C1975,Cross-Site Scripting (XSS)
C1976,Question Answering Systems
C1977,Logistics Optimization
C1978,Clustering
C1979,GraphQL
C1980,Commodity Tokens
C1981,Documentation
C1982,k-Nearest Neighbors (k-NN)
C1983,Vyper
C1984,Prioritization
C1985,Digital Wallets
C1986,Order Management
C1987,Ensemble Learning
C1988,Multi-Signature Wallet
C1989,Interpretable Neural Networks
C1990,Temporal Difference Learning
C1991,Question Answering Systems
C1992,Music Rights
C1993,ERC-20
C1994,GPT
C1995,API Documentation
C1996,Clinical Trials
C1997,VMware
C1998,Polynomial Regression
C1999,Business Intelligence (BI)
