Job ID,Skills
J1000,
J1001,Minimum Spanning Tree
J1002,Fuzzy Clustering
J1003,
J1004,Web Scraping
J1005,Creativity
J1006,Non-Fungible Tokens (NFTs)
J1007,Personalized Medicine
J1008,GRU
J1009,Principal Component Analysis (PCA)
J1010,
J1011,Domain Adaptation
J1012,Supply Chain Optimization
J1013,
J1014,Oracle Database
J1015,Transform
J1016,Ethereum Wallets
J1017,
J1018,PMBOK
J1019,
J1020,
J1021,GRU
J1022,Stakeholder Management
J1023,Binance Wallet
J1024,Digital Collectibles
J1025,
J1026,Building Automation
J1027,Decision Trees
J1028,Yield Aggregators
J1029,Model-Based Optimization
J1030,
J1031,Hyperledger
J1032,
J1033,Cloud Computing
J1034,
J1035,Graph Reconstruction
J1036,Android
J1037,Self-Management
J1038,Healthcare Business Intelligence (BI)
J1039,Graph Sampling
J1040,Clickjacking
J1041,Permutation Feature Importance
J1042,
J1043,Power BI
J1044,
J1045,Proof of Elapsed Time (PoET)
J1046,
J1047,
J1048,Dimensionality Reduction
J1049,
J1050,
J1051,Transfer Learning
J1052,Closeness Centrality
J1053,
J1054,Batch Normalization
J1055,Prediction Markets
J1056,
J1057,
J1058,Neural Networks
J1059,Feature Selection
J1060,Smart Grid
J1061,
J1062,ANOVA
J1063,Feature Engineering
J1064,
J1065,Stellar
J1066,
J1067,Factor Analysis
J1068,Interaction Design
J1069,Graph Isomorphism
J1070,
J1071,SQL
J1072,Intellectual Property
J1073,
J1074,
J1075,
J1076,System Administration
J1077,Hibernate
J1078,Ant Colony Optimization (ACO)
J1079,
J1080,Graph Coloring
J1081,iOS
J1082,
J1083,
J1084,Random Forest
J1085,Non-Fungible Tokens (NFTs)
J1086,
J1087,Microsoft Azure
J1088,Procurement
J1089,Graph Querying
J1090,
J1091,Contract Management
J1092,Data Visualization
J1093,Proof of Weight (PoWeight)
J1094,
J1095,Teamwork
J1096,Robotic Surgery
J1097,
J1098,Clickjacking
J1099,
J1100,
J1101,Android
J1102,Bootstrap
J1103,GitHub
J1104,Service Desk Management
J1105,Prim's Algorithm
J1106,
J1107,Knowledge Graph Embedding
J1108,
J1109,Sybil Resistance
J1110,
J1111,Semantic Web
J1112,Asynchronous Advantage Actor-Critic (A3C)
J1113,Polkadot
J1114,
J1115,
J1116,Service-Level Agreements (SLAs)
J1117,High Availability
J1118,
J1119,Relation Extraction
J1120,Inventory Management
J1121,Release Management
J1122,Partial Dependence Plots
J1123,Closeness Centrality
J1124,
J1125,
J1126,Descriptive Analytics
J1127,Firebase
J1128,Recurrent Neural Networks (RNN)
J1129,Grid Search
J1130,Negotiation Skills
J1131,
J1132,Fine-Tuning
J1133,Graph Clustering
J1134,Collectibles NFTs
J1135,
J1136,
J1137,SVN
J1138,Token Standards
J1139,Dimensionality Reduction
J1140,
J1141,
J1142,Supply Chain Risk Management
J1143,
J1144,Embedding
J1145,Derivatives Protocols
J1146,PMBOK
J1147,
J1148,BERT
J1149,Gaming NFTs
J1150,
J1151,Survival Analysis
J1152,DHCP
J1153,Building Automation
J1154,Ethereum
J1155,Gamma Distribution
J1156,
J1157,
J1158,Tokenomics
J1159,Topic Modeling
J1160,Industrial Automation
J1161,
J1162,Adaptability
J1163,Emotion Recognition
J1164,
J1165,iOS
J1166,
J1167,
J1168,
J1169,Data Oracles
J1170,
J1171,Web Development
J1172,Vulnerability Assessment
J1173,Neural Networks
J1174,Sports NFTs
J1175,Nanorobotics
J1176,Telematics
J1177,Earned Value Management (EVM)
J1178,
J1179,ERC-1155
J1180,Decentralized Finance (DeFi)
J1181,Text Preprocessing
J1182,Hyperparameter Optimization
J1183,Model Interpretability
J1184,
J1185,
J1186,RESTful APIs
J1187,Rule-Based Models
J1188,Healthcare Business Intelligence (BI)
J1189,IoT Security
J1190,
J1191,Problem-Solving
J1192,Neural Networks
J1193,Global Positioning System (GPS)
J1194,
J1195,Graph Matching
J1196,
J1197,Deep Learning
J1198,Data Augmentation
J1199,
J1200,Random Search
J1201,Healthcare Technology
J1202,Wearable Devices
J1203,Microsoft SQL Server
J1204,Blockchain
J1205,
J1206,Biological Data Analysis
J1207,Topic Modeling
J1208,
J1209,Web3.0
J1210,
J1211,Causal Inference
J1212,Teamwork
J1213,Java
J1214,Session Hijacking
J1215,
J1216,
J1217,Document Classification
J1218,User Research
J1219,Healthcare IoT
J1220,
J1221,Risk Analysis
J1222,Logistic Regression
J1223,
J1224,
J1225,
J1226,Exodus Wallet
J1227,Numerical Methods
J1228,Routing and Navigation
J1229,
J1230,Token Swap
J1231,
J1232,
J1233,
J1234,
J1235,Proof of Concept (PoC)
J1236,Image Generation
J1237,
J1238,
J1239,
J1240,Agile Project Management
J1241,State Channels
J1242,Pareto Distribution
J1243,Currency Tokens
J1244,Payment Channels
J1245,
J1246,
J1247,
J1248,
J1249,
J1250,
J1251,
J1252,Actor-Critic Methods
J1253,
J1254,Distributed Applications (DApps)
J1255,Data Analysis
J1256,
J1257,Software Architecture
J1258,Decision-Making
J1259,
J1260,Risk Analysis
J1261,Vyper
J1262,Persona Creation
J1263,
J1264,Binance Smart Chain (BSC)
J1265,Feature Extraction
J1266,Node.js
J1267,IoT Devices
J1268,Unsupervised Learning
J1269,ERC-1155
J1270,Phishing
J1271,Data Visualization
J1272,Feature Scaling
J1273,
J1274,Amazon Web Services
J1275,
J1276,Bayesian Optimization
J1277,
J1278,Graph Partitioning
J1279,
J1280,
J1281,Token Standards
J1282,
J1283,
J1284,
J1285,Gaming NFTs
J1286,VeChain
J1287,Feature Engineering
J1288,
J1289,Persona Creation
J1290,Django
J1291,Human Resource Management (HRM)
J1292,
J1293,Semi-Supervised Learning
J1294,Computer Vision
J1295,Data Warehousing
J1296,Tokenization
J1297,Microsoft Excel
J1298,Atomic Swaps
J1299,Deep Learning
J1300,
J1301,
J1302,
J1303,
J1304,DNS
J1305,
J1306,
J1307,Maximum Flow
J1308,
J1309,Agricultural IoT
J1310,Data Wrangling
J1311,Remote Usability Testing
J1312,
J1313,
J1314,Neural Networks
J1315,Decentralized Applications (DApps)
J1316,
J1317,
J1318,Quantitative Analysis
J1319,Graph Matching
J1320,Technical Writing
J1321,
J1322,Big Data
J1323,Stopword Removal
J1324,Model Deployment
J1325,Leave-One-Out Cross-Validation (LOOCV)
J1326,
J1327,
J1328,
J1329,Digital Assets
J1330,Atomic Swaps
J1331,Link Prediction
J1332,RESTful Web Services
J1333,Polkadot
J1334,Location-Based Services (LBS)
J1335,
J1336,
J1337,
J1338,Secure Coding Practices
J1339,Optimization
J1340,
J1341,
J1342,
J1343,
J1344,Natural Language Understanding (NLU)
J1345,Document Similarity
J1346,Healthcare IoT
J1347,Trust Wallet
J1348,Cross-Site Request Forgery (CSRF)
J1349,
J1350,Decision-Making
J1351,Payment Channels
J1352,Remote Monitoring
J1353,
J1354,Embedding
J1355,Particle Swarm Optimization (PSO)
J1356,Document Clustering
J1357,PostgreSQL
J1358,
J1359,Distributed Ledger Technology (DLT)
J1360,Language Identification
J1361,Graph Querying
J1362,Geospatial Analysis
J1363,
J1364,Text Summarization
J1365,Apriori Algorithm
J1366,Session Hijacking
J1367,
J1368,Non-Fungible Tokens (NFTs)
J1369,Streaming Data
J1370,ASP.NET MVC
J1371,
J1372,Automated Market Makers (AMMs)
J1373,Health Information Exchange (HIE)
J1374,Medical Imaging
J1375,InVision
J1376,
J1377,Smart Contracts
J1378,Sales and Marketing Systems
J1379,Model Compression
J1380,
J1381,Edge Embedding
J1382,
J1383,
J1384,
J1385,
J1386,Wearable Devices
J1387,Cluster Analysis
J1388,Ruby
J1389,Wireframing
J1390,Chainlink
J1391,Energy Automation
J1392,Decentralized Identity (DID)
J1393,Graph Coloring
J1394,Language Generation
J1395,Hospital Information System (HIS)
J1396,Graph Visualization
J1397,Man-in-the-Middle (MitM) Attack
J1398,Oracle Cloud
J1399,
J1400,NoSQL
J1401,Data Imputation
J1402,
J1403,Change Management
J1404,L1 Regularization
J1405,Hardware Security Modules (HSMs)
J1406,Description Logics
J1407,
J1408,
J1409,Blockchain Platforms
J1410,
J1411,Language Generation
J1412,
J1413,Picture Archiving and Communication System (PACS)
J1414,
J1415,Sales and Marketing Systems
J1416,
J1417,Uniform Distribution
J1418,Decentralized Finance (DeFi) Oracles
J1419,
J1420,Prioritization
J1421,
J1422,
J1423,Decentralized Autonomous Organizations (DAOs)
J1424,
J1425,Yield Farming
J1426,
J1427,
J1428,Decentralized Insurance (DeFi)
J1429,
J1430,
J1431,
J1432,Bitbucket
J1433,Usability Testing
J1434,Ant Colony Optimization (ACO)
J1435,
J1436,Model Selection
J1437,Chatbots
J1438,Decentralized Exchanges (DEXs)
J1439,Penetration Testing
J1440,Cybersecurity
J1441,IT Infrastructure
J1442,Feature Engineering
J1443,Cross-Chain Communication
J1444,Decentralized Autonomous Organizations (DAOs)
J1445,Robotic Surgery
J1446,Tron
J1447,Logistic Regression
J1448,
J1449,
J1450,IoT Devices
J1451,Decentralized Applications (DApps)
J1452,
J1453,Endpoint Security
J1454,
J1455,
J1456,Cluster Analysis
J1457,Initial Exchange Offerings (IEOs)
J1458,Naive Bayes
J1459,Pareto Distribution
J1460,JSON
J1461,Serverless Architecture
J1462,
J1463,Orthogonalization
J1464,Fleet Management
J1465,
J1466,Decentralized Stablecoins
J1467,Cross-Platform Development
J1468,Environmental Monitoring Systems (EMS)
J1469,
J1470,
J1471,Feature Selection
J1472,
J1473,Document Indexing
J1474,ANOVA
J1475,Hibernate
J1476,SPARQL
J1477,Bitbucket
J1478,TCP/IP
J1479,Elasticsearch
J1480,
J1481,
J1482,Sentiment Analysis
J1483,
J1484,
J1485,Domain Names
J1486,
J1487,Identity Verification
J1488,Data Analysis
J1489,Ledger Wallet
J1490,
J1491,Derivatives Protocols
J1492,Solidity
J1493,Bagging
J1494,Regularization
J1495,Underfitting
J1496,Security Token Offerings (STOs)
J1497,Adobe XD
J1498,Customer Relationship Management (CRM)
J1499,PERT
J1500,t-Distributed Stochastic Neighbor Embedding (t-SNE)
J1501,C++
J1502,
J1503,Affinity Propagation
J1504,
J1505,
J1506,
J1507,
J1508,Tokenized Securities
J1509,Token Buyback
J1510,Supervised Learning
J1511,
J1512,Supervised Learning
J1513,
J1514,One-Shot Learning
J1515,
J1516,Token Airdrop
J1517,Cosmos
J1518,
J1519,Graph Representation Learning
J1520,One-Shot Learning
J1521,Brute Force Attack
J1522,Token Migration
J1523,HTTP/HTTPS
J1524,
J1525,Initial Exchange Offerings (IEOs)
J1526,Object Detection
J1527,
J1528,Tableau
J1529,
J1530,Data Modeling
J1531,ERC-721
J1532,Closed Source Wallets
J1533,ASP.NET MVC
J1534,Minimum Cut
J1535,Utility Tokens
J1536,Design Patterns
J1537,Descriptive Analytics
J1538,
J1539,
J1540,Contract Management
J1541,ANOVA
J1542,
J1543,Equity Tokens
J1544,
J1545,
J1546,Decentralized Finance (DeFi)
J1547,EOS
J1548,Materials Management
J1549,Token Locking
J1550,
J1551,
J1552,Supply Chain Collaboration
J1553,
J1554,Load)
J1555,
J1556,Risk Analysis
J1557,
J1558,
J1559,Wireless Security
J1560,
J1561,
J1562,TCP/IP
J1563,AJAX
J1564,
J1565,Image Classification
J1566,Object-Oriented Programming (OOP)
J1567,GitHub
J1568,
J1569,
J1570,Computer Vision
J1571,
J1572,
J1573,Condition Monitoring
J1574,
J1575,Prim's Algorithm
J1576,Geospatial Analysis
J1577,
J1578,Graph Attention Networks (GATs)
J1579,Transfer Learning
J1580,Data Mining
J1581,Dimensionality Reduction
J1582,Capsule Networks
J1583,
J1584,Ripple
J1585,DeFi Protocols
J1586,
J1587,Text Summarization
J1588,Bitcoin Wallets
J1589,OAuth2.0
J1590,Speech Synthesis
J1591,
J1592,
J1593,Hyperparameter Optimization
J1594,
J1595,
J1596,Centrality Measures
J1597,Telematics
J1598,
J1599,Dimensionality Reduction
J1600,Doc2Vec
J1601,Git
J1602,Graph Visualization
J1603,ElasticNet Regression
J1604,Smart Contract Audits
J1605,
J1606,
J1607,Survey Design
J1608,Autoencoders
J1609,Prediction Markets
J1610,
J1611,Geographic Data Visualization
J1612,Network Administration
J1613,
J1614,Multivariate Analysis
J1615,Machine Learning
J1616,Term Frequency-Inverse Document Frequency (TF-IDF)
J1617,InVision
J1618,Information Retrieval
J1619,
J1620,Hibernate
J1621,Cloud Computing
J1622,Feature Engineering
J1623,Exponential Distribution
J1624,
J1625,Microsoft Azure
J1626,Enterprise Resource Planning (ERP)
J1627,Global Positioning System (GPS)
J1628,Algorand
J1629,
J1630,Multi-Task Learning
J1631,Utility Tokens
J1632,Unsupervised Learning
J1633,k-Nearest Neighbors (k-NN)
J1634,Layer 2 Solutions
J1635,
J1636,
J1637,Healthcare Business Intelligence (BI)
J1638,Bayesian Statistics
J1639,Google Cloud Platform (GCP)
J1640,AWS
J1641,
J1642,GloVe
J1643,Zeplin
J1644,Occam's Razor
J1645,
J1646,Pandas
J1647,Fleet Management
J1648,Precision Medicine
J1649,
J1650,
J1651,Inventory Optimization
J1652,Stakeholder Management
J1653,
J1654,Simulation
J1655,Meta-Learning
J1656,XML
J1657,Decentralized Exchanges (DEXs)
J1658,Conflict Resolution
J1659,
J1660,Decentralized Finance (DeFi) Oracles
J1661,Normal Distribution
J1662,Utility Tokens
J1663,Hot Wallets
J1664,Prototyping Tools
J1665,Smart Contracts
J1666,MySQL
J1667,UI/UX Design
J1668,Confidence Intervals
J1669,Location-Based Services (LBS)
J1670,
J1671,Unsupervised Learning
J1672,
J1673,Data Analysis
J1674,
J1675,D3.js
J1676,Hub and Authority Scores
J1677,
J1678,Initial Exchange Offerings (IEOs)
J1679,Biological Data Analysis
J1680,Corda
J1681,iOS
J1682,Simulated Annealing
J1683,
J1684,OPTICS
J1685,
J1686,Neural Machine Translation (NMT)
J1687,
J1688,
J1689,Maximum Flow
J1690,Time Series Analysis
J1691,
J1692,Stemming
J1693,
J1694,Sports NFTs
J1695,Distributed Applications (DApps)
J1696,
J1697,Home Automation
J1698,
J1699,
J1700,
J1701,
J1702,Bootstrap
J1703,PMI
J1704,Expert Review
J1705,
J1706,Affinity Propagation
J1707,FP-Growth Algorithm
J1708,Capacity Management
J1709,Remote Sensing
J1710,Metaverse Land
J1711,Supply Chain Optimization
J1712,Intellectual Property
J1713,
J1714,Proof of Capacity (PoC)
J1715,
J1716,
J1717,
J1718,Dijkstra's Algorithm
J1719,
J1720,
J1721,
J1722,Artificial Intelligence (AI)
J1723,Staking Wallets
J1724,Text Summarization
J1725,
J1726,VPN
J1727,UI/UX Design
J1728,Bitcoin Wallets
J1729,Handwriting Recognition
J1730,
J1731,Healthcare Technology
J1732,
J1733,Ethereum Gas Fees
J1734,Figma
J1735,Vendor Management
J1736,NumPy
J1737,Data Augmentation
J1738,Currency Tokens
J1739,Data Modeling
J1740,Medical Informatics
J1741,
J1742,Problem Management
J1743,
J1744,
J1745,Image Generation
J1746,Healthcare Business Intelligence (BI)
J1747,
J1748,PageRank
J1749,Feature Engineering
J1750,Music Rights
J1751,
J1752,Description Logics
J1753,Data Modeling
J1754,
J1755,
J1756,
J1757,Project Management
J1758,Tezos
J1759,
J1760,Data Validation
J1761,Statistical Software
J1762,
J1763,Identity Management
J1764,
J1765,
J1766,Geospatial Analysis
J1767,Bayesian Optimization
J1768,
J1769,
J1770,Smart Cities
J1771,Interviewing
J1772,Tron
J1773,JavaScript
J1774,Embedding
J1775,Image Segmentation
J1776,
J1777,Prim's Algorithm
J1778,Incident Management
J1779,
J1780,Web Wallets
J1781,
J1782,
J1783,Data Visualization
J1784,K-Means Clustering
J1785,Web3
J1786,Token Vesting
J1787,
J1788,Independent Component Analysis (ICA)
J1789,Data Wrangling
J1790,
J1791,
J1792,Blockchain Technology
J1793,Emotional Intelligence
J1794,Agricultural IoT
J1795,
J1796,
J1797,
J1798,One-Shot Learning
J1799,Remote Support
J1800,OAuth
J1801,Multi-Factor Authentication (MFA)
J1802,Distributed Applications (DApps)
J1803,Supply Chain Optimization
J1804,Zero-Shot Learning
J1805,Graph Compression
J1806,Network Effects
J1807,Currency Tokens
J1808,
J1809,
J1810,
J1811,
J1812,Process Automation
J1813,
J1814,D3.js
J1815,Currency Tokens
J1816,
J1817,
J1818,
J1819,
J1820,Meta-Learning
J1821,
J1822,Technical Writing
J1823,
J1824,Manufacturing IoT
J1825,Clickjacking
J1826,Meta-Learning
J1827,Self-Sovereign Identity (SSI)
J1828,
J1829,
J1830,
J1831,Apache Spark
J1832,
J1833,
J1834,Firebase
J1835,Node.js
J1836,Graph Convolutional Networks (GCNs)
J1837,
J1838,Oracle Database
J1839,Meta-Learning
J1840,Tabu Search
J1841,
J1842,IT Infrastructure
J1843,Governance Incentives
J1844,Ethereum 2.0
J1845,Asset-Backed Tokens
J1846,Waterfall Methodology
J1847,Wallet APIs
J1848,AdaBoost
J1849,Vector Calculus
J1850,
J1851,
J1852,
J1853,Non-Fungible Tokens (NFTs)
J1854,
J1855,
J1856,
J1857,Trezor Wallet
J1858,Proof of Stake (PoS)
J1859,Capacity Planning
J1860,
J1861,
J1862,Curiosity-Driven Exploration
J1863,
J1864,
J1865,
J1866,Ordinal Encoding
J1867,Zero-Shot Learning
J1868,
J1869,Network Monitoring
J1870,ASP.NET MVC
J1871,Image Enhancement
J1872,Behavior-Driven Development (BDD)
J1873,ANOVA
J1874,Hierarchical Clustering
J1875,
J1876,
J1877,Axure RP
J1878,Security Token Offerings (STOs)
J1879,Hub and Authority Scores
J1880,Liquidity Incentives
J1881,Energy Automation
J1882,Semantic Web
J1883,
J1884,Statistical Analysis
J1885,Materials Management
J1886,Security Tokens
J1887,XGBoost
J1888,Communication Skills
J1889,
J1890,CSS
J1891,Document Classification
J1892,Closed Source Wallets
J1893,Model Interpretability
J1894,
J1895,Proof of Time (PoT)
J1896,Knowledge Representation
J1897,GitHub
J1898,
J1899,Moqups
J1900,C#
J1901,Bayesian Optimization
J1902,Predictive Maintenance
J1903,
J1904,Unsupervised Learning
J1905,Decentralized Finance (DeFi)
J1906,Decentralized Insurance (DeFi)
J1907,
J1908,
J1909,State Channels
J1910,
J1911,
J1912,
J1913,Blockchain Interoperability
J1914,
J1915,Text Summarization
J1916,Computer Vision
J1917,Cross-Site Scripting (XSS)
J1918,
J1919,Metabolomics
J1920,
J1921,
J1922,
J1923,
J1924,Predictive Modeling
J1925,GRU
J1926,Wallet APIs
J1927,
J1928,
J1929,Healthcare Robotics
J1930,Algorand
J1931,Multi-Currency Wallets
J1932,
J1933,
J1934,SHAP
J1935,Clinical Research Informatics
J1936,
J1937,
J1938,
J1939,
J1940,
J1941,Permutation Feature Importance
J1942,
J1943,Language Translation
J1944,
J1945,
J1946,
J1947,VirtualBox
J1948,Time Series Analysis
J1949,
J1950,
J1951,Blockchain Technology
J1952,Transformer Models
J1953,Network Security
J1954,
J1955,
J1956,
J1957,Configuration Management
J1958,
J1959,
J1960,
J1961,Part-of-Speech (POS) Tagging
J1962,Descriptive Analytics
J1963,GPT
J1964,Model Complexity
J1965,
J1966,Graph Convolutional Networks (GCNs)
J1967,
J1968,
J1969,Tron Virtual Machine (TVM)
J1970,
J1971,
J1972,Expert Review
J1973,
J1974,Proof of Activity (PoA)
J1975,Virtualization
J1976,Bagging
J1977,Global Positioning System (GPS)
J1978,
J1979,Plasma
J1980,Ruby
J1981,SSL/TLS
J1982,
J1983,
J1984,
J1985,
J1986,
J1987,Picture Archiving and Communication System (PACS)
J1988,
J1989,Ontologies
J1990,Healthcare Technology
J1991,Token Sale
J1992,Picture Archiving Communication System (PACS)
J1993,Vulnerability Assessment
J1994,
J1995,Client/Server Architecture
J1996,ETL (Extract
J1997,Data Mining
J1998,Hardware Wallets
J1999,Currency Tokens
