Job ID,Skills
J1000,
J1001,Negotiation Skills
J1002,Waterfall Methodology
J1003,
J1004,NFT Wallets
J1005,CSS
J1006,Interviewing
J1007,Hypothesis Testing
J1008,Kanban
J1009,FP-Growth Algorithm
J1010,
J1011,Healthcare Data Warehousing
J1012,Conflict Resolution
J1013,Help Desk Support
J1014,Ant Colony Optimization (ACO)
J1015,ETL (Extract
J1016,Wallet SDKs
J1017,Independent Component Analysis (ICA)
J1018,ERC-1155
J1019,
J1020,
J1021,Layer 1 Scaling Solutions
J1022,Algorithms
J1023,MetaMask
J1024,Energy Management
J1025,
J1026,Regression Analysis
J1027,Leave-One-Out Cross-Validation (LOOCV)
J1028,Lending Platforms
J1029,Label Encoding
J1030,
J1031,Kruskal's Algorithm
J1032,
J1033,Binance Smart Chain (BSC)
J1034,
J1035,Feature Selection
J1036,SSL/TLS
J1037,XLNet
J1038,Descriptive Analytics
J1039,Yield Farming
J1040,Reinforcement Learning
J1041,Brute Force Attack
J1042,
J1043,ERC-20
J1044,
J1045,ANOVA
J1046,Software Development
J1047,
J1048,Underfitting
J1049,
J1050,
J1051,Binary Encoding
J1052,Telemedicine
J1053,
J1054,Wearable Devices
J1055,Hot Wallets
J1056,
J1057,
J1058,Descriptive Analytics
J1059,Ledger Wallet
J1060,Algorand
J1061,
J1062,Image Enhancement
J1063,Ant Colony Optimization (ACO)
J1064,Celebrities
J1065,Dialogue Systems
J1066,ElasticNet Regularization
J1067,Robotic Process Automation (RPA)
J1068,Agile Project Management
J1069,Decentralized Applications (DApps)
J1070,
J1071,Kruskal's Algorithm
J1072,Text Generation
J1073,
J1074,
J1075,
J1076,Web3.0
J1077,Artificial Intelligence (AI)
J1078,Accounting and Finance Systems
J1079,Data Visualization
J1080,Graph Analytics
J1081,Centrality Measures
J1082,Healthcare Data Warehousing
J1083,
J1084,Batch Normalization
J1085,t-Distributed Stochastic Neighbor Embedding (t-SNE)
J1086,
J1087,Virtual Land NFTs
J1088,Git
J1089,Data Visualization
J1090,
J1091,Token Burn
J1092,Pruning
J1093,Agile Project Management
J1094,
J1095,Adobe Creative Cloud
J1096,Bellman-Ford Algorithm
J1097,Inferential Statistics
J1098,Information Retrieval (IR)
J1099,Model-Free Optimization
J1100,Flexibility
J1101,Random Forest
J1102,PERT
J1103,Graph Partitioning
J1104,Model Distillation
J1105,OPTICS
J1106,
J1107,Django
J1108,
J1109,Security Token Offerings (STOs)
J1110,
J1111,Report Writing
J1112,Blockchain
J1113,Distributed Ledger Technology (DLT)
J1114,
J1115,
J1116,Hardware Wallets
J1117,Curiosity-Driven Exploration
J1118,
J1119,Proof of Activity (PoA)
J1120,Transformer Models
J1121,Manufacturing Execution Systems (MES)
J1122,Smart Contracts
J1123,MT5
J1124,Zeplin
J1125,
J1126,Actor-Critic Methods
J1127,IoT Solutions
J1128,LSTM
J1129,Visualization Tools
J1130,Service-Level Agreements (SLAs)
J1131,
J1132,Code Review
J1133,Uniform Distribution
J1134,Decentralized Finance (DeFi)
J1135,
J1136,Ethereum Gas Fees
J1137,Feature Engineering
J1138,Cryptocurrency Exchanges
J1139,Payment Channels
J1140,
J1141,
J1142,Digital Art NFTs
J1143,
J1144,Recurrent Neural Networks (RNN)
J1145,Automatic Speech Recognition (ASR)
J1146,Graph Analytics
J1147,
J1148,Flask
J1149,Computer Vision
J1150,Ledger Wallet
J1151,Dialogue Systems
J1152,Clinical Research Informatics
J1153,Graph Database
J1154,Neuroevolution
J1155,Spring
J1156,
J1157,
J1158,Digital Identity
J1159,Cryptocurrency
J1160,Graph Clustering
J1161,
J1162,Self-Sovereign Identity (SSI)
J1163,Generative Adversarial Networks (GAN)
J1164,Text Summarization
J1165,Healthcare Data Mining
J1166,Facial Recognition
J1167,
J1168,
J1169,Communication Skills
J1170,
J1171,Matplotlib
J1172,Business Intelligence (BI)
J1173,Self-Attention Mechanism
J1174,AJAX
J1175,Transformer
J1176,Regression
J1177,Smart Grid
J1178,Unsupervised Learning
J1179,UI/UX Design
J1180,Regenerative Medicine
J1181,Technical Support
J1182,Tokenomics
J1183,Linux
J1184,Hyperledger
J1185,Report Writing
J1186,Machine Translation
J1187,Clinical Research Informatics
J1188,HIPAA
J1189,Meta-Learning
J1190,
J1191,Warehouse Management
J1192,Hibernate
J1193,Bias-Variance Tradeoff
J1194,Genetic Algorithms
J1195,Data Modeling
J1196,
J1197,Condition Monitoring
J1198,Ethical Hacking
J1199,
J1200,RESTful APIs
J1201,Warehouse Management
J1202,Balsamiq
J1203,Sentiment Analysis
J1204,OWASP Top 10
J1205,Proof of Capacity (PoC)
J1206,MT5
J1207,Decentralized Applications (DApps)
J1208,
J1209,Nanorobotics
J1210,Feature Scaling
J1211,Graph Database
J1212,IoT Connectivity
J1213,Lending Protocols
J1214,Home Automation
J1215,
J1216,
J1217,Scikit-learn
J1218,Prescriptive Modeling
J1219,Supply Chain IoT
J1220,Knowledge Graphs
J1221,Phishing
J1222,Unix
J1223,
J1224,
J1225,
J1226,Wireframing
J1227,Chi-Square Test
J1228,Seaborn
J1229,
J1230,Rollups
J1231,
J1232,
J1233,
J1234,
J1235,Active Learning
J1236,ERC-1155
J1237,Yield Aggregators
J1238,
J1239,Remote Usability Testing
J1240,Predictive Analytics
J1241,IoT Sensors
J1242,Clinical Decision Support Systems (CDSS)
J1243,t-Distributed Stochastic Neighbor Embedding (t-SNE)
J1244,Client/Server Architecture
J1245,C++
J1246,
J1247,
J1248,Key Performance Indicators (KPIs)
J1249,
J1250,
J1251,
J1252,Patient Monitoring Systems
J1253,Geocoding
J1254,Environmental Monitoring Systems (EMS)
J1255,Binance Wallet
J1256,
J1257,Color Theory
J1258,Containerization
J1259,
J1260,Desktop Support
J1261,Dimensionality Reduction
J1262,Statistical Analysis
J1263,
J1264,ElasticNet Regularization
J1265,Covariance Matrix Adaptation Evolution Strategy (CMA-ES)
J1266,XLNet
J1267,Change Management
J1268,Requirements Gathering
J1269,Speech Recognition
J1270,ERC-1155
J1271,Ethereum Virtual Machine (EVM)
J1272,Singular Value Decomposition (SVD)
J1273,Dimensionality Reduction
J1274,Experimental Design
J1275,DeFi Protocols
J1276,Wireless Security
J1277,Active Learning
J1278,Data Oracles
J1279,Feature Engineering
J1280,
J1281,Decentralized Exchanges (DEXs)
J1282,
J1283,
J1284,Surgical Robotics
J1285,Graph Partitioning
J1286,Cross-Platform Development
J1287,Independent Component Analysis (ICA)
J1288,
J1289,C++
J1290,Document Clustering
J1291,Adaptability
J1292,Yield Optimizers
J1293,Cardano
J1294,Sharding
J1295,Proof of Space (PoSpace)
J1296,Ethical Hacking
J1297,Web Wallets
J1298,Token Wallets
J1299,Corda
J1300,
J1301,
J1302,
J1303,
J1304,Business Continuity Planning (BCP)
J1305,
J1306,Celebrities
J1307,Graph Isomorphism
J1308,
J1309,Document Classification
J1310,Multi-Signature Wallet
J1311,Customer Service
J1312,
J1313,
J1314,Attention Mechanism
J1315,EOSIO
J1316,
J1317,Contract Management
J1318,OWL
J1319,Client/Server Architecture
J1320,Sequential Pattern Mining
J1321,
J1322,Bias-Variance Tradeoff
J1323,Manufacturing IoT
J1324,Object-Oriented Programming (OOP)
J1325,Feature Scaling
J1326,Fractional Ownership Tokens
J1327,
J1328,
J1329,Tokenization
J1330,Trezor Wallet
J1331,Waterfall Methodology
J1332,SMTP
J1333,Remote Support
J1334,Decentralized Stablecoins
J1335,
J1336,Blockchain Interoperability
J1337,Decentralized Exchanges (DEXs)
J1338,Electronic Health Records (EHR)
J1339,Problem-Solving
J1340,
J1341,Single Sign-On (SSO)
J1342,Machine Learning
J1343,
J1344,Test-Driven Development (TDD)
J1345,Cross-Platform Development
J1346,Heuristic Evaluation
J1347,Ethereum Wallets
J1348,Binance Wallet
J1349,
J1350,Capacity Management
J1351,Rehabilitation Robotics
J1352,Health Information Exchange (HIE)
J1353,
J1354,Medical Image Analysis
J1355,Data Augmentation
J1356,ASP.NET
J1357,Self-Sovereign Identity (SSI)
J1358,
J1359,Tokenomics
J1360,Meta-Learning
J1361,Customer Service
J1362,Software Development
J1363,
J1364,Optimization
J1365,Self-Supervised Learning
J1366,L2 Regularization
J1367,
J1368,All Pairs Shortest Path
J1369,Confidence Intervals
J1370,Critical Path Method (CPM)
J1371,
J1372,Picture Archiving and Communication System (PACS)
J1373,Persona Creation
J1374,Multi-Signature Wallet
J1375,Bayesian Statistics
J1376,Kanban
J1377,Closeness Centrality
J1378,Telemedicine
J1379,Text Summarization
J1380,
J1381,OPTICS
J1382,
J1383,
J1384,
J1385,
J1386,Network Administration
J1387,Affinity Propagation
J1388,Time Series Analysis
J1389,DDoS Attack
J1390,Tron
J1391,Nursing Informatics
J1392,Vue.js
J1393,Non-Fungible Tokens (NFTs)
J1394,Correlation Analysis
J1395,User Interface Design
J1396,AngularJS
J1397,Environmental Monitoring Systems (EMS)
J1398,Stellar
J1399,Liquidity Pools
J1400,Clustering
J1401,Graphic Design
J1402,
J1403,Picture Archiving and Communication System (PACS)
J1404,Knowledge Representation
J1405,Custodial Wallets
J1406,Graph Querying
J1407,
J1408,
J1409,Ethereum
J1410,
J1411,Model Generalization
J1412,Geographic Data Analysis
J1413,Sybil Resistance
J1414,Neural Networks
J1415,Artificial Intelligence (AI)
J1416,Logistics Management
J1417,Bias-Variance Tradeoff
J1418,Multi-Task Learning
J1419,
J1420,Technical Writing
J1421,
J1422,
J1423,Named Entity Recognition (NER)
J1424,
J1425,CatBoost
J1426,
J1427,Graph Matching
J1428,Principal Component Analysis (PCA)
J1429,
J1430,
J1431,Microsoft Excel
J1432,Information Architecture
J1433,Self-Attention Mechanism
J1434,Gaming Assets
J1435,ASP.NET
J1436,Java
J1437,PMI
J1438,Film Rights
J1439,Material-UI
J1440,Community Tokens
J1441,Atomic Wallet
J1442,Metaverse Land
J1443,Bellman-Ford Algorithm
J1444,Voting
J1445,Scrum Master
J1446,Behavior-Driven Development (BDD)
J1447,Token Swap
J1448,
J1449,
J1450,Neural Networks
J1451,Apache Kafka
J1452,
J1453,Transfer Learning
J1454,
J1455,RDF
J1456,Multivariate Analysis
J1457,Network Monitoring
J1458,Material-UI
J1459,Warehouse Management
J1460,Backup and Restore
J1461,ASP.NET
J1462,
J1463,Nervos
J1464,Language Generation
J1465,Coinbase Wallet
J1466,Decentralized Finance (DeFi) Oracles
J1467,MapReduce
J1468,Blockchain
J1469,Text Summarization
J1470,
J1471,Data Collection
J1472,
J1473,Transcriptomics
J1474,Quantization
J1475,Predictive Modeling
J1476,Retail IoT
J1477,Dropout Regularization
J1478,MT5
J1479,Stemming
J1480,
J1481,
J1482,Regression Analysis
J1483,
J1484,
J1485,Governance Tokens
J1486,
J1487,Computer Vision
J1488,Graph Compression
J1489,Covariance Matrix Adaptation Evolution Strategy (CMA-ES)
J1490,Seaborn
J1491,Lemmatization
J1492,Communication Skills
J1493,Problem-Solving
J1494,Backend Development
J1495,Word Embeddings
J1496,Remote Sensing
J1497,Token Buyback
J1498,Document Similarity
J1499,Correlation Analysis
J1500,Naive Bayes
J1501,Logistic Regression
J1502,
J1503,Predictive Modeling
J1504,
J1505,Reinforcement Learning
J1506,
J1507,
J1508,Yield Optimizers
J1509,Pharmaceutical Data Analysis
J1510,Ripple
J1511,
J1512,Graph Compression
J1513,
J1514,Ethical Hacking
J1515,
J1516,Design Patterns
J1517,Q-Learning
J1518,
J1519,Speech Recognition
J1520,Knowledge Graph Embedding
J1521,Mobile Wallets
J1522,Dimensionality Reduction
J1523,Plotly
J1524,
J1525,Hyperledger Fabric
J1526,Attention to Detail
J1527,Markov Chains
J1528,Fleet Management
J1529,Algorand
J1530,Topic Modeling
J1531,Requirements Gathering
J1532,Network Administration
J1533,Prediction Markets
J1534,Machine Translation
J1535,Reinforcement Learning
J1536,Named Entity Recognition (NER)
J1537,Automatic Speech Recognition (ASR)
J1538,
J1539,
J1540,Adobe XD
J1541,Dimensionality Reduction
J1542,A/B Testing
J1543,Label Encoding
J1544,
J1545,
J1546,ANOVA
J1547,Feature Engineering
J1548,Python
J1549,OWASP Top 10
J1550,
J1551,
J1552,Service-Oriented Architecture (SOA)
J1553,
J1554,Transform
J1555,
J1556,Ordinal Encoding
J1557,Order Management
J1558,
J1559,AngularJS
J1560,Handwriting Recognition
J1561,Embedding
J1562,Stopword Removal
J1563,Materials Management
J1564,
J1565,Release Management
J1566,Location-Based Services (LBS)
J1567,Facial Recognition
J1568,
J1569,
J1570,Virtual Real Estate
J1571,
J1572,
J1573,Uniform Manifold Approximation and Projection (UMAP)
J1574,Proof of Work (PoW)
J1575,Brute Force Attack
J1576,Unsupervised Learning
J1577,
J1578,Descriptive Analytics
J1579,UI/UX Design
J1580,Protocol Tokens
J1581,FastText
J1582,Cybersecurity
J1583,Adobe Creative Cloud
J1584,DeFi Protocols
J1585,Release Management
J1586,
J1587,Decentralized Stablecoins
J1588,Node Embedding
J1589,Metaverse Land
J1590,Graphic Design
J1591,
J1592,Protocol Tokens
J1593,Speaker Diarization
J1594,
J1595,Gradient Boosting
J1596,Geospatial Analysis
J1597,Smart Contract Audits
J1598,Adversarial Training
J1599,Utility Tokens
J1600,Generative Adversarial Networks (GANs)
J1601,Document Clustering
J1602,Unsupervised Learning
J1603,Database Design
J1604,Bagging
J1605,Decentralized Identity (DID)
J1606,
J1607,Chi-Square Test
J1608,Partial Dependence Plots
J1609,Bootstrapping
J1610,Identity and Access Management (IAM)
J1611,Asset Management
J1612,Bag of Words (BoW)
J1613,
J1614,Batch Normalization
J1615,VeChain
J1616,Change Management
J1617,Security Information and Event Management (SIEM)
J1618,Altcoin Wallets
J1619,Internet of Things (IoT)
J1620,Statistical Inference
J1621,Azure
J1622,ERC-721
J1623,Factor Analysis
J1624,
J1625,Monte Carlo Simulation
J1626,Binance Smart Chain (BSC)
J1627,Word2Vec
J1628,Security Tokens
J1629,
J1630,Tokenomics
J1631,Yield Farming Aggregators
J1632,Split Testing
J1633,Unsupervised Learning
J1634,Hub and Authority Scores
J1635,
J1636,
J1637,Classification
J1638,Graph Attention Networks (GATs)
J1639,Digital Art NFTs
J1640,Rollups
J1641,
J1642,Digital Wallets
J1643,Bagging
J1644,A/B Testing
J1645,
J1646,Predictive Modeling
J1647,Decentralized Autonomous Organizations (DAOs)
J1648,AngularJS
J1649,Confidence Intervals
J1650,
J1651,Cosmos
J1652,Domain Adaptation
J1653,
J1654,Film Rights
J1655,Mean Shift
J1656,Corda
J1657,Fuzzy Clustering
J1658,CSS
J1659,
J1660,Vector Calculus
J1661,Penetration Testing
J1662,Critical Path Method (CPM)
J1663,Maximum Bipartite Matching
J1664,Yield Aggregators
J1665,Typography
J1666,Yield Optimizers
J1667,Drug Discovery
J1668,Model Interpretability
J1669,Model Compression
J1670,
J1671,Adaptability
J1672,
J1673,Google Cloud Platform (GCP)
J1674,Ordinal Encoding
J1675,Accounting and Finance Systems
J1676,Asset-Backed Tokens
J1677,
J1678,Real Estate
J1679,Degree Centrality
J1680,Web Scraping
J1681,Statistical Analysis
J1682,Regression Analysis
J1683,
J1684,Healthcare Data Analytics
J1685,Information Retrieval (IR)
J1686,Problem-Solving
J1687,
J1688,SPARQL
J1689,Token Wallets
J1690,Prediction Markets
J1691,
J1692,Interviewing
J1693,
J1694,DBSCAN
J1695,Database Administration
J1696,
J1697,PERT
J1698,
J1699,
J1700,
J1701,Automated Market Makers (AMMs)
J1702,Model Compression
J1703,Typography
J1704,Lognormal Distribution
J1705,
J1706,Currency Tokens
J1707,Materials Management
J1708,Big Data
J1709,Medical Imaging
J1710,Connected Cars
J1711,Sketch
J1712,Utility Tokens
J1713,
J1714,Proof of Concept (PoC)
J1715,
J1716,
J1717,Independent Component Analysis (ICA)
J1718,Technical Support
J1719,
J1720,Tezos
J1721,
J1722,Data Collection
J1723,Git
J1724,Wallet APIs
J1725,
J1726,Design Patterns
J1727,Text Summarization
J1728,Robotic Exoskeletons
J1729,Inverse Reinforcement Learning
J1730,Clinical Decision Support Systems (CDSS)
J1731,Model-Based Optimization
J1732,Home Automation
J1733,C++
J1734,Proof of Authority (PoA)
J1735,Particle Swarm Optimization (PSO)
J1736,Avalanche
J1737,Google Cloud Platform (GCP)
J1738,Graph Matching
J1739,Simulated Annealing
J1740,JIRA
J1741,Adversarial Training
J1742,Statistical Inference
J1743,
J1744,Health Information Exchange (HIE)
J1745,Graph Querying
J1746,Healthcare Informatics
J1747,
J1748,Vue.js
J1749,Tezos
J1750,Decentralized Autonomous Organizations (DAOs)
J1751,
J1752,Association Rule Learning
J1753,Cross-Validation
J1754,Big Data Analytics
J1755,Electronic Health Records (EHR)
J1756,
J1757,Adaptability
J1758,Transcriptomics
J1759,Apache Kafka
J1760,C#
J1761,Microsoft SQL Server
J1762,
J1763,Ensemble Learning
J1764,
J1765,
J1766,Contract Management
J1767,Geospatial Analysis
J1768,Open Source Wallets
J1769,Wallet Security
J1770,Medical Informatics
J1771,Algorand
J1772,Crypto Wallets
J1773,Domain Names
J1774,Machine Translation
J1775,GitLab
J1776,Patch Management
J1777,Adobe Creative Cloud
J1778,Generative Adversarial Networks (GANs)
J1779,Factor Analysis
J1780,Attention to Detail
J1781,IoT Devices
J1782,
J1783,Logistic Regression
J1784,Random Search
J1785,Uniform Distribution
J1786,Currency Tokens
J1787,Asynchronous Advantage Actor-Critic (A3C)
J1788,Speech Synthesis
J1789,Classification
J1790,
J1791,Conflict Resolution
J1792,Utility Tokens
J1793,Behavior-Driven Development (BDD)
J1794,HTTP/HTTPS
J1795,
J1796,
J1797,Atomic Wallet
J1798,Customer Relationship Management (CRM)
J1799,OAuth2.0
J1800,Medical Imaging
J1801,Yield Farming
J1802,Order Management
J1803,Curiosity-Driven Exploration
J1804,Graph Isomorphism
J1805,t-Distributed Stochastic Neighbor Embedding (t-SNE)
J1806,Buffer Overflow
J1807,Rehabilitation Robotics
J1808,
J1809,Ripple
J1810,
J1811,
J1812,Orthogonalization
J1813,
J1814,OWL
J1815,SVN
J1816,
J1817,Digital Imaging and Communications in Medicine (DICOM)
J1818,
J1819,Report Writing
J1820,Closed Source Wallets
J1821,PMBOK
J1822,Location-Based Services (LBS)
J1823,
J1824,Markov Chains
J1825,Incident Management
J1826,Utility Tokens
J1827,LAN/WAN
J1828,
J1829,Bootstrapping
J1830,
J1831,Governance Tokens
J1832,
J1833,DDoS Attack
J1834,Computerized Physician Order Entry (CPOE)
J1835,OPTICS
J1836,Graph Querying
J1837,
J1838,Speaker Diarization
J1839,Assistive Robotics
J1840,InVision
J1841,
J1842,Automatic Speech Recognition (ASR)
J1843,Corda
J1844,Smart Grid
J1845,Computer Vision
J1846,Incident Management
J1847,Normalization
J1848,Network Effects
J1849,Graph Analytics
J1850,
J1851,Radiology Information System (RIS)
J1852,Hierarchical Clustering
J1853,Blockchain Technology
J1854,
J1855,
J1856,
J1857,Distribution Management
J1858,Positive Transfer
J1859,Time Series Analysis
J1860,
J1861,
J1862,Multi-Signature Wallet
J1863,
J1864,Token Economics
J1865,
J1866,Multi-Armed Bandit
J1867,Initial Coin Offerings (ICOs)
J1868,
J1869,JavaScript
J1870,Event Oracles
J1871,Agile Methodologies
J1872,Deep Learning
J1873,Text Summarization
J1874,Power BI
J1875,
J1876,
J1877,Radiology Information System (RIS)
J1878,Medical Imaging
J1879,Atomic Wallet
J1880,Supply Chain Risk Management
J1881,Bagging
J1882,PERT
J1883,
J1884,Remote Support
J1885,Long Short-Term Memory (LSTM)
J1886,Network Effects
J1887,Question Answering
J1888,Random Search
J1889,
J1890,Digital Assets
J1891,Microsoft Excel
J1892,Gated Recurrent Unit (GRU)
J1893,Model Complexity
J1894,
J1895,Decentralized Autonomous Organizations (DAOs)
J1896,Metaverse Land
J1897,Document Indexing
J1898,
J1899,Patient Monitoring Systems
J1900,Token Economics
J1901,Bayesian Statistics
J1902,Cryptography
J1903,PHP
J1904,MongoDB
J1905,Lending Protocols
J1906,DeFi Protocols
J1907,
J1908,Heroku
J1909,Time-Series Cross-Validation
J1910,Natural Language Understanding (NLU)
J1911,Usability Testing
J1912,
J1913,Computer Vision
J1914,
J1915,Simulated Annealing
J1916,Sequence-to-Sequence (Seq2Seq)
J1917,Process Automation
J1918,Knowledge Graphs
J1919,Software Wallets
J1920,Statistical Analysis
J1921,
J1922,
J1923,
J1924,Healthcare Data Warehousing
J1925,Manufacturing IoT
J1926,Wireless Security
J1927,Tokenization
J1928,
J1929,Logistic Regression
J1930,Smart Contracts
J1931,Label Encoding
J1932,
J1933,Dimensionality Reduction
J1934,Linear Regression
J1935,Healthcare IoT
J1936,Proof of Reputation (PoR)
J1937,
J1938,
J1939,
J1940,Model Compression
J1941,Decentralized Oracles
J1942,Web3.0
J1943,Yield Optimizers
J1944,
J1945,Laboratory Information System (LIS)
J1946,
J1947,Data Augmentation
J1948,Link Prediction
J1949,
J1950,Building Automation
J1951,Decentralized Identity (DID)
J1952,Corda
J1953,HTML
J1954,
J1955,
J1956,
J1957,Doc2Vec
J1958,Leadership
J1959,Decentralized Autonomous Organizations (DAOs)
J1960,Token Burn
J1961,Backend Development
J1962,Robotic Exoskeletons
J1963,Statistical Software
J1964,Solana
J1965,
J1966,Stacking
J1967,
J1968,
J1969,Docker
J1970,
J1971,
J1972,Dimensionality Reduction
J1973,
J1974,Support Vector Machines (SVM)
J1975,Information Architecture
J1976,Metaverse Land
J1977,Critical Path Method (CPM)
J1978,
J1979,Requirements Gathering
J1980,Language Generation
J1981,Remote Usability Testing
J1982,
J1983,
J1984,
J1985,
J1986,
J1987,Knowledge Representation
J1988,
J1989,OWL
J1990,Warehouse Management
J1991,Document Indexing
J1992,Token Sale
J1993,Clinical Research Informatics
J1994,
J1995,Domain Adaptation
J1996,Supervised Learning
J1997,Threat Intelligence
J1998,GDPR
J1999,Cluster Analysis
