Candidate ID,Skills
C1000,Clinical Research Informatics
C1001,
C1002,Label Encoding
C1003,
C1004,
C1005,Graph Embedding
C1006,Sequential Pattern Mining
C1007,
C1008,
C1009,Laravel
C1010,Hibernate
C1011,
C1012,
C1013,Semi-Supervised Learning
C1014,
C1015,Ant Colony Optimization (ACO)
C1016,Graph Visualization
C1017,
C1018,IPSec
C1019,
C1020,
C1021,Blockchain Technology
C1022,Decentralized Finance (DeFi)
C1023,Lending Protocols
C1024,Apriori Algorithm
C1025,Django
C1026,
C1027,Contract Management
C1028,Multi-Task Learning
C1029,MySQL
C1030,Remote Support
C1031,Transformer
C1032,Expert Review
C1033,Risk Analysis
C1034,Continuous Learning
C1035,
C1036,
C1037,Use Case
C1038,
C1039,Model Generalization
C1040,Delegated Proof of Stake (DPoS)
C1041,Object Detection
C1042,
C1043,
C1044,Clinical Decision Support Systems (CDSS)
C1045,Text Generation
C1046,
C1047,Autoencoders
C1048,Project Management
C1049,
C1050,Survival Analysis
C1051,
C1052,
C1053,
C1054,Closeness Centrality
C1055,
C1056,IoT Data Analytics
C1057,Hibernate
C1058,
C1059,Maximum Flow
C1060,Medical Billing
C1061,Continuous Integration (CI)
C1062,Tableau
C1063,
C1064,Yield Aggregators
C1065,Android
C1066,Off-Chain Governance
C1067,Problem-Solving
C1068,
C1069,
C1070,
C1071,Technical Support
C1072,
C1073,
C1074,Descriptive Analytics
C1075,ITIL
C1076,Penetration Testing
C1077,Bayesian Optimization
C1078,
C1079,
C1080,
C1081,
C1082,Independent Component Analysis (ICA)
C1083,Help Desk Support
C1084,Accounting and Finance Systems
C1085,Long Short-Term Memory (LSTM)
C1086,
C1087,
C1088,Standardization
C1089,Mean Encoding
C1090,Genetic Algorithms
C1091,
C1092,
C1093,
C1094,Geographic Information Systems (GIS)
C1095,
C1096,
C1097,
C1098,
C1099,Natural Language Processing (NLP)
C1100,Descriptive Modeling
C1101,Yield Aggregators
C1102,Fine-Tuning
C1103,
C1104,
C1105,
C1106,
C1107,
C1108,
C1109,Tokenomics
C1110,
C1111,Decentralized Exchanges (DEXs)
C1112,Ethereum
C1113,Deep Q-Networks (DQN)
C1114,
C1115,ERC-20
C1116,Supply Chain Risk Management
C1117,
C1118,Warehouse Management
C1119,Materials Management
C1120,
C1121,
C1122,Principal Component Analysis (PCA)
C1123,
C1124,
C1125,Rollups
C1126,Precision Medicine
C1127,
C1128,Binomial Distribution
C1129,
C1130,
C1131,Stellar
C1132,Decentralized Finance (DeFi)
C1133,Oracle Cloud
C1134,Yield Farming Aggregators
C1135,Seaborn
C1136,
C1137,
C1138,
C1139,
C1140,
C1141,
C1142,Voting
C1143,Risk Analysis
C1144,Docker
C1145,Knowledge Representation
C1146,
C1147,Breadth-First Search (BFS)
C1148,
C1149,NoSQL
C1150,
C1151,
C1152,Bag of Words (BoW)
C1153,
C1154,Geographic Data Analysis
C1155,
C1156,
C1157,Graph Representation Learning
C1158,Process Automation
C1159,OPTICS
C1160,Self-Supervised Learning
C1161,
C1162,
C1163,
C1164,Web Security
C1165,
C1166,Passive Learning
C1167,
C1168,Crypto Wallets
C1169,Scrum Master
C1170,Ethereum Gas Fees
C1171,Quantitative Analysis
C1172,
C1173,Smart Contracts
C1174,
C1175,Convolutional Neural Networks (CNN)
C1176,Depth-First Search (DFS)
C1177,Layer 1 Scaling Solutions
C1178,Experimental Design
C1179,Prescriptive Analytics
C1180,Data Normalization
C1181,
C1182,
C1183,
C1184,Business Continuity Planning (BCP)
C1185,
C1186,Logistics IoT
C1187,t-Distributed Stochastic Neighbor Embedding (t-SNE)
C1188,
C1189,Semi-Supervised Learning
C1190,Random Forest
C1191,
C1192,
C1193,
C1194,Hypothesis Testing
C1195,
C1196,
C1197,
C1198,OWASP Top 10
C1199,
C1200,Delegated Proof of Stake (DPoS)
C1201,
C1202,
C1203,OWL
C1204,Non-Fungible Tokens (NFTs)
C1205,
C1206,
C1207,
C1208,Binance Smart Chain (BSC)
C1209,Wireframe Tools
C1210,Crypto Wallets
C1211,Lemmatization
C1212,
C1213,Analytical Skills
C1214,Healthcare Business Intelligence (BI)
C1215,
C1216,AJAX
C1217,OPTICS
C1218,
C1219,
C1220,Distribution Management
C1221,
C1222,
C1223,
C1224,Data Visualization
C1225,Yield Optimizers
C1226,AWS
C1227,
C1228,Yield Farming Aggregators
C1229,Bioinformatics
C1230,
C1231,
C1232,
C1233,
C1234,Data Imputation
C1235,Emotional Intelligence
C1236,
C1237,Image Processing
C1238,
C1239,HIPAA
C1240,Linear Regression
C1241,
C1242,
C1243,Gaming Assets
C1244,CatBoost
C1245,Identity Verification
C1246,
C1247,
C1248,Adaptability
C1249,Fleet Management
C1250,Data Visualization
C1251,
C1252,
C1253,Deep Q-Networks (DQN)
C1254,Uniform Manifold Approximation and Projection (UMAP)
C1255,Digital Wallets
C1256,Persona Creation
C1257,
C1258,Supply Chain Collaboration
C1259,
C1260,
C1261,Feature Engineering
C1262,Lending Protocols
C1263,Tokenomics
C1264,
C1265,MongoDB
C1266,Decentralized Exchanges (DEXs)
C1267,Grid Search
C1268,Proof of Stake (PoS)
C1269,Data Analysis
C1270,
C1271,GPT
C1272,
C1273,Tokenomics
C1274,
C1275,Naive Bayes
C1276,Tezos
C1277,
C1278,Data Cleaning
C1279,Demand Forecasting
C1280,Ethical Hacking
C1281,Ripple
C1282,Computer Vision
C1283,MongoDB
C1284,
C1285,
C1286,Clustering
C1287,Named Entity Recognition (NER)
C1288,
C1289,
C1290,
C1291,Healthcare Data Visualization
C1292,
C1293,
C1294,Apriori Algorithm
C1295,Proof of Work (PoW)
C1296,Proof of Stake (PoS)
C1297,Natural Language Processing (NLP)
C1298,Neural Networks
C1299,Model Generalization
C1300,Prototyping
C1301,
C1302,Named Entity Recognition (NER)
C1303,Healthcare Informatics
C1304,XLNet
C1305,Decentralized Exchanges (DEXs)
C1306,Non-Fungible Tokens (NFTs)
C1307,
C1308,Feature Selection
C1309,Cross-Validation
C1310,
C1311,Graph Matching
C1312,
C1313,Feature Selection
C1314,Capacity Management
C1315,Token Wallets
C1316,Remote Support
C1317,
C1318,MVC Architecture
C1319,Heroku
C1320,
C1321,JSON Web Tokens
C1322,Model Interpretability
C1323,
C1324,
C1325,
C1326,Cybersecurity
C1327,
C1328,Information Retrieval
C1329,DeFi Protocols
C1330,ERC-20
C1331,Proof of Burn (PoB)
C1332,Feature Engineering
C1333,Behavior-Driven Development (BDD)
C1334,
C1335,Model Selection
C1336,Ripple
C1337,Text Summarization
C1338,Image Segmentation
C1339,
C1340,
C1341,
C1342,Kanban
C1343,Project Management
C1344,Security Compliance
C1345,
C1346,State Channels
C1347,Hardware Security Modules (HSMs)
C1348,IT Infrastructure
C1349,
C1350,
C1351,
C1352,Agricultural IoT
C1353,
C1354,Proof of Elapsed Time (PoET)
C1355,t-Distributed Stochastic Neighbor Embedding (t-SNE)
C1356,Waterfall Methodology
C1357,Generative Adversarial Networks (GANs)
C1358,
C1359,Logistics Optimization
C1360,jQuery
C1361,
C1362,
C1363,GRU
C1364,Sequence-to-Sequence (Seq2Seq)
C1365,
C1366,
C1367,ERC-721
C1368,
C1369,Forecasting
C1370,Cybersecurity
C1371,One-Shot Learning
C1372,k-Nearest Neighbors (k-NN)
C1373,Exploratory Data Analysis (EDA)
C1374,Q-Learning
C1375,
C1376,Healthcare Information Systems (HIS)
C1377,
C1378,Document Clustering
C1379,Microsoft Excel
C1380,Protocol Tokens
C1381,Independent Component Analysis (ICA)
C1382,Keras
C1383,Pruning
C1384,Open Source Wallets
C1385,Document Similarity
C1386,Network Monitoring
C1387,Image Enhancement
C1388,Decentralized Oracles
C1389,
C1390,Healthcare Informatics
C1391,Supervisory Control and Data Acquisition (SCADA)
C1392,MVC Architecture
C1393,Scrum
C1394,Feature Engineering
C1395,Production Planning
C1396,
C1397,
C1398,
C1399,Cross-Validation
C1400,Logistics Management
C1401,Semi-Supervised Learning
C1402,Data Mining
C1403,Adobe Creative Cloud
C1404,
C1405,
C1406,
C1407,
C1408,
C1409,
C1410,
C1411,Customer Relationship Management (CRM)
C1412,
C1413,VirtualBox
C1414,Regression Analysis
C1415,Adversarial Training
C1416,Prescriptive Modeling
C1417,Bootstrap Aggregating
C1418,
C1419,Project Management
C1420,
C1421,Precision Medicine
C1422,Vendor Management
C1423,Image Processing
C1424,
C1425,
C1426,Data Transformation
C1427,Hot Wallets
C1428,Handwriting Recognition
C1429,Visual Design
C1430,
C1431,Policy Gradient Methods
C1432,
C1433,
C1434,AdaBoost
C1435,
C1436,Ethereum 2.0
C1437,Assistive Robotics
C1438,
C1439,Self-Play
C1440,Flexibility
C1441,
C1442,Language Generation
C1443,Supply Chain Collaboration
C1444,
C1445,Feature Selection
C1446,Antivirus Software
C1447,
C1448,Token Standards
C1449,
C1450,
C1451,SHAP
C1452,Six Sigma
C1453,
C1454,
C1455,Infrastructure as Code (IaC)
C1456,Knowledge Graphs
C1457,One-Hot Encoding
C1458,
C1459,Underfitting
C1460,
C1461,React.js
C1462,
C1463,
C1464,Internet of Things (IoT)
C1465,BERT
C1466,
C1467,
C1468,Word2Vec
C1469,Data Visualization
C1470,
C1471,Hadoop
C1472,Information Retrieval (IR)
C1473,
C1474,
C1475,Cross-Chain Asset Transfers
C1476,Customer Relationship Management (CRM)
C1477,
C1478,Blockchain Platforms
C1479,Layer 2 Solutions
C1480,Phishing
C1481,FP-Growth Algorithm
C1482,Non-Custodial Wallets
C1483,Supply Chain Visibility
C1484,
C1485,
C1486,
C1487,Prediction Markets
C1488,PERT
C1489,Data Augmentation
C1490,
C1491,
C1492,
C1493,
C1494,Plotly
C1495,Virtual Land NFTs
C1496,
C1497,Android
C1498,
C1499,Knowledge Distillation
C1500,Speech Synthesis
C1501,Plasma
C1502,
C1503,Use Case
C1504,Semantic Web
C1505,
C1506,
C1507,
C1508,
C1509,
C1510,
C1511,Digital Art NFTs
C1512,Graphic Design
C1513,
C1514,Semi-Supervised Learning
C1515,Generative Adversarial Networks (GAN)
C1516,Quantization
C1517,
C1518,Rule-Based Models
C1519,Remote Usability Testing
C1520,Commodity Tokens
C1521,C#
C1522,
C1523,
C1524,
C1525,Label Encoding
C1526,
C1527,Zero-Shot Learning
C1528,
C1529,Interpersonal Skills
C1530,Public Keys
C1531,Feature Engineering
C1532,
C1533,Text Summarization
C1534,
C1535,Cross-Site Request Forgery (CSRF)
C1536,Redis
C1537,
C1538,Automatic Speech Recognition (ASR)
C1539,Feature Scaling
C1540,
C1541,
C1542,Microsoft Excel
C1543,Batch Normalization
C1544,Randomized Controlled Trials (RCTs)
C1545,Causal Inference
C1546,
C1547,
C1548,
C1549,Blockchain Oracles
C1550,Pareto Distribution
C1551,Security Token Offerings (STOs)
C1552,Ruby
C1553,Quantitative Analysis
C1554,
C1555,
C1556,TensorFlow
C1557,
C1558,
C1559,
C1560,Supply Chain Visibility
C1561,Git
C1562,Descriptive Modeling
C1563,Utility Tokens
C1564,Chatbots
C1565,Smart Grid
C1566,
C1567,
C1568,Backup and Restore
C1569,Delegated Proof of Stake (DPoS)
C1570,
C1571,Polkadot
C1572,Vyper
C1573,Backup and Restore
C1574,Graph Matching
C1575,Transportation Management
C1576,
C1577,
C1578,Closeness Centrality
C1579,XML
C1580,Frontend Development
C1581,Microservices
C1582,Lemmatization
C1583,Firewall
C1584,Correlation Analysis
C1585,Proof of Burn (PoB)
C1586,Regenerative Medicine
C1587,
C1588,Predictive Modeling
C1589,
C1590,Classification
C1591,
C1592,IoT Connectivity
C1593,GDPR
C1594,Deep Reinforcement Learning
C1595,IoT Applications
C1596,Borrowing Protocols
C1597,OWASP Top 10
C1598,One-Shot Learning
C1599,
C1600,
C1601,Security Token Offerings (STOs)
C1602,
C1603,
C1604,Sharding
C1605,
C1606,Collectibles NFTs
C1607,
C1608,
C1609,Hyperledger
C1610,Freight Management
C1611,
C1612,
C1613,
C1614,
C1615,Model Selection
C1616,Process Automation
C1617,
C1618,Non-Fungible Tokens (NFTs)
C1619,Six Sigma
C1620,Random Forest
C1621,
C1622,
C1623,Smart Contract Security
C1624,
C1625,Graph Representation Learning
C1626,Expert Review
C1627,
C1628,Citrix
C1629,
C1630,Causal Inference
C1631,
C1632,
C1633,Ethereum
C1634,
C1635,Proof of Reputation (PoR)
C1636,Proof of Capacity (PoC)
C1637,SHAP
C1638,Data Mining
C1639,Geographic Data Analysis
C1640,Numerical Methods
C1641,Handwriting Recognition
C1642,
C1643,Predictive Analytics
C1644,
C1645,Design Patterns
C1646,
C1647,Robotic Process Automation (RPA)
C1648,Optimization
C1649,
C1650,Web Application Security
C1651,Wallet Security
C1652,JIRA
C1653,
C1654,Generative Adversarial Networks (GAN)
C1655,Vulnerability Assessment
C1656,SOAP
C1657,
C1658,Security Token Offerings (STOs)
C1659,VPN
C1660,Data Augmentation
C1661,
C1662,Sentiment Analysis
C1663,
C1664,
C1665,Normal Distribution
C1666,Document Clustering
C1667,Supervised Learning
C1668,Web Scraping
C1669,Journey Mapping
C1670,IoT Security
C1671,
C1672,Continuous Learning
C1673,
C1674,Business Analytics
C1675,Floyd-Warshall Algorithm
C1676,PRINCE2
C1677,Energy Automation
C1678,Innovation
C1679,
C1680,
C1681,
C1682,Liquidity Pools
C1683,Underfitting
C1684,ERC-20
C1685,Materials Management
C1686,Hospital Information System (HIS)
C1687,
C1688,Seaborn
C1689,Materials Management
C1690,Capacity Management
C1691,Binary Encoding
C1692,
C1693,
C1694,
C1695,
C1696,
C1697,Database Administration
C1698,Network Effects
C1699,Model Interpretability
C1700,
C1701,
C1702,
C1703,Resilience
C1704,
C1705,
C1706,Betweenness Centrality
C1707,Model Evaluation
C1708,Fleet Management
C1709,Emotion Recognition
C1710,
C1711,Private Keys
C1712,
C1713,Named Entity Recognition (NER)
C1714,Security Token Offerings (STOs)
C1715,Ethical Hacking
C1716,
C1717,
C1718,Model Interpretability
C1719,
C1720,Smart Cities
C1721,Bioinformatics
C1722,HTML
C1723,Kubernetes
C1724,API Documentation
C1725,Apriori Algorithm
C1726,Programmable Logic Controllers (PLCs)
C1727,
C1728,
C1729,ERC-20
C1730,Prioritization
C1731,
C1732,Named Entity Recognition (NER)
C1733,
C1734,
C1735,Topological Sorting
C1736,Private Keys
C1737,
C1738,
C1739,
C1740,
C1741,Wireless Security
C1742,
C1743,
C1744,Liquidity Pools
C1745,Term Frequency-Inverse Document Frequency (TF-IDF)
C1746,Brute Force Attack
C1747,Usability Testing
C1748,
C1749,Genomics
C1750,
C1751,Graphic Design
C1752,Test-Driven Development (TDD)
C1753,
C1754,Evolution Strategies
C1755,DHCP
C1756,Patient Monitoring Systems
C1757,Feature Scaling
C1758,
C1759,Quantitative Research
C1760,
C1761,Python
C1762,Decentralized Finance (DeFi)
C1763,JSON
C1764,Deep Q-Networks (DQN)
C1765,Object-Oriented Programming (OOP)
C1766,IoT Devices
C1767,
C1768,
C1769,Dialogue Systems
C1770,
C1771,
C1772,Statistical Software
C1773,Qualitative Research
C1774,Graph Traversal Algorithms
C1775,CSS
C1776,Model Deployment
C1777,Single Sign-On (SSO)
C1778,Machine Translation
C1779,Text Mining
C1780,
C1781,
C1782,
C1783,Flask
C1784,
C1785,
C1786,
C1787,
C1788,
C1789,
C1790,Stellar
C1791,
C1792,Release Management
C1793,Healthcare Business Intelligence (BI)
C1794,
C1795,
C1796,Contract Management
C1797,
C1798,IT Service Management (ITSM)
C1799,
C1800,Help Desk Support
C1801,Derivatives Platforms
C1802,
C1803,Descriptive Modeling
C1804,
C1805,
C1806,Node Embedding
C1807,Simulated Annealing
C1808,Radiology Information System (RIS)
C1809,Public Key Infrastructure (PKI)
C1810,
C1811,PCI DSS
C1812,Digital Collectibles
C1813,Apache Spark
C1814,BERT
C1815,
C1816,
C1817,Cross-Chain Asset Transfers
C1818,Genetic Algorithms
C1819,Network Security
C1820,
C1821,GloVe
C1822,Uniform Distribution
C1823,Cross-Platform Development
C1824,
C1825,
C1826,Price Oracles
C1827,
C1828,Proof of Stake (PoS)
C1829,
C1830,Yield Aggregators
C1831,
C1832,Natural Language Processing (NLP)
C1833,Ruby
C1834,Gantt Chart
C1835,Qualitative Analysis
C1836,Gradient Descent
C1837,ANOVA
C1838,
C1839,NumPy
C1840,Bitcoin Wallets
C1841,EOSIO
C1842,Android
C1843,
C1844,Accessibility
C1845,Token Vesting
C1846,Security Information and Event Management (SIEM)
C1847,
C1848,
C1849,Plasma
C1850,DBSCAN
C1851,
C1852,
C1853,Community Detection
C1854,
C1855,UI/UX Design
C1856,Lognormal Distribution
C1857,
C1858,
C1859,
C1860,Python
C1861,Layer 1 Scaling Solutions
C1862,Cluster Analysis
C1863,
C1864,
C1865,
C1866,Electronic Medical Records (EMR)
C1867,Vulnerability Assessment
C1868,IoT Security
C1869,Root Cause Analysis (RCA)
C1870,Database Administration
C1871,
C1872,Experimental Design
C1873,Brute Force Attack
C1874,Proteomics
C1875,
C1876,IPSec
C1877,Clickjacking
C1878,Information Retrieval
C1879,Altcoin Wallets
C1880,
C1881,Zeplin
C1882,Intellectual Property
C1883,
C1884,MySQL
C1885,
C1886,
C1887,Uniform Manifold Approximation and Projection (UMAP)
C1888,
C1889,
C1890,Ridge Regression
C1891,Energy Automation
C1892,Radiology Information System (RIS)
C1893,Ethereum
C1894,Natural Language Processing (NLP)
C1895,
C1896,Music NFTs
C1897,TCP/IP
C1898,
C1899,Expert Review
C1900,
C1901,Generative Adversarial Networks (GAN)
C1902,Personal Health Records (PHR)
C1903,Asynchronous Advantage Actor-Critic (A3C)
C1904,
C1905,A/B Testing
C1906,Non-Fungible Tokens (NFTs)
C1907,Token Economics
C1908,Plotly
C1909,Proof of Space (PoSpace)
C1910,Figma
C1911,Bootstrap Aggregating
C1912,Keras
C1913,
C1914,
C1915,Building Management Systems (BMS)
C1916,
C1917,
C1918,Data Mining
C1919,Economic Incentives
C1920,Qualitative Research
C1921,
C1922,Leave-One-Out Cross-Validation (LOOCV)
C1923,
C1924,Telematics
C1925,
C1926,
C1927,
C1928,
C1929,MetaMask
C1930,
C1931,Graph Matching
C1932,Text Summarization
C1933,Music Rights
C1934,
C1935,
C1936,
C1937,FP-Growth Algorithm
C1938,Enterprise Resource Planning (ERP)
C1939,
C1940,
C1941,Key Performance Indicators (KPIs)
C1942,Clinical Decision Support Systems (CDSS)
C1943,Qualitative Analysis
C1944,
C1945,
C1946,
C1947,Risk Analysis
C1948,
C1949,Few-Shot Learning
C1950,Corda
C1951,
C1952,
C1953,Data Imputation
C1954,
C1955,Label Encoding
C1956,ERC-1155
C1957,
C1958,Hyperledger Fabric
C1959,
C1960,
C1961,Citrix
C1962,
C1963,Ethereum Wallets
C1964,Communication Skills
C1965,Dropout Regularization
C1966,
C1967,Automated Market Makers (AMMs)
C1968,C#
C1969,PyTorch
C1970,Model Monitoring
C1971,Lending Protocols
C1972,
C1973,Yield Farming
C1974,State Channels
C1975,
C1976,
C1977,
C1978,Solana
C1979,Classification
C1980,
C1981,Governance Tokens
C1982,Nursing Informatics
C1983,Tokenization
C1984,TensorFlow
C1985,
C1986,
C1987,Supply Chain Collaboration
C1988,Decentralized Finance (DeFi)
C1989,IoT Devices
C1990,Virtual Land NFTs
C1991,
C1992,Java
C1993,Sharding
C1994,
C1995,Unsupervised Learning
C1996,Data Analysis
C1997,Proof of Concept (PoC)
C1998,
C1999,Unsupervised Learning
