Candidate ID,Skills
C1000,Cryptocurrency
C1001,Chaincode
C1002,Fuzzy Clustering
C1003,Security Tokens
C1004,Conversational Agents
C1005,Conflict Resolution
C1006,Self-Sovereign Identity (SSI)
C1007,Manufacturing Execution Systems (MES)
C1008,Chainlink
C1009,Hadoop
C1010,Sketch
C1011,Data Wrangling
C1012,Mean Shift
C1013,Warehouse Management
C1014,Supervised Learning
C1015,Data Cleaning
C1016,Serverless Architecture
C1017,Sharding
C1018,Distributed Ledger Technology (DLT)
C1019,Elasticsearch
C1020,Proof of Trust (PoT)
C1021,Tezos
C1022,Cold Wallets
C1023,Qualitative Research
C1024,Interpretable Neural Networks
C1025,Serverless Architecture
C1026,Agile Project Management
C1027,Prioritization
C1028,Association Rule Learning
C1029,Technical Support
C1030,Celebrities
C1031,Wearable Devices
C1032,Domain Adaptation
C1033,Katz Centrality
C1034,Oracle Database
C1035,PostgreSQL
C1036,Sidechains
C1037,Proof of Time (PoT)
C1038,Blockchain
C1039,Fuzzy Clustering
C1040,Prediction Markets
C1041,Derivatives Platforms
C1042,Predictive Analytics
C1043,ERC-721
C1044,GitLab
C1045,Remote Support
C1046,Public Health Informatics
C1047,Prediction Markets
C1048,DHCP
C1049,Intrusion Detection System (IDS)
C1050,Speech Recognition
C1051,Tezos
C1052,Scrum Master
C1053,Hyper-V
C1054,Probability Distributions
C1055,Firewall
C1056,Secure Coding Practices
C1057,Energy Management Systems (EMS)
C1058,Technical Support
C1059,Least Squares
C1060,Multi-Task Learning
C1061,Conflict Resolution
C1062,T5
C1063,Data Engineering
C1064,Bootstrap
C1065,Gamma Distribution
C1066,Security Incident Response
C1067,Factor Analysis
C1068,Token Buyback
C1069,SSL/TLS
C1070,Atomic Wallet
C1071,Proof of Elapsed Time (PoET)
C1072,EOS
C1073,Teamwork
C1074,Gamma Distribution
C1075,Data Interpretation
C1076,Yield Farming Aggregators
C1077,ERC-721
C1078,Continuous Integration (CI)
C1079,Sybil Resistance
C1080,Python
C1081,Man-in-the-Middle (MitM) Attack
C1082,Intrusion Detection System (IDS)
C1083,Statistical Inference
C1084,Emotion Recognition
C1085,Self-Play
C1086,Generative Adversarial Networks (GANs)
C1087,Release Management
C1088,Reinforcement Learning
C1089,Tokenization
C1090,Interpretable Models
C1091,Vulnerability Assessment
C1092,Global Positioning System (GPS)
C1093,Non-Fungible Tokens (NFTs)
C1094,Connected Cars
C1095,FastText
C1096,t-Distributed Stochastic Neighbor Embedding (t-SNE)
C1097,Seed Phrases
C1098,Estimation of Distribution Algorithms (EDA)
C1099,A/B Testing
C1100,Mobile Development
C1101,Decentralized Exchanges (DEXs)
C1102,Corda
C1103,Zero Trust Security
C1104,Azure
C1105,IoT Data Analytics
C1106,Scikit-learn
C1107,Human Resource Management (HRM)
C1108,Customer Service
C1109,Doc2Vec
C1110,Token Burn
C1111,Communication Skills
C1112,Spring
C1113,Microsoft Azure
C1114,Multi-Factor Authentication (MFA)
C1115,Prediction Markets
C1116,Binance Smart Chain (BSC)
C1117,Reinforcement Learning
C1118,Early Stopping
C1119,Flash Loans
C1120,Domain Adaptation
C1121,Flexibility
C1122,Convolutional Neural Networks (CNN)
C1123,All Pairs Shortest Path
C1124,Healthcare Technology
C1125,Identity and Access Management (IAM)
C1126,jQuery
C1127,ASP.NET MVC
C1128,Support Vector Machines (SVM)
C1129,Manufacturing Execution Systems (MES)
C1130,Ordinal Encoding
C1131,ERC-20
C1132,Handwriting Recognition
C1133,Reinforcement Learning
C1134,Genomics
C1135,Functional Programming
C1136,Graph Neural Networks (GNNs)
C1137,Payment Channels
C1138,Docker
C1139,Critical Path Method (CPM)
C1140,Non-Fungible Tokens (NFTs)
C1141,IoT Applications
C1142,Neural Architecture Search (NAS)
C1143,Generative Adversarial Networks (GAN)
C1144,Part-of-Speech (POS) Tagging
C1145,Stellar
C1146,Data Presentation
C1147,Binance Wallet
C1148,Uniform Manifold Approximation and Projection (UMAP)
C1149,GraphQL
C1150,Frequency Encoding
C1151,Drug Discovery
C1152,Penetration Testing
C1153,Event Oracles
C1154,Data Validation
C1155,Descriptive Analytics
C1156,Blockchain Oracles
C1157,Chi-Square Test
C1158,Man-in-the-Middle (MitM) Attack
C1159,Radiology Information System (RIS)
C1160,t-Distributed Stochastic Neighbor Embedding (t-SNE)
C1161,Label Encoding
C1162,OAuth
C1163,Wireframe Tools
C1164,GPT
C1165,t-Distributed Stochastic Neighbor Embedding (t-SNE)
C1166,Digital Identity
C1167,SVN
C1168,Breadth-First Search (BFS)
C1169,Ensemble Learning
C1170,DAO Tokens
C1171,Feature Selection
C1172,Delegated Proof of Stake (DPoS)
C1173,All Pairs Shortest Path
C1174,Smart Contract Audits
C1175,Event Oracles
C1176,Network Administration
C1177,Graph Embedding
C1178,Digital Collectibles
C1179,Descriptive Analytics
C1180,Decentralized Applications (DApps)
C1181,Process Automation
C1182,Medical Imaging
C1183,IBM Cloud
C1184,PMI
C1185,Smart Contracts
C1186,Governance Tokens
C1187,Computer Vision
C1188,Hospital Information System (HIS)
C1189,IPSec
C1190,Oracle Cloud
C1191,ElasticNet Regression
C1192,Decentralized Finance (DeFi)
C1193,Closed Source Wallets
C1194,XML
C1195,Hot Wallets
C1196,Distributed Control Systems (DCS)
C1197,ERC-1155
C1198,Proof of Importance (PoI)
C1199,Spring
C1200,Decentralized Applications (DApps)
C1201,Single Sign-On (SSO)
C1202,Hypothesis Testing
C1203,Digital Wallets
C1204,PHP
C1205,IT Service Management (ITSM)
C1206,Support Vector Machines (SVM)
C1207,Liquidity Pools
C1208,Token Locking
C1209,Self-Play
C1210,Supply Chain Analytics
C1211,Mean Shift
C1212,Confidence Intervals
C1213,Real Estate NFTs
C1214,Capacity Planning
C1215,Yield Farming
C1216,Virtual Real Estate
C1217,Experimental Design
C1218,LAN/WAN
C1219,Lean Methodology
C1220,Flask
C1221,Computer Vision
C1222,Document Clustering
C1223,Waterfall Methodology
C1224,Data Analysis
C1225,Description Logics
C1226,Reinforcement Learning
C1227,Asynchronous Advantage Actor-Critic (A3C)
C1228,Material-UI
C1229,Social Tokens
C1230,Flash Loans
C1231,Problem Management
C1232,Continuous Deployment (CD)
C1233,Procurement
C1234,Autoencoders
C1235,Journey Mapping
C1236,Energy Management Systems (EMS)
C1237,Part-of-Speech (POS) Tagging
C1238,Waterfall Methodology
C1239,Data Modeling
C1240,Remote Usability Testing
C1241,Inventory Optimization
C1242,Problem Management
C1243,Leadership
C1244,Self-Motivation
C1245,PCI DSS
C1246,Tokenized Securities
C1247,Smart Contract Security
C1248,Health Information Management (HIM)
C1249,SHAP
C1250,Tron Virtual Machine (TVM)
C1251,Decentralized Finance (DeFi)
C1252,DeFi Protocols
C1253,Model Deployment
C1254,Self-Supervised Learning
C1255,Regression Analysis
C1256,GloVe
C1257,Particle Swarm Optimization (PSO)
C1258,Citrix
C1259,Medical Informatics
C1260,Speech Recognition
C1261,Decentralized Finance (DeFi) Wallets
C1262,Capacity Planning
C1263,Transportation Management
C1264,Persona Creation
C1265,MetaMask
C1266,ASP.NET
C1267,TensorFlow
C1268,Intrusion Prevention System (IPS)
C1269,Kubernetes
C1270,Security Tokens
C1271,Digital Art
C1272,Facial Recognition
C1273,Oracle Database
C1274,Prediction Markets
C1275,Graph Traversal Algorithms
C1276,Floyd-Warshall Algorithm
C1277,Tokenization
C1278,Change Management
C1279,Bitbucket
C1280,Matrix Manipulation
C1281,Vulnerability Assessment
C1282,Smart Cities
C1283,Crypto Wallets
C1284,Beta Distribution
C1285,GraphQL
C1286,Floyd-Warshall Algorithm
C1287,Non-Fungible Tokens (NFTs)
C1288,Tokenized Assets
C1289,Decision Analysis
C1290,Random Forest
C1291,Statistical Analysis
C1292,Neural Machine Translation (NMT)
C1293,RESTful Web Services
C1294,Token Buyback
C1295,Electronic Medical Records (EMR)
C1296,Token Sale
C1297,Software Architecture
C1298,Shortest Path Algorithms
C1299,Cross-Chain Communication
C1300,Artificial Intelligence (AI)
C1301,k-Nearest Neighbors (k-NN)
C1302,Usability Testing
C1303,Distribution Management
C1304,Clinical Decision Support Systems (CDSS)
C1305,Qualitative Analysis
C1306,Polynomial Regression
C1307,Neural Networks
C1308,EOS
C1309,Random Forest
C1310,Word2Vec
C1311,Hospital Information System (HIS)
C1312,Linux
C1313,Question Answering Systems
C1314,Singular Value Decomposition (SVD)
C1315,Probability Distributions
C1316,Data Presentation
C1317,Clickjacking
C1318,Transportation Management
C1319,User Interface Design
C1320,Remote Support
C1321,Grid Search
C1322,Personal Health Records (PHR)
C1323,Confidence Intervals
C1324,Convolutional Neural Networks (CNN)
C1325,Elasticsearch
C1326,Computer Vision
C1327,VirtualBox
C1328,Prediction Markets
C1329,Facial Recognition
C1330,Expert Review
C1331,Token Buyback
C1332,Speech Synthesis
C1333,iOS
C1334,Breadth-First Search (BFS)
C1335,Brute Force Attack
C1336,Journey Mapping
C1337,Knowledge Graphs
C1338,Solana
C1339,Prescriptive Modeling
C1340,Machine Translation
C1341,Object Detection
C1342,Intrusion Prevention System (IPS)
C1343,Supply Chain IoT
C1344,Interviewing
C1345,Confluence
C1346,Sharding
C1347,Continuous Integration (CI)
C1348,Tron
C1349,Random Forest
C1350,Optimization
C1351,Chi-Square Test
C1352,Solidity
C1353,Crypto Wallets
C1354,Blockchain Oracles
C1355,Survey Design
C1356,Bioinformatics
C1357,Geographic Data Visualization
C1358,Image Classification
C1359,Data Visualization
C1360,Environmental Monitoring Systems (EMS)
C1361,Machine Learning
C1362,Stakeholder Management
C1363,Regularization
C1364,Transfer Learning
C1365,Algorithms
C1366,Robotic Exoskeletons
C1367,Forecasting
C1368,Metaverse Land
C1369,Identity and Access Management (IAM)
C1370,Routing and Navigation
C1371,Dialogue Systems
C1372,Interpretable Models
C1373,Hypothesis Testing
C1374,Firewall
C1375,RESTful Web Services
C1376,Boosting
C1377,Hot Wallets
C1378,Binary Encoding
C1379,Tokenized Assets
C1380,Object Recognition
C1381,Protocol Tokens
C1382,jQuery
C1383,Clinical Research Informatics
C1384,Sidechains
C1385,Data Imputation
C1386,MySQL
C1387,GDPR
C1388,Inventory Management
C1389,XLNet
C1390,Business Intelligence (BI)
C1391,Responsive Design
C1392,Feature Scaling
C1393,Medical Informatics
C1394,Gaming Assets
C1395,Cybersecurity
C1396,Proof of Space (PoSpace)
C1397,Cryptocurrency Wallets
C1398,Lean Methodology
C1399,Vyper
C1400,GloVe
C1401,Proof of Elapsed Time (PoET)
C1402,Maximum Flow
C1403,ETL (Extract
C1404,All Pairs Shortest Path
C1405,Descriptive Analytics
C1406,Neural Machine Translation (NMT)
C1407,Big Data
C1408,Information Retrieval (IR)
C1409,Graph Querying
C1410,Protocol Tokens
C1411,PRINCE2
C1412,Energy Automation
C1413,Floyd-Warshall Algorithm
C1414,Remote Monitoring
C1415,Non-Custodial Wallets
C1416,Tokenomics
C1417,NEO Virtual Machine (NEOVM)
C1418,Telemedicine
C1419,Data Structures
C1420,Supply Chain Collaboration
C1421,Dimensionality Reduction
C1422,Geographic Data Analysis
C1423,Proof of Concept (PoC)
C1424,Uniform Manifold Approximation and Projection (UMAP)
C1425,Ethereum Improvement Proposals (EIPs)
C1426,Scrum
C1427,Linear Models
C1428,Seed Phrases
C1429,PyTorch
C1430,C#
C1431,Gaming Assets
C1432,Ethereum Gas Fees
C1433,Social Tokens
C1434,Quantitative Research
C1435,Self-Management
C1436,Binary Encoding
C1437,Independent Component Analysis (ICA)
C1438,OAuth
C1439,Presentation Skills
C1440,Individual Conditional Expectation (ICE) Plots
C1441,Derivatives Platforms
C1442,Polynomial Regression
C1443,Programmable Logic Controllers (PLCs)
C1444,Power BI
C1445,BERT
C1446,Ridge Regression
C1447,Feature Scaling
C1448,DBSCAN
C1449,Machine Learning
C1450,Software Wallets
C1451,Mobile Development
C1452,ASP.NET
C1453,Data Pipelines
C1454,Yield Farming
C1455,Proof of Elapsed Time (PoET)
C1456,Fleet Management
C1457,Kruskal's Algorithm
C1458,Database Administration
C1459,Model Complexity
C1460,Disaster Recovery
C1461,Network Security
C1462,Matrix Manipulation
C1463,Binance Smart Chain (BSC)
C1464,Decentralized Identity (DID)
C1465,Centrality Measures
C1466,Speech Recognition
C1467,Ripple
C1468,Automated Market Makers (AMMs)
C1469,Sales and Marketing Systems
C1470,Presentation Skills
C1471,PyTorch
C1472,ASP.NET MVC
C1473,Prescriptive Analytics
C1474,ElasticNet Regularization
C1475,Seaborn
C1476,Penetration Testing
C1477,MyEtherWallet (MEW)
C1478,Sequential Pattern Mining
C1479,Penetration Testing
C1480,Network Security
C1481,ISO 27001
C1482,Phishing
C1483,Information Retrieval (IR)
C1484,Geographic Data Visualization
C1485,NFT Wallets
C1486,Picture Archiving and Communication System (PACS)
C1487,MongoDB
C1488,Bitcoin Wallets
C1489,Monte Carlo Simulation
C1490,Public Keys
C1491,Proof of Trust (PoT)
C1492,Drug Discovery
C1493,Tabu Search
C1494,Service Desk Management
C1495,Blockchain Governance
C1496,Oracle Database
C1497,Sharding
C1498,Multi-Factor Authentication (MFA)
C1499,Smart Contract Security
C1500,Full Stack Development
C1501,Orthogonalization
C1502,OWL
C1503,Stemming
C1504,Dimensionality Reduction
C1505,Healthcare Business Intelligence (BI)
C1506,Blockchain Governance
C1507,Identity Verification
C1508,Stakeholder Management
C1509,Classification
C1510,MT5
C1511,OWASP Top 10
C1512,Decentralized Autonomous Organizations (DAOs)
C1513,Statistical Inference
C1514,User Interface Design
C1515,Named Entity Recognition (NER)
C1516,Decentralized Applications (DApps)
C1517,Regenerative Medicine
C1518,Plasma
C1519,Budget Management
C1520,Ensemble Learning
C1521,Requirements Gathering
C1522,Corda
C1523,Data Normalization
C1524,Lending Protocols
C1525,MetaMask
C1526,Inventory Optimization
C1527,HTTP/HTTPS
C1528,ERC-20
C1529,Graph Sampling
C1530,Transfer Learning
C1531,Token Airdrop
C1532,Ethereum Wallets
C1533,OAuth2.0
C1534,IPSec
C1535,Conflict Resolution
C1536,Load Balancing
C1537,Healthcare Technology
C1538,Descriptive Modeling
C1539,Eigenvalues and Eigenvectors
C1540,Continuous Deployment (CD)
C1541,Model Monitoring
C1542,Computer Vision
C1543,Speaker Diarization
C1544,Bootstrap Aggregating
C1545,Token Standards
C1546,Intrusion Prevention System (IPS)
C1547,Yield Aggregators
C1548,Prediction Markets
C1549,Lognormal Distribution
C1550,ERC-20
C1551,Prim's Algorithm
C1552,Graph Traversal Algorithms
C1553,Descriptive Statistics
C1554,Token Migration
C1555,Natural Language Processing (NLP)
C1556,Q-Learning
C1557,Automatic Speech Recognition (ASR)
C1558,Process Automation
C1559,Healthcare Data Warehousing
C1560,Nervos
C1561,Redis
C1562,Cold Wallets
C1563,Google Cloud Platform (GCP)
C1564,Naive Bayes
C1565,Waterfall Methodology
C1566,Contract Management
C1567,Language Generation
C1568,Identity Management
C1569,Neuroevolution
C1570,Computer Vision
C1571,Model Deployment
C1572,Depth-First Search (DFS)
C1573,Knowledge Graph Completion
C1574,Elasticsearch
C1575,RESTful Web Services
C1576,Desktop Support
C1577,DNS
C1578,Six Sigma
C1579,Antivirus Software
C1580,Multi-Currency Wallets
C1581,Retail IoT
C1582,Cloud Computing
C1583,Programmable Logic Controllers (PLCs)
C1584,Positive Transfer
C1585,Decentralized Applications (DApps)
C1586,Stellar
C1587,Graph Clustering
C1588,BERT
C1589,Drug Discovery
C1590,Data Oracles
C1591,Backend Development
C1592,Healthcare IT
C1593,Binomial Distribution
C1594,Data Structures
C1595,Data Interpretation
C1596,Real Estate NFTs
C1597,Independent Component Analysis (ICA)
C1598,Model Compression
C1599,Web Development
C1600,Healthcare IoT
C1601,Business Intelligence (BI)
C1602,ITIL
C1603,Agricultural IoT
C1604,Liquidity Pools
C1605,Sequence-to-Sequence (Seq2Seq)
C1606,Optimization Algorithms
C1607,Software Wallets
C1608,Natural Language Processing (NLP)
C1609,Responsive Design
C1610,Feature Selection
C1611,Feature Engineering
C1612,Reporting and Dashboards
C1613,ITIL
C1614,PyTorch
C1615,Waterfall Methodology
C1616,Smart Homes
C1617,Chainlink
C1618,Buffer Overflow
C1619,Pharmaceutical Data Analysis
C1620,Transfer Learning
C1621,Chi-Square Test
C1622,Security Tokens
C1623,Explainable AI (XAI)
C1624,Communication Skills
C1625,Initial Exchange Offerings (IEOs)
C1626,Data Pipelines
C1627,Chi-Square Test
C1628,Smart Contracts
C1629,Wallet SDKs
C1630,Python
C1631,Help Desk Support
C1632,Doc2Vec
C1633,LAN/WAN
C1634,Compliance Management
C1635,Routing and Logistics
C1636,Pharmaceutical Data Analysis
C1637,SVN
C1638,Figma
C1639,Digital Wallets
C1640,Embedding
C1641,Elasticsearch
C1642,LSTM
C1643,Stakeholder Management
C1644,Graph Convolutional Networks (GCNs)
C1645,Proof of Work (PoW)
C1646,Kanban
C1647,Personal Health Records (PHR)
C1648,Time Management
C1649,BERT
C1650,Image Enhancement
C1651,Desktop Support
C1652,Illustration
C1653,Data Interpretation
C1654,Service-Level Agreements (SLAs)
C1655,Binary Encoding
C1656,IBM Cloud
C1657,Yield Aggregators
C1658,TCP/IP
C1659,Stacking
C1660,Digital Assets
C1661,Zeplin
C1662,Adobe XD
C1663,Model Monitoring
C1664,Graph Embedding
C1665,Lemmatization
C1666,Genetic Algorithms
C1667,Link Prediction
C1668,Prim's Algorithm
C1669,Data Engineering
C1670,Feature Engineering
C1671,Manufacturing Execution Systems (MES)
C1672,Lending Platforms
C1673,Security Token Offerings (STOs)
C1674,Decentralized Finance (DeFi) Oracles
C1675,Matrix Manipulation
C1676,Sales and Marketing Systems
C1677,Staking Wallets
C1678,Smart Contract Platforms
C1679,Quantization
C1680,Cryptocurrency Wallets
C1681,Proof of Reputation (PoR)
C1682,DHCP
C1683,Network Security
C1684,Android
C1685,Metaverse NFTs
C1686,Usability Testing
C1687,Descriptive Analytics
C1688,Flask
C1689,Tron Virtual Machine (TVM)
C1690,Continuous Learning
C1691,Dialogue Systems
C1692,Initial Coin Offerings (ICOs)
C1693,Cardano
C1694,Batch Normalization
C1695,Process Automation
C1696,Transcriptomics
C1697,Document Clustering
C1698,Gaming NFTs
C1699,Clinical Decision Support Systems (CDSS)
C1700,Energy Management Systems (EMS)
C1701,Economic Incentives
C1702,Wallet SDKs
C1703,Independent Component Analysis (ICA)
C1704,Problem Management
C1705,Utility Tokens
C1706,Transform
C1707,Tokenized Assets
C1708,Model Interpretability
C1709,HTML
C1710,Generative Adversarial Networks (GANs)
C1711,Computer Vision
C1712,Text Summarization
C1713,Scheduling
C1714,User Research
C1715,Multivariate Testing
C1716,Supervised Learning
C1717,Hyperledger
C1718,Uniform Manifold Approximation and Projection (UMAP)
C1719,Interpretable Models
C1720,SVN
C1721,IoT Solutions
C1722,Wireless Security
C1723,Equity Tokens
C1724,Deep Learning
C1725,Unsupervised Learning
C1726,Smart Contracts
C1727,On-Chain Governance
C1728,Event Oracles
C1729,Particle Swarm Optimization (PSO)
C1730,OPTICS
C1731,Proof of Concept (PoC)
C1732,Real-Time Monitoring
C1733,Inventory Management
C1734,Proof of Work (PoW)
C1735,Security Incident Response
C1736,Blockchain Scalability
C1737,Rehabilitation Robotics
C1738,Prediction Markets
C1739,Remote Usability Testing
C1740,Model Compression
C1741,ISO 27001
C1742,Smart Grid
C1743,Decentralized Identity (DID)
C1744,Buffer Overflow
C1745,HTTP/HTTPS
C1746,Derivatives Protocols
C1747,SQL
C1748,MongoDB
C1749,Feature Engineering
C1750,Healthcare Business Intelligence (BI)
C1751,Data Imputation
C1752,Avalanche
C1753,Data Wrangling
C1754,Dimensionality Reduction
C1755,Oracle Database
C1756,Feature Selection
C1757,Particle Swarm Optimization (PSO)
C1758,Doc2Vec
C1759,Cardano
C1760,ASP.NET
C1761,Blockchain Consensus Mechanisms
C1762,Document Classification
C1763,Lending Platforms
C1764,Descriptive Analytics
C1765,Qualitative Analysis
C1766,Graphic Design
C1767,Decentralized Finance (DeFi) Wallets
C1768,Deep Q-Networks (DQN)
C1769,Six Sigma
C1770,Graph Isomorphism
C1771,Radiology Information System (RIS)
C1772,Healthcare Business Intelligence (BI)
C1773,Attention to Detail
C1774,Equity Tokens
C1775,Medical Image Analysis
C1776,Transportation Management
C1777,Decentralized Finance (DeFi)
C1778,Hyperledger
C1779,Tokenization
C1780,Random Search
C1781,Microsoft Access
C1782,C++
C1783,Proof of Authority (PoA)
C1784,Natural Language Processing (NLP)
C1785,Multi-Armed Bandit
C1786,Policy Gradient Methods
C1787,Cosmos
C1788,Wallet SDKs
C1789,Data Wrangling
C1790,Domain Names
C1791,Decentralized Insurance (DeFi)
C1792,Healthcare IoT
C1793,IoT Devices
C1794,Asset-Backed Tokens
C1795,K-Fold Cross-Validation
C1796,Liquidity Incentives
C1797,OAuth
C1798,Home Automation
C1799,Staking
C1800,Descriptive Modeling
C1801,Security Tokens
C1802,Confidence Intervals
C1803,Mobile Wallets
C1804,Centrality Measures
C1805,Self-Sovereign Identity (SSI)
C1806,Scrum
C1807,Topic Modeling
C1808,Token Sale
C1809,Ruby on Rails
C1810,Decision-Making
C1811,Healthcare Information Systems (HIS)
C1812,Seaborn
C1813,Virtual Real Estate
C1814,Building Management Systems (BMS)
C1815,Data Normalization
C1816,Key Performance Indicators (KPIs)
C1817,Simulated Annealing
C1818,Beta Distribution
C1819,Cardano
C1820,Label Encoding
C1821,Governance Tokens
C1822,IT Service Management (ITSM)
C1823,Generative Adversarial Networks (GANs)
C1824,Feature Importance
C1825,Sequential Pattern Mining
C1826,Statistical Inference
C1827,Multivariate Analysis
C1828,Hadoop
C1829,Deep Learning
C1830,Data Validation
C1831,Dialogue Systems
C1832,Earned Value Management (EVM)
C1833,Gated Recurrent Unit (GRU)
C1834,ANOVA
C1835,Ethereum
C1836,Semantic Web
C1837,Picture Archiving Communication System (PACS)
C1838,SPARQL
C1839,Telemedicine
C1840,Interpretable Neural Networks
C1841,Web3 Wallets
C1842,Continuous Deployment (CD)
C1843,Sports NFTs
C1844,Non-Fungible Tokens (NFTs)
C1845,Transportation Management
C1846,Medical Billing
C1847,Topic Modeling
C1848,Token Standards
C1849,Frequency Encoding
C1850,Smart Contracts
C1851,Medical Imaging
C1852,Sidechains
C1853,Token Vesting
C1854,Machine Translation
C1855,Model Selection
C1856,Uniform Distribution
C1857,Natural Language Understanding (NLU)
C1858,HTML
C1859,Polynomial Regression
C1860,Principal Component Analysis (PCA)
C1861,Kanban
C1862,Visual Design
C1863,Balsamiq
C1864,Web Development
C1865,Markov Chains
C1866,Windows Server
C1867,Custodial Wallets
C1868,DDoS Attack
C1869,Medical Image Analysis
C1870,Lemmatization
C1871,Data Wrangling
C1872,Mean Shift
C1873,Seaborn
C1874,Token Economics
C1875,Self-Supervised Learning
C1876,Medical Billing
C1877,SPARQL
C1878,Digital Art NFTs
C1879,Coinbase Wallet
C1880,Remote Sensing
C1881,Text Summarization
C1882,Correlation Analysis
C1883,Web Security
C1884,Self-Motivation
C1885,Retail IoT
C1886,Term Frequency-Inverse Document Frequency (TF-IDF)
C1887,Currency Tokens
C1888,Bitbucket
C1889,Image Segmentation
C1890,Ledger Wallet
C1891,Tokenization
C1892,LIME
C1893,Image Processing
C1894,Phishing
C1895,Robotic Surgery
C1896,Transfer Learning
C1897,EOSIO
C1898,Cross-Site Scripting (XSS)
C1899,Containerization
C1900,Token Burn
C1901,Supply Chain IoT
C1902,SVN
C1903,Smart Contracts
C1904,Scrum
C1905,JIRA
C1906,Language Translation
C1907,Materials Management
C1908,C++
C1909,Linear Algebra
C1910,Graph Partitioning
C1911,Oracle Database
C1912,TensorFlow
C1913,Reinforcement Learning
C1914,Contract Management
C1915,Object Detection
C1916,Transfer Learning
C1917,Multi-Signature Wallets
C1918,Java
C1919,Factor Analysis
C1920,Custodial Wallets
C1921,Dimensionality Reduction
C1922,Microsoft Excel
C1923,Data Collection
C1924,Yield Optimizers
C1925,DHCP
C1926,Initial Exchange Offerings (IEOs)
C1927,Logistics Management
C1928,Virtual Real Estate
C1929,ISO 27001
C1930,Collectibles NFTs
C1931,Node Embedding
C1932,Web Scraping
C1933,Smart Contracts
C1934,Rollups
C1935,PHP
C1936,Unix
C1937,Asset Management
C1938,Health Information Exchange (HIE)
C1939,Process Automation
C1940,Problem-Solving
C1941,HTTP/HTTPS
C1942,Digital Wallets
C1943,Part-of-Speech (POS) Tagging
C1944,ANOVA
C1945,Self-Motivation
C1946,ERC-20
C1947,Text Generation
C1948,Data Validation
C1949,Ruby
C1950,Location-Based Services (LBS)
C1951,Data Collection
C1952,Non-Fungible Tokens (NFTs)
C1953,Blockchain Interoperability
C1954,Graph Clustering
C1955,Infrastructure as Code (IaC)
C1956,React.js
C1957,Keras
C1958,Governance Tokens
C1959,Fuzzy Clustering
C1960,Graph Neural Networks (GNNs)
C1961,Data Visualization
C1962,Affinity Propagation
C1963,Ontologies
C1964,Cross-Chain Asset Transfers
C1965,Survival Analysis
C1966,Git
C1967,Uniform Manifold Approximation and Projection (UMAP)
C1968,Interpretable Neural Networks
C1969,Cloud Computing
C1970,Energy Automation
C1971,React.js
C1972,Critical Path Method (CPM)
C1973,K-Means Clustering
C1974,Gated Recurrent Unit (GRU)
C1975,Data Engineering
C1976,Health Information Exchange (HIE)
C1977,Java
C1978,Laboratory Information System (LIS)
C1979,Security Information and Event Management (SIEM)
C1980,Part-of-Speech (POS) Tagging
C1981,SVN
C1982,Cardano
C1983,Bayesian Optimization
C1984,Wearable Devices
C1985,Generative Adversarial Networks (GANs)
C1986,Principal Component Analysis (PCA)
C1987,Token Airdrop
C1988,Yield Aggregators
C1989,Atomic Swaps
C1990,Accounting and Finance Systems
C1991,Geocoding
C1992,Link Prediction
C1993,Initial Exchange Offerings (IEOs)
C1994,Asset Tracking
C1995,Adaptability
C1996,Principal Component Analysis (PCA)
C1997,PMI
C1998,Sequential Pattern Mining
C1999,XGBoost
