Job ID,Skills
J1000,Problem-Solving
J1001,Journey Mapping
J1002,Overfitting
J1003,Data Presentation
J1004,Smart Contract Platforms
J1005,Asset Tracking
J1006,Topological Sorting
J1007,Survival Analysis
J1008,Seed Phrases
J1009,Genomics
J1010,Microsoft Azure
J1011,Graph Embedding
J1012,Transformer
J1013,K-Means Clustering
J1014,Heroku
J1015,Prediction Markets
J1016,Lemmatization
J1017,iOS
J1018,Governance Tokens
J1019,Speech-to-Text (STT)
J1020,Fractional Ownership Tokens
J1021,Bootstrap Aggregating
J1022,AWS
J1023,Yield Farming Aggregators
J1024,Uniform Manifold Approximation and Projection (UMAP)
J1025,Load Balancing
J1026,Identity Management
J1027,Prim's Algorithm
J1028,Centrality Measures
J1029,Naive Bayes
J1030,Service-Oriented Architecture (SOA)
J1031,Wireframing
J1032,Exploratory Data Analysis (EDA)
J1033,IBM Cloud
J1034,Floyd-Warshall Algorithm
J1035,Unsupervised Learning
J1036,Data Oracles
J1037,Waterfall Methodology
J1038,Data Structures
J1039,C#
J1040,Apriori Algorithm
J1041,Bootstrap Aggregating
J1042,Bootstrapping
J1043,Uniform Manifold Approximation and Projection (UMAP)
J1044,React.js
J1045,Price Oracles
J1046,HTML
J1047,Self-Play
J1048,Decentralized Finance (DeFi)
J1049,Real Estate NFTs
J1050,Gaming Assets
J1051,Film Rights
J1052,Lending Platforms
J1053,Communication Skills
J1054,Adobe Creative Cloud
J1055,Utility Tokens
J1056,EOSIO
J1057,Feature Engineering
J1058,Independent Component Analysis (ICA)
J1059,One-Hot Encoding
J1060,Vector Calculus
J1061,Random Forest
J1062,Human Resource Management (HRM)
J1063,Logistic Regression
J1064,Root Cause Analysis (RCA)
J1065,Doc2Vec
J1066,Vendor Management
J1067,Model Distillation
J1068,Speech Recognition
J1069,Expert Review
J1070,Descriptive Analytics
J1071,Inventory Optimization
J1072,Data Validation
J1073,Information Retrieval
J1074,Lasso Regression
J1075,TensorFlow
J1076,Data Pipelines
J1077,Troubleshooting
J1078,Healthcare Data Visualization
J1079,Prioritization
J1080,HTTP/HTTPS
J1081,User Research
J1082,Word Embeddings
J1083,Creativity
J1084,K-Means Clustering
J1085,Topic Modeling
J1086,Hyperparameter Optimization
J1087,Uniform Distribution
J1088,Neural Networks
J1089,Software Wallets
J1090,Smart Homes
J1091,Floyd-Warshall Algorithm
J1092,C#
J1093,Lasso Regression
J1094,Mean Encoding
J1095,Git
J1096,DBSCAN
J1097,Image Generation
J1098,Cryptocurrency Exchanges
J1099,IT Service Management (ITSM)
J1100,Geocoding
J1101,SCADA Systems
J1102,C#
J1103,JSON
J1104,Enterprise Resource Planning (ERP)
J1105,Natural Language Processing (NLP)
J1106,Data Transformation
J1107,Service-Level Agreements (SLAs)
J1108,Assistive Robotics
J1109,Ripple
J1110,Real Estate
J1111,Neural Networks
J1112,Teamwork
J1113,Apache Kafka
J1114,Liquidity Pools
J1115,Predictive Analytics
J1116,Text Summarization
J1117,Monte Carlo Simulation
J1118,Chi-Square Test
J1119,Data Wrangling
J1120,Technical Support
J1121,Data Visualization
J1122,Open Source Wallets
J1123,HTML
J1124,PageRank
J1125,Self-Supervised Learning
J1126,Self-Play
J1127,Hypothesis Testing
J1128,Smart Contracts
J1129,XLNet
J1130,Reinforcement Learning
J1131,Agile Project Management
J1132,Deep Learning
J1133,Seaborn
J1134,Word2Vec
J1135,Retail IoT
J1136,Chaincode
J1137,Experimental Design
J1138,Digital Wallets
J1139,Empathy Mapping
J1140,Security Information and Event Management (SIEM)
J1141,Polkadot
J1142,Plotly
J1143,Model Distillation
J1144,Ruby on Rails
J1145,Domain Adaptation
J1146,Non-Fungible Tokens (NFTs)
J1147,Entity Linking
J1148,Neural Architecture Search (NAS)
J1149,CatBoost
J1150,Self-Management
J1151,Code Review
J1152,Laravel
J1153,Apriori Algorithm
J1154,Wallet SDKs
J1155,Forecasting
J1156,Zero-Shot Learning
J1157,Governance Tokens
J1158,Autoencoders
J1159,Decentralized Finance (DeFi) Oracles
J1160,Tokenized Assets
J1161,Feature Engineering
J1162,Fuzzy Clustering
J1163,jQuery
J1164,AWS
J1165,Service-Level Agreements (SLAs)
J1166,Dijkstra's Algorithm
J1167,Tron
J1168,AngularJS
J1169,Deep Q-Networks (DQN)
J1170,Plotly
J1171,Decentralized Identity (DID)
J1172,ISO 27001
J1173,Risk Analysis
J1174,iOS
J1175,Quantization
J1176,Holdout Validation
J1177,Minimum Cut
J1178,Decentralized Insurance (DeFi)
J1179,Asset Tracking
J1180,Decentralized Stablecoins
J1181,Radiology Information System (RIS)
J1182,Warehouse Management
J1183,Product Owner
J1184,Film NFTs
J1185,Floyd-Warshall Algorithm
J1186,On-Chain Governance
J1187,Decentralized Finance (DeFi)
J1188,Routing and Navigation
J1189,Microsoft SQL Server
J1190,Logistics Optimization
J1191,Secure Coding Practices
J1192,Supplier Relationship Management (SRM)
J1193,Endpoint Security
J1194,Entity Resolution
J1195,GPT
J1196,Token Locking
J1197,Atomic Wallet
J1198,Cardano
J1199,Positive Transfer
J1200,Convolutional Neural Networks (CNN)
J1201,Model Distillation
J1202,Flash Loans
J1203,Leadership
J1204,Fractional Ownership Tokens
J1205,Token Swap
J1206,Autoencoders
J1207,Individual Conditional Expectation (ICE) Plots
J1208,Reporting and Dashboards
J1209,Contract Management
J1210,Image Processing
J1211,Feature Importance
J1212,Virtualization
J1213,Celebrities
J1214,Continuous Deployment (CD)
J1215,Google Cloud Platform (GCP)
J1216,Feature Selection
J1217,Computer Vision
J1218,Entity Resolution
J1219,Power BI
J1220,Zero-Shot Learning
J1221,Relation Extraction
J1222,Node.js
J1223,Self-Sovereign Identity (SSI)
J1224,BERT
J1225,Material-UI
J1226,LSTM
J1227,Natural Language Processing (NLP)
J1228,IoT Security
J1229,Unsupervised Learning
J1230,Network Monitoring
J1231,Computerized Physician Order Entry (CPOE)
J1232,Hibernate
J1233,Routing and Navigation
J1234,Seed Phrases
J1235,Predictive Modeling
J1236,Proteomics
J1237,Microservices Architecture
J1238,Materials Management
J1239,Algorand
J1240,Proof of Work (PoW)
J1241,Retail IoT
J1242,JavaScript
J1243,Trust Wallet
J1244,Web Security
J1245,OPTICS
J1246,Token Locking
J1247,Object Detection
J1248,Security Token Offerings (STOs)
J1249,Secure Coding Practices
J1250,Agile Project Management
J1251,Initial Exchange Offerings (IEOs)
J1252,Human Resource Management (HRM)
J1253,Distributed Ledger Technology (DLT)
J1254,Numerical Methods
J1255,Requirements Gathering
J1256,Initial Coin Offerings (ICOs)
J1257,Deep Learning
J1258,Decentralized Finance (DeFi)
J1259,Smart Contract Audits
J1260,Overfitting
J1261,Digital Identity
J1262,Blockchain Platforms
J1263,Django
J1264,Classification
J1265,Image Enhancement
J1266,Betweenness Centrality
J1267,Domain Adaptation
J1268,Apriori Algorithm
J1269,Patch Management
J1270,Data Warehousing
J1271,Hypothesis Testing
J1272,Budget Management
J1273,Transformer
J1274,AWS
J1275,Lean Methodology
J1276,Plasma
J1277,Quantitative Analysis
J1278,GRU
J1279,Governance Tokens
J1280,Event Oracles
J1281,HTTP/HTTPS
J1282,Accessibility
J1283,Medical Robotics
J1284,Classification
J1285,JWT
J1286,Smart Contract Development
J1287,Edge Embedding
J1288,Affinity Propagation
J1289,HIPAA
J1290,Code Review
J1291,Multi-Task Learning
J1292,Data Interpretation
J1293,Disaster Recovery
J1294,Sketch
J1295,ASP.NET MVC
J1296,SHAP
J1297,Quantitative Analysis
J1298,Text Summarization
J1299,Data Visualization
J1300,Attention to Detail
J1301,IT Infrastructure
J1302,Leadership
J1303,Identity Management
J1304,MySQL
J1305,Matplotlib
J1306,Positive Transfer
J1307,Early Stopping
J1308,Budget Management
J1309,Graph Querying
J1310,Nanorobotics
J1311,Mean Shift
J1312,Label Encoding
J1313,Smart Grid
J1314,Microsoft SQL Server
J1315,FTP/SFTP
J1316,Forecasting
J1317,TCP/IP
J1318,Grid Search
J1319,Target Encoding
J1320,Medical Imaging
J1321,Few-Shot Learning
J1322,Intrusion Prevention System (IPS)
J1323,Decentralized Identity (DID)
J1324,Non-Fungible Tokens (NFTs)
J1325,Risk Register
J1326,Speech Synthesis
J1327,Multivariate Analysis
J1328,Kanban
J1329,Cryptocurrency
J1330,Quantitative Analysis
J1331,Conflict Resolution
J1332,Penetration Testing
J1333,Network Administration
J1334,Text Generation
J1335,Hub and Authority Scores
J1336,Reinforcement Learning
J1337,Negotiation Skills
J1338,Uniform Manifold Approximation and Projection (UMAP)
J1339,Film Rights
J1340,Association Rule Learning
J1341,Zero Trust Security
J1342,Graph Isomorphism
J1343,Big Data Analytics
J1344,Speech Synthesis
J1345,Functional Programming
J1346,Regression
J1347,Compliance Management
J1348,Word Embeddings
J1349,Reinforcement Learning
J1350,Regression Analysis
J1351,Industrial Automation
J1352,Transformer
J1353,Forecasting
J1354,Key Performance Indicators (KPIs)
J1355,Leave-One-Out Cross-Validation (LOOCV)
J1356,Object Recognition
J1357,Desktop Support
J1358,Documentation
J1359,Economic Incentives
J1360,Recurrent Neural Networks (RNN)
J1361,Linear Models
J1362,Exploratory Data Analysis (EDA)
J1363,Eigenvalues and Eigenvectors
J1364,Proof of Activity (PoA)
J1365,Forecasting
J1366,Risk Management
J1367,Plotly
J1368,Feature Scaling
J1369,Supervisory Control and Data Acquisition (SCADA)
J1370,Data Augmentation
J1371,Multi-Signature Wallet
J1372,Quantitative Analysis
J1373,Meta-Learning
J1374,L2 Regularization
J1375,Occam's Razor
J1376,Retail IoT
J1377,Smart Contracts
J1378,Cryptocurrency
J1379,Protocol Tokens
J1380,Visual Design
J1381,Remote Support
J1382,XLNet
J1383,Domain Adaptation
J1384,Hypothesis Testing
J1385,Cross-Site Scripting (XSS)
J1386,Graph Neural Networks (GNNs)
J1387,Model Compression
J1388,Model Interpretability
J1389,Microsoft Access
J1390,Customer Relationship Management (CRM)
J1391,Machine Learning
J1392,Precision Medicine
J1393,Flash Loans
J1394,Real Estate NFTs
J1395,Topic Modeling
J1396,LIME
J1397,Key Performance Indicators (KPIs)
J1398,Degree Centrality
J1399,Doc2Vec
J1400,Location-Based Services (LBS)
J1401,IoT Devices
J1402,Global Positioning System (GPS)
J1403,HTML
J1404,Graph Traversal Algorithms
J1405,Innovation
J1406,JavaScript
J1407,Data Augmentation
J1408,Regression Analysis
J1409,Radiology Information System (RIS)
J1410,Identity Management
J1411,Cross-Site Request Forgery (CSRF)
J1412,Compliance Management
J1413,Identity Management
J1414,Part-of-Speech (POS) Tagging
J1415,Decentralized Finance (DeFi)
J1416,Token Vesting
J1417,Regression Analysis
J1418,AngularJS
J1419,DAO Tokens
J1420,Blockchain
J1421,Image Classification
J1422,Principal Component Analysis (PCA)
J1423,Recurrent Neural Networks (RNN)
J1424,Numerical Methods
J1425,Healthcare IoT
J1426,Prescriptive Analytics
J1427,Business Intelligence (BI)
J1428,MapReduce
J1429,Docker
J1430,Data Imputation
J1431,Azure
J1432,Stellar
J1433,Graph Isomorphism
J1434,Data Visualization
J1435,PHP
J1436,Graph Partitioning
J1437,Monte Carlo Tree Search (MCTS)
J1438,Health Information Management (HIM)
J1439,Stratified Cross-Validation
J1440,Generative Adversarial Networks (GANs)
J1441,Resilience
J1442,Dimensionality Reduction
J1443,Speech-to-Text (STT)
J1444,Intellectual Property
J1445,Lemmatization
J1446,Geographic Data Visualization
J1447,Illustration
J1448,Supply Chain Analytics
J1449,Health Information Exchange (HIE)
J1450,Domain Adaptation
J1451,Generative Adversarial Networks (GAN)
J1452,Sidechains
J1453,Decentralized Identity (DID)
J1454,Prediction Markets
J1455,Principal Component Analysis (PCA)
J1456,Smart Homes
J1457,Graph Neural Networks (GNNs)
J1458,Medical Robotics
J1459,High Availability
J1460,Real Estate NFTs
J1461,Proof of Time (PoT)
J1462,Data Transformation
J1463,Statistical Software
J1464,Scikit-learn
J1465,Computer Vision
J1466,Stacking
J1467,Drug Discovery
J1468,ElasticNet Regularization
J1469,Capacity Planning
J1470,Mean Shift
J1471,Occam's Razor
J1472,Windows Server
J1473,Asset-Backed Tokens
J1474,Naive Bayes
J1475,Digital Art NFTs
J1476,Explainable AI (XAI)
J1477,Waterfall Methodology
J1478,Frontend Development
J1479,Attention Mechanism
J1480,Term Frequency-Inverse Document Frequency (TF-IDF)
J1481,Artificial Intelligence (AI)
J1482,Prim's Algorithm
J1483,Coinbase Wallet
J1484,OAuth2
J1485,Neural Networks
J1486,Semi-Supervised Learning
J1487,C#
J1488,Rehabilitation Robotics
J1489,Voting
J1490,Digital Art NFTs
J1491,Naive Bayes
J1492,Boosting
J1493,Layer 2 Solutions
J1494,Web Wallets
J1495,Capacity Planning
J1496,Disaster Recovery
J1497,Qualitative Research
J1498,Bioinformatics
J1499,Sketch
J1500,PostgreSQL
J1501,K-Fold Cross-Validation
J1502,Principal Component Analysis (PCA)
J1503,Flask
J1504,K-Means Clustering
J1505,Decentralized Finance (DeFi)
J1506,Artificial Intelligence (AI)
J1507,Ethereum Gas Fees
J1508,Stratified Cross-Validation
J1509,Threat Intelligence
J1510,Yield Optimizers
J1511,Fuzzy Clustering
J1512,Wallet SDKs
J1513,Graph Matching
J1514,Leadership
J1515,Sentiment Analysis
J1516,Non-Fungible Tokens (NFTs)
J1517,Passive Learning
J1518,Streaming Data
J1519,Supervisory Control and Data Acquisition (SCADA)
J1520,IoT Applications
J1521,AdaBoost
J1522,Decentralized Applications (DApps)
J1523,Bootstrapping
J1524,Stakeholder Management
J1525,Binance Wallet
J1526,Inventory Optimization
J1527,Chaincode
J1528,Electronic Medical Records (EMR)
J1529,OAuth2
J1530,RDF
J1531,Smart Grid
J1532,Presentation Skills
J1533,Token Distribution
J1534,t-Distributed Stochastic Neighbor Embedding (t-SNE)
J1535,LSTM
J1536,Supply Chain Visibility
J1537,IoT Data Analytics
J1538,Domain Adaptation
J1539,Public Key Infrastructure (PKI)
J1540,Connected Components
J1541,Amazon Web Services
J1542,JavaScript
J1543,Self-Attention Mechanism
J1544,Environmental Monitoring Systems (EMS)
J1545,Change Management
J1546,IPSec
J1547,Supervised Learning
J1548,Adobe XD
J1549,OAuth2
J1550,Model-Based Optimization
J1551,OPTICS
J1552,Automatic Speech Recognition (ASR)
J1553,Dimensionality Reduction
J1554,Healthcare Business Intelligence (BI)
J1555,Feature Engineering
J1556,Software Wallets
J1557,Speaker Diarization
J1558,Link Prediction
J1559,MacOS
J1560,Self-Play
J1561,Root Cause Analysis (RCA)
J1562,Tokenized Assets
J1563,Machine Learning
J1564,Data Modeling
J1565,Data Augmentation
J1566,Tezos
J1567,Token Vesting
J1568,ITIL
J1569,Self-Management
J1570,Java
J1571,Gaming NFTs
J1572,Accessibility
J1573,Tron Virtual Machine (TVM)
J1574,JavaScript
J1575,Generative Adversarial Networks (GANs)
J1576,Language Translation
J1577,Reinforcement Learning
J1578,Radiology Information System (RIS)
J1579,Trust Wallet
J1580,Trust Wallet
J1581,Standardization
J1582,Hospital Information System (HIS)
J1583,Service-Oriented Architecture (SOA)
J1584,Natural Language Processing (NLP)
J1585,Text Mining
J1586,Hub and Authority Scores
J1587,Regression Analysis
J1588,Product Owner
J1589,Eigenvalues and Eigenvectors
J1590,Affinity Propagation
J1591,Kubernetes
J1592,Cross-Platform Development
J1593,Prototyping
J1594,InVision
J1595,Data Warehousing
J1596,Dialogue Systems
J1597,Logistic Regression
J1598,Budget Management
J1599,Logistic Regression
J1600,Floyd-Warshall Algorithm
J1601,Interviewing
J1602,C++
J1603,Plotly
J1604,Pareto Distribution
J1605,Asset Management
J1606,Part-of-Speech (POS) Tagging
J1607,Yield Aggregators
J1608,Cross-Site Request Forgery (CSRF)
J1609,Feature Selection
J1610,Ethereum 2.0
J1611,Ordinal Encoding
J1612,Proof of Weight (PoWeight)
J1613,Waterfall Methodology
J1614,Smart Homes
J1615,Random Search
J1616,Text Preprocessing
J1617,Stratified Cross-Validation
J1618,Citrix
J1619,Poisson Distribution
J1620,Desktop Wallets
J1621,Segmentation
J1622,Music Rights
J1623,Security Tokens
J1624,Data Mining
J1625,Ledger Wallet
J1626,Mobile Development
J1627,Transportation Management
J1628,Healthcare Data Mining
J1629,Endpoint Security
J1630,Blockchain Governance
J1631,Matrix Manipulation
J1632,Hub and Authority Scores
J1633,SSL/TLS
J1634,Proof of Time (PoT)
J1635,Heroku
J1636,Text Mining
J1637,K-Fold Cross-Validation
J1638,Communication Skills
J1639,Governance Incentives
J1640,Genomics
J1641,Nursing Informatics
J1642,Fuzzy Clustering
J1643,Polynomial Regression
J1644,API Documentation
J1645,LAN/WAN
J1646,Amazon Web Services
J1647,Atomic Swaps
J1648,Sports Teams
J1649,Liquidity Pools
J1650,Semantic Web
J1651,Git
J1652,Feature Engineering
J1653,Atomic Wallet
J1654,Document Indexing
J1655,Non-Fungible Tokens (NFTs)
J1656,Visual Design
J1657,Vendor Management
J1658,Bag of Words (BoW)
J1659,Radiology Information System (RIS)
J1660,OWASP Top 10
J1661,Hardware Wallets
J1662,Cloud Computing
J1663,Medical Informatics
J1664,Security Incident Response
J1665,Leave-One-Out Cross-Validation (LOOCV)
J1666,Classification
J1667,Proof of Authority (PoA)
J1668,Film Rights
J1669,Bayesian Optimization
J1670,Smart Homes
J1671,Algorand
J1672,Stratified Cross-Validation
J1673,Ensemble Learning
J1674,Continuous Learning
J1675,Qualitative Research
J1676,PostgreSQL
J1677,GPT
J1678,Music Rights
J1679,OAuth2.0
J1680,Artificial Intelligence (AI)
J1681,Nanorobotics
J1682,Threat Intelligence
J1683,Information Retrieval
J1684,Wireframe Tools
J1685,Support Vector Machines (SVM)
J1686,Digital Wallets
J1687,Neural Architecture Search (NAS)
J1688,Healthcare Data Analytics
J1689,Project Management
J1690,Machine Translation
J1691,Wallet Security
J1692,Relation Extraction
J1693,Ordinal Encoding
J1694,Decentralized Oracles
J1695,Data Transformation
J1696,GloVe
J1697,Interpretable Neural Networks
J1698,Enterprise Resource Planning (ERP)
J1699,Decentralized Finance (DeFi) Oracles
J1700,Grid Search
J1701,Quantization
J1702,Computerized Physician Order Entry (CPOE)
J1703,Security Tokens
J1704,Warehouse Management
J1705,Collateralized Stablecoins
J1706,Environmental Monitoring Systems (EMS)
J1707,Procurement
J1708,Chaincode
J1709,Logistic Regression
J1710,Feature Importance
J1711,Decentralized Exchanges (DEXs)
J1712,IBM Cloud
J1713,Speech Recognition
J1714,Text Preprocessing
J1715,NEO Virtual Machine (NEOVM)
J1716,Liquidity Mining
J1717,Lognormal Distribution
J1718,Generative Adversarial Networks (GANs)
J1719,Plasma
J1720,Feature Selection
J1721,Music NFTs
J1722,Remote Monitoring
J1723,Chatbots
J1724,Procurement
J1725,Healthcare IoT
J1726,A/B Testing
J1727,Lean Methodology
J1728,SMTP
J1729,Hospital Information System (HIS)
J1730,ERC-1155
J1731,SOAP Web Services
J1732,Non-Fungible Tokens (NFTs)
J1733,Telemedicine
J1734,Prescriptive Analytics
J1735,Axure RP
J1736,Dimensionality Reduction
J1737,Building Automation
J1738,Overfitting
J1739,Conflict Resolution
J1740,Decentralized Finance (DeFi)
J1741,Data Visualization
J1742,Supervised Learning
J1743,Manufacturing Execution Systems (MES)
J1744,Supply Chain IoT
J1745,Procurement
J1746,Strongly Connected Components
J1747,Celebrities
J1748,ERC-1155
J1749,Adaptability
J1750,Smart Grid
J1751,Independent Component Analysis (ICA)
J1752,Robotic Exoskeletons
J1753,Public Health Informatics
J1754,Load)
J1755,Procurement
J1756,Waterfall Methodology
J1757,Dimensionality Reduction
J1758,Fleet Management
J1759,Dimensionality Reduction
J1760,Data Engineering
J1761,Critical Path Method (CPM)
J1762,Atomic Swaps
J1763,Hospital Information System (HIS)
J1764,Mobile Wallets
J1765,Algorand
J1766,Communication Skills
J1767,Voting
J1768,Exodus Wallet
J1769,Hub and Authority Scores
J1770,Domain Adaptation
J1771,Celebrities
J1772,Speaker Diarization
J1773,Hash Encoding
J1774,Model Monitoring
J1775,Reinforcement Learning
J1776,Time-Series Cross-Validation
J1777,Laboratory Information System (LIS)
J1778,Smart Grid
J1779,Decentralized Oracles
J1780,Technical Writing
J1781,Affinity Propagation
J1782,K-Means Clustering
J1783,Altcoin Wallets
J1784,Decentralized Finance (DeFi) Wallets
J1785,Hyperparameter Optimization
J1786,Production Planning
J1787,Customer Service
J1788,Partial Dependence Plots
J1789,Liquidity Pools
J1790,Association Rule Learning
J1791,Data Mining
J1792,Poisson Distribution
J1793,Commodity Tokens
J1794,Algorand
J1795,Problem Management
J1796,Self-Management
J1797,Model Interpretability
J1798,Smart Contracts
J1799,Data Interpretation
J1800,Blockchain
J1801,IoT Sensors
J1802,Microsoft Azure
J1803,Business Continuity Planning (BCP)
J1804,Statistical Software
J1805,Contract Management
J1806,Interviewing
J1807,OWL
J1808,Shortest Path Algorithms
J1809,Backup and Restore
J1810,Hardware Wallets
J1811,Decentralized Autonomous Organizations (DAOs)
J1812,Initial Coin Offerings (ICOs)
J1813,Waterfall Methodology
J1814,Amazon Web Services
J1815,Predictive Modeling
J1816,Sports NFTs
J1817,Django
J1818,Film Rights
J1819,Cross-Site Scripting (XSS)
J1820,Manufacturing Execution Systems (MES)
J1821,Proof of Capacity (PoC)
J1822,SCADA Systems
J1823,Lognormal Distribution
J1824,Medical Image Analysis
J1825,Token Buyback
J1826,Documentation
J1827,K-Fold Cross-Validation
J1828,DDoS Attack
J1829,Clickjacking
J1830,OAuth2.0
J1831,Medical Billing
J1832,Sidechains
J1833,DeFi Protocols
J1834,Convolutional Neural Networks (CNN)
J1835,Problem Management
J1836,Text Summarization
J1837,Code Review
J1838,Document Clustering
J1839,Smart Contract Audits
J1840,FastText
J1841,PostgreSQL
J1842,Decentralized Finance (DeFi) Oracles
J1843,Information Retrieval (IR)
J1844,Facial Recognition
J1845,Forecasting
J1846,PRINCE2
J1847,Wallet Security
J1848,Cryptography
J1849,Yield Optimizers
J1850,System Administration
J1851,Proof of Stake (PoS)
J1852,Ethereum 2.0
J1853,RESTful APIs
J1854,Hibernate
J1855,Ordinal Encoding
J1856,Color Theory
J1857,Edge Embedding
J1858,DNS
J1859,Relation Extraction
J1860,Decentralized Finance (DeFi) Wallets
J1861,Decentralized Identity (DID)
J1862,IT Service Management (ITSM)
J1863,Mobile Wallets
J1864,Scrum
J1865,Natural Language Understanding (NLU)
J1866,Graph Neural Networks (GNNs)
J1867,Crypto Wallets
J1868,Proof of Trust (PoT)
J1869,Estimation of Distribution Algorithms (EDA)
J1870,Confluence
J1871,Sharding
J1872,Medical Image Analysis
J1873,Journey Mapping
J1874,Supervised Learning
J1875,Telemedicine
J1876,ASP.NET MVC
J1877,Entity Linking
J1878,Drug Discovery
J1879,Transfer Learning
J1880,Security Tokens
J1881,Factor Analysis
J1882,Prototyping
J1883,Inferential Statistics
J1884,Principal Component Analysis (PCA)
J1885,Artificial Intelligence (AI)
J1886,Surgical Robotics
J1887,Medical Image Analysis
J1888,Tabu Search
J1889,User Testing
J1890,Regenerative Medicine
J1891,Virtual Goods
J1892,Statistical Analysis
J1893,Standardization
J1894,Radiology Information System (RIS)
J1895,SPARQL
J1896,Real Estate
J1897,Backup and Restore
J1898,Waterfall Methodology
J1899,Smart Contracts
J1900,Big Data Analytics
J1901,Closeness Centrality
J1902,JWT
J1903,Sketch
J1904,Machine Translation
J1905,Six Sigma
J1906,Bootstrap Aggregating
J1907,Blockchain Consensus Mechanisms
J1908,Knowledge Graphs
J1909,Question Answering
J1910,Decision Analysis
J1911,Celebrities
J1912,UI/UX Design
J1913,Sentiment Analysis
J1914,Decentralized Applications (DApps)
J1915,Decentralized Finance (DeFi)
J1916,Data Imputation
J1917,Pharmaceutical Data Analysis
J1918,Token Sale
J1919,Leadership
J1920,Statistical Software
J1921,Hibernate
J1922,Lending Protocols
J1923,Binance Smart Chain (BSC)
J1924,Expert Review
J1925,Vendor Management
J1926,Lean Methodology
J1927,Feature Scaling
J1928,Geographic Data Visualization
J1929,Proof of Time (PoT)
J1930,Product Owner
J1931,Film NFTs
J1932,Chi-Square Test
J1933,Microsoft Excel
J1934,Betweenness Centrality
J1935,Stellar
J1936,Multi-Signature Wallet
J1937,Statistical Software
J1938,ASP.NET MVC
J1939,Logistics IoT
J1940,Graph Attention Networks (GATs)
J1941,Software Architecture
J1942,Meta-Learning
J1943,Uniform Distribution
J1944,Resilience
J1945,Network Effects
J1946,Database Administration
J1947,All Pairs Shortest Path
J1948,Proof of Work (PoW)
J1949,Text Classification
J1950,Binance Wallet
J1951,Lasso Regression
J1952,Semantic Web
J1953,Proof of Work (PoW)
J1954,Permutation Feature Importance
J1955,Smart Homes
J1956,State Channels
J1957,Patch Management
J1958,Self-Sovereign Identity (SSI)
J1959,Social Tokens
J1960,Prioritization
J1961,Collateralized Stablecoins
J1962,Machine Learning
J1963,GloVe
J1964,Decentralized Finance (DeFi)
J1965,Statistical Software
J1966,Smart Contract Platforms
J1967,Matplotlib
J1968,Clinical Trials
J1969,Regression Analysis
J1970,Decentralized Finance (DeFi)
J1971,Supervisory Control and Data Acquisition (SCADA)
J1972,Chainlink
J1973,Gantt Chart
J1974,Event Oracles
J1975,Change Management
J1976,Citrix
J1977,Machine Learning
J1978,Innovation
J1979,Analytical Skills
J1980,Feature Scaling
J1981,Smart Contracts
J1982,Randomized Controlled Trials (RCTs)
J1983,Proof of Trust (PoT)
J1984,Reinforcement Learning
J1985,TensorFlow
J1986,Affinity Propagation
J1987,Utility Tokens
J1988,Mean Shift
J1989,jQuery
J1990,Natural Language Processing (NLP)
J1991,Maximum Bipartite Matching
J1992,Cryptography
J1993,Chainlink
J1994,Serverless Architecture
J1995,Fuzzy Clustering
J1996,Apache Spark
J1997,Grid Search
J1998,Knowledge Graph Completion
J1999,Accounting and Finance Systems
