Candidate ID,Skills
C1000,Inventory Optimization
C1001,
C1002,MapReduce
C1003,
C1004,
C1005,IoT Solutions
C1006,Biological Data Analysis
C1007,Behavior-Driven Development (BDD)
C1008,
C1009,Text Summarization
C1010,Binomial Distribution
C1011,
C1012,Protocol Tokens
C1013,Demand Forecasting
C1014,
C1015,FP-Growth Algorithm
C1016,Cloud Computing
C1017,
C1018,Multi-Task Learning
C1019,Endpoint Security
C1020,
C1021,Information Retrieval (IR)
C1022,Gated Recurrent Unit (GRU)
C1023,ERC-20
C1024,OPTICS
C1025,GRU
C1026,
C1027,Ethereum Virtual Machine (EVM)
C1028,Lending Protocols
C1029,Blockchain Scalability
C1030,Intellectual Property
C1031,Medical Imaging
C1032,Artificial Intelligence (AI)
C1033,Connected Components
C1034,Payment Channels
C1035,
C1036,Sidechains
C1037,Hyperparameter Optimization
C1038,Word Embeddings
C1039,Hypothesis Testing
C1040,Sports NFTs
C1041,Token Sale
C1042,
C1043,
C1044,Algorand
C1045,Speaker Diarization
C1046,
C1047,Lasso Regression
C1048,Data Wrangling
C1049,
C1050,Unsupervised Learning
C1051,
C1052,Classification
C1053,
C1054,Radiology Information System (RIS)
C1055,
C1056,Tabu Search
C1057,Backend Development
C1058,
C1059,Qualitative Analysis
C1060,Digital Assets
C1061,Explainable AI (XAI)
C1062,Healthcare Data Mining
C1063,IT Infrastructure
C1064,Supply Chain Management (SCM)
C1065,Domain Adaptation
C1066,Security Compliance
C1067,Monte Carlo Tree Search (MCTS)
C1068,
C1069,Vector Calculus
C1070,
C1071,Scheduling
C1072,
C1073,
C1074,Cryptocurrency Exchanges
C1075,Mean Encoding
C1076,Git
C1077,Payment Channels
C1078,Natural Language Understanding (NLU)
C1079,
C1080,Data Imputation
C1081,
C1082,Virtual Goods
C1083,Predictive Analytics
C1084,Knowledge Graphs
C1085,Distributed Control Systems (DCS)
C1086,
C1087,
C1088,Depth-First Search (DFS)
C1089,Software Architecture
C1090,Sidechains
C1091,
C1092,
C1093,
C1094,Network Administration
C1095,Classification
C1096,Language Translation
C1097,
C1098,
C1099,Object Recognition
C1100,Inverse Reinforcement Learning
C1101,C++
C1102,ERC-1155
C1103,
C1104,Semi-Supervised Learning
C1105,Sequential Pattern Mining
C1106,Microsoft Access
C1107,
C1108,Microservices Architecture
C1109,Data Augmentation
C1110,Beta Distribution
C1111,Deep Learning
C1112,Behavior-Driven Development (BDD)
C1113,MySQL
C1114,Prioritization
C1115,Graph Neural Networks (GNNs)
C1116,Linear Models
C1117,Altcoin Wallets
C1118,Ruby
C1119,TensorFlow
C1120,Cosmos
C1121,Convolutional Neural Networks (CNN)
C1122,Streaming Data
C1123,Document Classification
C1124,
C1125,Troubleshooting
C1126,Proof of Work (PoW)
C1127,
C1128,Bootstrapping
C1129,
C1130,
C1131,Yield Farming
C1132,Health Information System (HIS)
C1133,Firewall
C1134,Mean Shift
C1135,T5
C1136,Laboratory Information System (LIS)
C1137,Risk Register
C1138,
C1139,
C1140,
C1141,
C1142,Ruby on Rails
C1143,AdaBoost
C1144,Rollups
C1145,Language Translation
C1146,
C1147,Radiology Information System (RIS)
C1148,
C1149,Split Testing
C1150,
C1151,Private Keys
C1152,Industrial Automation
C1153,Hash Encoding
C1154,Programmable Logic Controllers (PLCs)
C1155,
C1156,Coinbase Wallet
C1157,Earned Value Management (EVM)
C1158,Design Patterns
C1159,Initial Coin Offerings (ICOs)
C1160,Data Interpretation
C1161,
C1162,Interpretable Models
C1163,Celebrities
C1164,IT Service Management (ITSM)
C1165,
C1166,Independent Component Analysis (ICA)
C1167,
C1168,Negative Transfer
C1169,Document Similarity
C1170,Association Rule Learning
C1171,Pandas
C1172,Earned Value Management (EVM)
C1173,Session Hijacking
C1174,
C1175,Energy Management
C1176,Vendor Management
C1177,Distribution Management
C1178,Sentiment Analysis
C1179,Data Collection
C1180,Oracle Database
C1181,Digital Imaging and Communications in Medicine (DICOM)
C1182,
C1183,GDPR
C1184,Virtual Real Estate
C1185,Descriptive Analytics
C1186,Algorand
C1187,Meta-Learning
C1188,
C1189,Deep Reinforcement Learning
C1190,Real Estate NFTs
C1191,Industrial Automation
C1192,
C1193,Brute Force Attack
C1194,User Testing
C1195,
C1196,Data Visualization
C1197,Individual Conditional Expectation (ICE) Plots
C1198,Ridge Regression
C1199,Object Detection
C1200,Condition Monitoring
C1201,
C1202,Waterfall Methodology
C1203,NFT Wallets
C1204,Data Interpretation
C1205,
C1206,
C1207,Tokenization
C1208,Neural Architecture Search (NAS)
C1209,Lending Protocols
C1210,Proof of Authority (PoA)
C1211,Backend Development
C1212,
C1213,Intellectual Property
C1214,NEO Virtual Machine (NEOVM)
C1215,Cluster Analysis
C1216,Digital Wallets
C1217,Responsive Design
C1218,Language Translation
C1219,
C1220,Dropout Regularization
C1221,Hub and Authority Scores
C1222,
C1223,
C1224,Document Clustering
C1225,Healthcare IoT
C1226,Time Series Analysis
C1227,
C1228,Maximum Bipartite Matching
C1229,JSON
C1230,Autoencoders
C1231,
C1232,Cold Wallets
C1233,Linear Models
C1234,Big Data
C1235,Multi-Task Learning
C1236,Genetic Algorithms
C1237,Private Keys
C1238,
C1239,Healthcare Information Systems (HIS)
C1240,Hypothesis Testing
C1241,Trust Wallet
C1242,FP-Growth Algorithm
C1243,Healthcare Technology
C1244,Token Distribution
C1245,Classification
C1246,Virtual Goods
C1247,
C1248,IoT Sensors
C1249,Decision Trees
C1250,ERC-1155
C1251,Hardware Security Modules (HSMs)
C1252,
C1253,Support Vector Machines (SVM)
C1254,Feature Importance
C1255,Data Structures
C1256,Responsive Design
C1257,Statistical Analysis
C1258,Avalanche
C1259,
C1260,
C1261,Confluence
C1262,Policy Gradient Methods
C1263,Proof of Capacity (PoC)
C1264,Fine-Tuning
C1265,Ethical Hacking
C1266,Adaptability
C1267,Business Intelligence (BI)
C1268,Yield Farming
C1269,Predictive Modeling
C1270,Budget Management
C1271,Gamma Distribution
C1272,Accessibility
C1273,Descriptive Analytics
C1274,Identity Management
C1275,Microsoft Excel
C1276,IoT Platforms
C1277,Music Rights
C1278,Bitcoin Wallets
C1279,Uniform Manifold Approximation and Projection (UMAP)
C1280,Proof of Authority (PoA)
C1281,Smart Cities
C1282,Linear Models
C1283,Environmental Monitoring Systems (EMS)
C1284,LSTM
C1285,
C1286,Picture Archiving and Communication System (PACS)
C1287,MVC Architecture
C1288,Process Automation
C1289,
C1290,
C1291,Business Analytics
C1292,
C1293,
C1294,Confluence
C1295,Conflict Resolution
C1296,Altcoin Wallets
C1297,Strongly Connected Components
C1298,Bagging
C1299,Digital Art NFTs
C1300,PMBOK
C1301,Singular Value Decomposition (SVD)
C1302,Eigenvector Centrality
C1303,Tokenomics
C1304,Holdout Validation
C1305,Microservices Architecture
C1306,Utility Tokens
C1307,Virtualization
C1308,Laravel
C1309,Feature Engineering
C1310,Conversational Agents
C1311,Layer 1 Scaling Solutions
C1312,Binary Encoding
C1313,Figma
C1314,Vendor Management
C1315,SOAP Web Services
C1316,Entity Linking
C1317,
C1318,Meta-Learning
C1319,ERC-1155
C1320,
C1321,Load Balancing
C1322,Technical Support
C1323,Automated Market Makers (AMMs)
C1324,Covariance Matrix Adaptation Evolution Strategy (CMA-ES)
C1325,Trezor Wallet
C1326,Prediction Markets
C1327,Backup and Restore
C1328,Survey Design
C1329,Linear Algebra
C1330,Data Oracles
C1331,Token Vesting
C1332,Scrum Master
C1333,Kruskal's Algorithm
C1334,
C1335,MySQL
C1336,Building Management Systems (BMS)
C1337,Naive Bayes
C1338,Clinical Research Informatics
C1339,
C1340,Zero Trust Security
C1341,
C1342,Liquidity Pools
C1343,Personal Health Records (PHR)
C1344,Non-Fungible Tokens (NFTs)
C1345,
C1346,L1 Regularization
C1347,Warehouse Management
C1348,Django
C1349,
C1350,
C1351,
C1352,Release Management
C1353,
C1354,Stopword Removal
C1355,Ledger Wallet
C1356,ERC-721
C1357,Model Selection
C1358,
C1359,Mean Encoding
C1360,Troubleshooting
C1361,Linear Algebra
C1362,Question Answering Systems
C1363,Tabu Search
C1364,Continuous Deployment (CD)
C1365,Token Migration
C1366,Service Desk Management
C1367,Model Selection
C1368,
C1369,Data Augmentation
C1370,Model Monitoring
C1371,Cosmos
C1372,Cross-Site Request Forgery (CSRF)
C1373,Adversarial Training
C1374,Token Economics
C1375,
C1376,Overfitting
C1377,
C1378,Grid Search
C1379,Linear Models
C1380,Graph Embedding
C1381,Proof of Trust (PoT)
C1382,Chaincode
C1383,Software Development
C1384,Kubernetes
C1385,Question Answering
C1386,Fleet Management
C1387,Feature Selection
C1388,Yield Optimizers
C1389,
C1390,Data Presentation
C1391,Healthcare Data Mining
C1392,Language Identification
C1393,Question Answering
C1394,Emotional Intelligence
C1395,Data Warehousing
C1396,
C1397,Telematics
C1398,MapReduce
C1399,Regression Analysis
C1400,Ethereum
C1401,Text Mining
C1402,Usability Testing
C1403,BERT
C1404,Six Sigma
C1405,Adversarial Training
C1406,
C1407,Figma
C1408,
C1409,
C1410,Manufacturing IoT
C1411,PHP
C1412,Delegated Proof of Stake (DPoS)
C1413,Linux
C1414,Hardware Wallets
C1415,Decentralized Identity (DID)
C1416,Agricultural IoT
C1417,Assistive Robotics
C1418,Connected Components
C1419,Big Data Analytics
C1420,
C1421,Information Architecture
C1422,DDoS Attack
C1423,Apache Kafka
C1424,
C1425,IoT Connectivity
C1426,Sports Teams
C1427,Explainable AI (XAI)
C1428,Confidence Intervals
C1429,Model-Based Optimization
C1430,Term Frequency-Inverse Document Frequency (TF-IDF)
C1431,RESTful APIs
C1432,Tezos
C1433,A/B Testing
C1434,Model Monitoring
C1435,
C1436,Lending Platforms
C1437,Analytical Skills
C1438,
C1439,Windows Server
C1440,Ripple
C1441,Warehouse Management
C1442,JIRA
C1443,Oracle Cloud
C1444,
C1445,Model-Free Optimization
C1446,Backup and Restore
C1447,Ledger Wallet
C1448,Digital Wallets
C1449,
C1450,
C1451,Help Desk Support
C1452,Coinbase Wallet
C1453,
C1454,Machine Learning
C1455,Color Theory
C1456,Orthogonalization
C1457,Graph Convolutional Networks (GCNs)
C1458,
C1459,Tabu Search
C1460,Non-Fungible Tokens (NFTs)
C1461,Survey Design
C1462,
C1463,
C1464,Leadership
C1465,Object-Oriented Programming (OOP)
C1466,Geographic Data Visualization
C1467,
C1468,Data Presentation
C1469,Text Mining
C1470,
C1471,Tokenization
C1472,Language Generation
C1473,
C1474,
C1475,Adobe XD
C1476,Statistical Analysis
C1477,Cosmos
C1478,OAuth
C1479,Usability Testing
C1480,Healthcare Robotics
C1481,T5
C1482,Visual Design
C1483,K-Nearest Neighbors (KNN)
C1484,Gradient Descent
C1485,
C1486,Node Embedding
C1487,Term Frequency-Inverse Document Frequency (TF-IDF)
C1488,User Research
C1489,Critical Path Method (CPM)
C1490,User Experience Design
C1491,Scrum Master
C1492,
C1493,
C1494,Python
C1495,Overfitting
C1496,
C1497,Stemming
C1498,Intrusion Prevention System (IPS)
C1499,Warehouse Management
C1500,Apache Spark
C1501,Graph Algorithms
C1502,
C1503,Bioinformatics
C1504,Model Compression
C1505,
C1506,Use Case
C1507,
C1508,
C1509,
C1510,
C1511,Supervised Learning
C1512,Ridge Regression
C1513,Inventory Management
C1514,State Channels
C1515,Lognormal Distribution
C1516,Bag of Words (BoW)
C1517,ERC-20
C1518,Feature Engineering
C1519,Logistic Regression
C1520,Chi-Square Test
C1521,NoSQL
C1522,One-Hot Encoding
C1523,
C1524,
C1525,Machine Translation
C1526,
C1527,Precision Medicine
C1528,
C1529,Knowledge Graph Completion
C1530,Regression Analysis
C1531,Sidechains
C1532,
C1533,Hub and Authority Scores
C1534,
C1535,Model Complexity
C1536,Trezor Wallet
C1537,
C1538,Blockchain Scalability
C1539,Non-Fungible Tokens (NFTs)
C1540,Patient Monitoring Systems
C1541,Graph Attention Networks (GATs)
C1542,Demand Forecasting
C1543,Sidechains
C1544,Amazon Web Services
C1545,Tokenized Assets
C1546,
C1547,
C1548,
C1549,MVC Architecture
C1550,Waterfall Methodology
C1551,EOS
C1552,Key Performance Indicators (KPIs)
C1553,Yield Aggregators
C1554,Penetration Testing
C1555,
C1556,Smart Contracts
C1557,Gamma Distribution
C1558,Naive Bayes
C1559,
C1560,Neural Machine Translation (NMT)
C1561,Health Information Exchange (HIE)
C1562,Token Vesting
C1563,Identity Management
C1564,Model Evaluation
C1565,Machine Learning Algorithms
C1566,Blockchain Technology
C1567,
C1568,Tabu Search
C1569,Cosmos
C1570,DNS
C1571,Model Selection
C1572,Digital Identity
C1573,Smart Contract Platforms
C1574,Mean Encoding
C1575,Oracle Cloud
C1576,IPSec
C1577,
C1578,Big Data Analytics
C1579,Independent Component Analysis (ICA)
C1580,Ethereum Virtual Machine (EVM)
C1581,Temporal Difference Learning
C1582,Agile Project Management
C1583,Tron Virtual Machine (TVM)
C1584,Sales and Marketing Systems
C1585,Edge Embedding
C1586,Facial Recognition
C1587,Question Answering
C1588,Text Mining
C1589,
C1590,Price Oracles
C1591,Clinical Decision Support Systems (CDSS)
C1592,Android
C1593,Graph Clustering
C1594,Document Similarity
C1595,Heuristic Evaluation
C1596,Text Preprocessing
C1597,Bagging
C1598,Randomized Controlled Trials (RCTs)
C1599,Logistics IoT
C1600,Document Clustering
C1601,Mobile Development
C1602,
C1603,ElasticNet Regularization
C1604,Bias-Variance Tradeoff
C1605,
C1606,IBM Cloud
C1607,
C1608,
C1609,Dimensionality Reduction
C1610,Android
C1611,
C1612,Load)
C1613,EOSIO
C1614,Network Effects
C1615,Ant Colony Optimization (ACO)
C1616,PRINCE2
C1617,Lasso Regression
C1618,C++
C1619,Token Economics
C1620,Responsive Design
C1621,
C1622,Healthcare IT
C1623,Wireless Security
C1624,
C1625,Multi-Task Learning
C1626,Capacity Management
C1627,Minimum Spanning Tree
C1628,ISO 27001
C1629,Singular Value Decomposition (SVD)
C1630,FP-Growth Algorithm
C1631,InVision
C1632,Algorithms
C1633,t-Distributed Stochastic Neighbor Embedding (t-SNE)
C1634,Factor Analysis
C1635,A/B Testing
C1636,Security Tokens
C1637,Tokenization
C1638,Inferential Statistics
C1639,Q-Learning
C1640,Cross-Chain Communication
C1641,Blockchain Technology
C1642,
C1643,Regression Analysis
C1644,
C1645,Initial Exchange Offerings (IEOs)
C1646,Proof of Work (PoW)
C1647,Configuration Management
C1648,Trezor Wallet
C1649,Customer Relationship Management (CRM)
C1650,Principal Component Analysis (PCA)
C1651,Cryptocurrency Exchanges
C1652,Least Squares
C1653,
C1654,Supervised Learning
C1655,Self-Attention Mechanism
C1656,Self-Management
C1657,DBSCAN
C1658,Emotion Recognition
C1659,Accessibility
C1660,Machine Learning
C1661,
C1662,Heroku
C1663,
C1664,
C1665,Solidity
C1666,Ontologies
C1667,Bitbucket
C1668,t-Distributed Stochastic Neighbor Embedding (t-SNE)
C1669,DDoS Attack
C1670,Distributed Ledger Technology (DLT)
C1671,
C1672,XLNet
C1673,Causal Inference
C1674,Word Embeddings
C1675,Tokenized Assets
C1676,Web Application Security
C1677,Routing and Navigation
C1678,Picture Archiving and Communication System (PACS)
C1679,Policy Gradient Methods
C1680,
C1681,Adobe XD
C1682,Underfitting
C1683,Quantization
C1684,Economic Incentives
C1685,FP-Growth Algorithm
C1686,Change Management
C1687,
C1688,Citrix
C1689,Ethereum Virtual Machine (EVM)
C1690,Maximum Bipartite Matching
C1691,Supply Chain Visibility
C1692,Image Segmentation
C1693,Test-Driven Development (TDD)
C1694,
C1695,
C1696,Ruby
C1697,Decentralized Exchanges (DEXs)
C1698,Energy Management Systems (EMS)
C1699,ASP.NET MVC
C1700,Stratified Cross-Validation
C1701,Dialogue Systems
C1702,
C1703,Waterfall Methodology
C1704,Graph Querying
C1705,
C1706,Governance Tokens
C1707,Intrusion Prevention System (IPS)
C1708,FP-Growth Algorithm
C1709,Data Mining
C1710,
C1711,Normalization
C1712,
C1713,Deep Q-Networks (DQN)
C1714,Telematics
C1715,Data Engineering
C1716,MySQL
C1717,
C1718,Standardization
C1719,
C1720,Predictive Maintenance
C1721,Music NFTs
C1722,Surgical Robotics
C1723,Key Performance Indicators (KPIs)
C1724,Beta Distribution
C1725,Quantitative Research
C1726,K-Fold Cross-Validation
C1727,Meta-Learning
C1728,
C1729,DAO Tokens
C1730,Regression Analysis
C1731,Entity Linking
C1732,Relation Extraction
C1733,Decentralized Identity (DID)
C1734,Algorithms
C1735,Citrix
C1736,Autoencoders
C1737,
C1738,
C1739,Chainlink
C1740,Proof of Activity (PoA)
C1741,Nursing Informatics
C1742,Token Buyback
C1743,
C1744,Personalized Medicine
C1745,Hardware Wallets
C1746,Healthcare Data Analytics
C1747,Decision-Making
C1748,
C1749,Drug Discovery
C1750,
C1751,One-Hot Encoding
C1752,Dimensionality Reduction
C1753,
C1754,Healthcare Robotics
C1755,Proof of Burn (PoB)
C1756,MacOS
C1757,Prediction Markets
C1758,Proof of Space (PoSpace)
C1759,Brute Force Attack
C1760,
C1761,React.js
C1762,On-Chain Governance
C1763,Google Cloud Platform (GCP)
C1764,HTML
C1765,Procurement
C1766,Healthcare Robotics
C1767,
C1768,Smart Homes
C1769,Critical Path Method (CPM)
C1770,
C1771,Continuous Integration (CI)
C1772,Citrix
C1773,Environmental Monitoring Systems (EMS)
C1774,Ethereum Virtual Machine (EVM)
C1775,Sentiment Analysis
C1776,Plasma
C1777,Token Wallets
C1778,Documentation
C1779,IoT Platforms
C1780,
C1781,ASP.NET
C1782,LAN/WAN
C1783,AdaBoost
C1784,K-Fold Cross-Validation
C1785,
C1786,Proof of Elapsed Time (PoET)
C1787,
C1788,
C1789,Persona Creation
C1790,Split Testing
C1791,Intrusion Detection System (IDS)
C1792,Eigenvalues and Eigenvectors
C1793,Forecasting
C1794,
C1795,Data Warehousing
C1796,Optimization Algorithms
C1797,Binance Smart Chain (BSC)
C1798,Supply Chain Optimization
C1799,Exponential Distribution
C1800,Functional Programming
C1801,Radiology Information System (RIS)
C1802,XLNet
C1803,Redis
C1804,Document Indexing
C1805,Knowledge Distillation
C1806,Clinical Decision Support Systems (CDSS)
C1807,K-Nearest Neighbors (KNN)
C1808,Patch Management
C1809,Clinical Research Informatics
C1810,Algorithms
C1811,Positive Transfer
C1812,Proof of Elapsed Time (PoET)
C1813,Exodus Wallet
C1814,Automated Market Makers (AMMs)
C1815,SQL
C1816,
C1817,Regression
C1818,Database Design
C1819,Medical Image Analysis
C1820,
C1821,Object-Oriented Programming (OOP)
C1822,ANOVA
C1823,Multi-Signature Wallets
C1824,
C1825,Lending Platforms
C1826,Prioritization
C1827,
C1828,Reinforcement Learning
C1829,SOAP Web Services
C1830,Tron
C1831,Wallet Security
C1832,SQL Injection
C1833,Digital Imaging and Communications in Medicine (DICOM)
C1834,Machine Learning
C1835,Survey Design
C1836,Avalanche
C1837,Metabolomics
C1838,Cryptocurrency
C1839,Session Hijacking
C1840,Self-Supervised Learning
C1841,Layer 1 Scaling Solutions
C1842,Target Encoding
C1843,Analytical Skills
C1844,Scheduling
C1845,Oracle Database
C1846,Actor-Critic Methods
C1847,Simulated Annealing
C1848,Continuous Integration (CI)
C1849,ERC-20
C1850,Decentralized Applications (DApps)
C1851,Hyper-V
C1852,Borrowing Platforms
C1853,Electronic Medical Records (EMR)
C1854,
C1855,Prediction Markets
C1856,Algorithms
C1857,Data Warehousing
C1858,Reinforcement Learning
C1859,
C1860,Natural Language Processing (NLP)
C1861,Rollups
C1862,Nervos
C1863,Experimental Design
C1864,
C1865,
C1866,Flexibility
C1867,Deep Learning
C1868,Ensemble Learning
C1869,Identity and Access Management (IAM)
C1870,Capacity Management
C1871,Distributed Applications (DApps)
C1872,Healthcare IoT
C1873,NFT Wallets
C1874,Network Administration
C1875,Vyper
C1876,Graph Analytics
C1877,Graphic Design
C1878,Cryptocurrency
C1879,Service-Level Agreements (SLAs)
C1880,
C1881,Clinical Trials
C1882,Geographic Data Analysis
C1883,
C1884,Firebase
C1885,Windows Server
C1886,
C1887,Text Summarization
C1888,
C1889,
C1890,Scrum
C1891,Report Writing
C1892,Active Learning
C1893,Deep Learning
C1894,Global Positioning System (GPS)
C1895,
C1896,Graph Matching
C1897,GitHub
C1898,Permutation Feature Importance
C1899,Yield Optimizers
C1900,Utility Tokens
C1901,Tokenomics
C1902,Inventory Management
C1903,Commodity Tokens
C1904,Cosmos
C1905,Descriptive Analytics
C1906,Building Automation
C1907,Brands
C1908,GRU
C1909,Algorand
C1910,Key Performance Indicators (KPIs)
C1911,Question Answering
C1912,Transfer Learning
C1913,Survey Design
C1914,Partial Dependence Plots
C1915,Logistics IoT
C1916,
C1917,Earned Value Management (EVM)
C1918,Model-Based Optimization
C1919,Altcoin Wallets
C1920,Routing and Logistics
C1921,Zero-Shot Learning
C1922,Ethical Hacking
C1923,
C1924,Vendor Management
C1925,
C1926,Payment Channels
C1927,
C1928,ASP.NET MVC
C1929,Condition Monitoring
C1930,Regression Analysis
C1931,Feature Engineering
C1932,PMI
C1933,User Interface Design
C1934,Wireless Security
C1935,
C1936,Assistive Robotics
C1937,Routing and Logistics
C1938,Capsule Networks
C1939,
C1940,Java
C1941,Dimensionality Reduction
C1942,Typography
C1943,Uniform Manifold Approximation and Projection (UMAP)
C1944,
C1945,
C1946,
C1947,Business Continuity Planning (BCP)
C1948,Link Prediction
C1949,Chi-Square Test
C1950,Graph Neural Networks (GNNs)
C1951,Plotly
C1952,Sidechains
C1953,Android
C1954,Intrusion Prevention System (IPS)
C1955,Monte Carlo Tree Search (MCTS)
C1956,Data Structures
C1957,
C1958,Penetration Testing
C1959,Decentralized Exchanges (DEXs)
C1960,Data Interpretation
C1961,Security Token Offerings (STOs)
C1962,
C1963,Power BI
C1964,Telemedicine
C1965,Initial Coin Offerings (ICOs)
C1966,
C1967,Token Swap
C1968,Interpretable Models
C1969,Adobe Creative Cloud
C1970,Django
C1971,PERT
C1972,Initial Coin Offerings (ICOs)
C1973,Uniform Distribution
C1974,Bag of Words (BoW)
C1975,Electronic Health Records (EHR)
C1976,
C1977,IT Service Management (ITSM)
C1978,Smart Grid
C1979,Technical Writing
C1980,Particle Swarm Optimization (PSO)
C1981,Wireframe Tools
C1982,Negative Transfer
C1983,Layer 2 Scaling Solutions
C1984,Zero Trust Security
C1985,
C1986,
C1987,Covariance Matrix Adaptation Evolution Strategy (CMA-ES)
C1988,Model-Free Optimization
C1989,Sports Teams
C1990,Automated Market Makers (AMMs)
C1991,Transfer Learning
C1992,ERC-1155
C1993,Decentralized Oracles
C1994,
C1995,OAuth
C1996,Token Vesting
C1997,Descriptive Analytics
C1998,IoT Sensors
C1999,Semantic Web
