Job ID,Skills
J1000,
J1001,Non-Custodial Wallets
J1002,
J1003,
J1004,Film Rights
J1005,
J1006,Ontologies
J1007,
J1008,
J1009,Regression Analysis
J1010,
J1011,
J1012,
J1013,
J1014,
J1015,
J1016,
J1017,
J1018,
J1019,
J1020,
J1021,
J1022,
J1023,Document Classification
J1024,Human Resource Management (HRM)
J1025,
J1026,
J1027,Teamwork
J1028,
J1029,
J1030,
J1031,
J1032,
J1033,Web Wallets
J1034,
J1035,Topological Sorting
J1036,
J1037,
J1038,Non-Custodial Wallets
J1039,
J1040,
J1041,
J1042,
J1043,
J1044,
J1045,
J1046,
J1047,
J1048,
J1049,
J1050,
J1051,Model-Based Optimization
J1052,
J1053,
J1054,
J1055,
J1056,
J1057,
J1058,
J1059,
J1060,Data Interpretation
J1061,
J1062,
J1063,
J1064,
J1065,
J1066,
J1067,
J1068,
J1069,
J1070,
J1071,
J1072,Object Recognition
J1073,
J1074,
J1075,
J1076,
J1077,
J1078,Microservices
J1079,
J1080,
J1081,Transfer Learning
J1082,
J1083,
J1084,
J1085,
J1086,
J1087,
J1088,Visual Design
J1089,
J1090,
J1091,Proof of Work (PoW)
J1092,
J1093,
J1094,
J1095,
J1096,
J1097,
J1098,
J1099,
J1100,
J1101,
J1102,
J1103,
J1104,Self-Supervised Learning
J1105,Early Stopping
J1106,
J1107,
J1108,
J1109,
J1110,
J1111,Deep Learning
J1112,
J1113,
J1114,
J1115,
J1116,Currency Tokens
J1117,Leadership
J1118,
J1119,Documentation
J1120,
J1121,Cosmos
J1122,
J1123,
J1124,
J1125,
J1126,Token Buyback
J1127,
J1128,
J1129,
J1130,
J1131,
J1132,User Testing
J1133,
J1134,PERT
J1135,
J1136,
J1137,Axure RP
J1138,Virtualization
J1139,
J1140,
J1141,
J1142,IoT Sensors
J1143,
J1144,IoT Devices
J1145,
J1146,Yield Farming Aggregators
J1147,
J1148,
J1149,Grid Search
J1150,
J1151,Predictive Analytics
J1152,EOS
J1153,
J1154,
J1155,Uniform Distribution
J1156,
J1157,
J1158,
J1159,
J1160,
J1161,
J1162,
J1163,
J1164,
J1165,
J1166,
J1167,
J1168,
J1169,
J1170,
J1171,
J1172,Sentiment Analysis
J1173,
J1174,
J1175,
J1176,
J1177,Deep Reinforcement Learning
J1178,
J1179,
J1180,
J1181,
J1182,
J1183,
J1184,
J1185,
J1186,
J1187,
J1188,
J1189,
J1190,
J1191,
J1192,
J1193,
J1194,
J1195,
J1196,
J1197,Risk Management
J1198,
J1199,
J1200,
J1201,Procurement
J1202,
J1203,
J1204,
J1205,
J1206,
J1207,
J1208,
J1209,Speech Recognition
J1210,
J1211,VMware
J1212,
J1213,
J1214,Requirements Gathering
J1215,
J1216,
J1217,
J1218,
J1219,
J1220,
J1221,
J1222,
J1223,
J1224,
J1225,
J1226,
J1227,Data Analysis
J1228,
J1229,
J1230,
J1231,
J1232,
J1233,
J1234,
J1235,
J1236,
J1237,
J1238,
J1239,
J1240,
J1241,
J1242,Documentation
J1243,
J1244,
J1245,
J1246,
J1247,
J1248,
J1249,
J1250,
J1251,
J1252,
J1253,
J1254,
J1255,
J1256,
J1257,Hot Wallets
J1258,
J1259,
J1260,
J1261,
J1262,Tokenization
J1263,
J1264,
J1265,Model Complexity
J1266,
J1267,
J1268,Time Management
J1269,Serverless Architecture
J1270,Medical Billing
J1271,
J1272,Initial Coin Offerings (ICOs)
J1273,
J1274,Decentralized Finance (DeFi)
J1275,
J1276,Sports NFTs
J1277,
J1278,Gantt Chart
J1279,
J1280,
J1281,
J1282,
J1283,
J1284,
J1285,
J1286,
J1287,
J1288,
J1289,
J1290,
J1291,
J1292,
J1293,
J1294,
J1295,
J1296,
J1297,
J1298,
J1299,
J1300,
J1301,
J1302,
J1303,
J1304,
J1305,
J1306,
J1307,
J1308,
J1309,Multi-Currency Wallets
J1310,Interpretable Models
J1311,
J1312,
J1313,
J1314,
J1315,
J1316,
J1317,
J1318,
J1319,
J1320,
J1321,
J1322,
J1323,
J1324,
J1325,
J1326,
J1327,
J1328,
J1329,
J1330,
J1331,
J1332,
J1333,
J1334,
J1335,
J1336,
J1337,
J1338,
J1339,
J1340,
J1341,
J1342,
J1343,
J1344,
J1345,DHCP
J1346,
J1347,
J1348,
J1349,
J1350,
J1351,Containerization
J1352,
J1353,
J1354,
J1355,
J1356,
J1357,
J1358,
J1359,
J1360,
J1361,
J1362,
J1363,
J1364,
J1365,
J1366,
J1367,
J1368,Tabu Search
J1369,
J1370,
J1371,
J1372,Apriori Algorithm
J1373,
J1374,
J1375,
J1376,
J1377,
J1378,
J1379,
J1380,
J1381,
J1382,
J1383,
J1384,
J1385,
J1386,Fuzzy Clustering
J1387,
J1388,
J1389,
J1390,
J1391,
J1392,
J1393,
J1394,
J1395,
J1396,
J1397,Logistics Optimization
J1398,
J1399,
J1400,
J1401,MacOS
J1402,
J1403,
J1404,
J1405,
J1406,
J1407,
J1408,
J1409,
J1410,
J1411,
J1412,
J1413,
J1414,
J1415,
J1416,
J1417,
J1418,
J1419,
J1420,Atomic Swaps
J1421,
J1422,
J1423,
J1424,
J1425,IoT Solutions
J1426,
J1427,
J1428,Bellman-Ford Algorithm
J1429,
J1430,
J1431,
J1432,
J1433,
J1434,
J1435,
J1436,
J1437,
J1438,
J1439,
J1440,
J1441,
J1442,
J1443,Real Estate
J1444,
J1445,
J1446,
J1447,
J1448,
J1449,
J1450,
J1451,Microservices Architecture
J1452,
J1453,
J1454,
J1455,
J1456,
J1457,
J1458,
J1459,
J1460,
J1461,
J1462,
J1463,
J1464,
J1465,
J1466,
J1467,
J1468,
J1469,
J1470,
J1471,
J1472,
J1473,
J1474,
J1475,Multivariate Analysis
J1476,
J1477,Routing and Navigation
J1478,
J1479,
J1480,
J1481,
J1482,
J1483,
J1484,
J1485,
J1486,
J1487,Material-UI
J1488,
J1489,
J1490,
J1491,
J1492,
J1493,
J1494,
J1495,
J1496,
J1497,
J1498,
J1499,Decentralized Identity (DID)
J1500,
J1501,
J1502,
J1503,
J1504,
J1505,
J1506,
J1507,
J1508,Prioritization
J1509,
J1510,
J1511,
J1512,
J1513,
J1514,
J1515,
J1516,
J1517,
J1518,
J1519,
J1520,
J1521,
J1522,
J1523,
J1524,
J1525,
J1526,
J1527,
J1528,
J1529,
J1530,
J1531,
J1532,
J1533,
J1534,
J1535,
J1536,
J1537,
J1538,
J1539,
J1540,Grid Search
J1541,
J1542,
J1543,
J1544,
J1545,
J1546,
J1547,Leadership
J1548,
J1549,
J1550,
J1551,
J1552,Causal Inference
J1553,
J1554,
J1555,
J1556,
J1557,
J1558,
J1559,Leave-One-Out Cross-Validation (LOOCV)
J1560,
J1561,
J1562,Man-in-the-Middle (MitM) Attack
J1563,
J1564,
J1565,
J1566,
J1567,Plasma
J1568,
J1569,
J1570,
J1571,
J1572,
J1573,
J1574,
J1575,
J1576,
J1577,
J1578,
J1579,
J1580,
J1581,
J1582,PHP
J1583,
J1584,
J1585,
J1586,
J1587,
J1588,
J1589,
J1590,
J1591,
J1592,
J1593,
J1594,
J1595,
J1596,FP-Growth Algorithm
J1597,
J1598,
J1599,
J1600,
J1601,Waterfall Methodology
J1602,
J1603,
J1604,
J1605,
J1606,
J1607,
J1608,HTTP/HTTPS
J1609,
J1610,
J1611,
J1612,Ridge Regression
J1613,
J1614,
J1615,
J1616,
J1617,
J1618,
J1619,
J1620,
J1621,
J1622,
J1623,Brands
J1624,
J1625,
J1626,
J1627,
J1628,
J1629,
J1630,Stratified Cross-Validation
J1631,
J1632,Partial Dependence Plots
J1633,
J1634,
J1635,
J1636,
J1637,
J1638,Public Keys
J1639,
J1640,
J1641,
J1642,
J1643,
J1644,
J1645,
J1646,
J1647,
J1648,Random Search
J1649,
J1650,
J1651,
J1652,ASP.NET MVC
J1653,
J1654,
J1655,Geospatial Analysis
J1656,
J1657,
J1658,
J1659,
J1660,
J1661,
J1662,
J1663,
J1664,Community Tokens
J1665,
J1666,
J1667,
J1668,
J1669,
J1670,
J1671,
J1672,
J1673,
J1674,
J1675,
J1676,Wallet SDKs
J1677,
J1678,Governance Incentives
J1679,
J1680,
J1681,
J1682,
J1683,
J1684,
J1685,
J1686,
J1687,
J1688,
J1689,
J1690,
J1691,
J1692,
J1693,
J1694,
J1695,
J1696,
J1697,
J1698,
J1699,
J1700,
J1701,
J1702,
J1703,
J1704,
J1705,
J1706,
J1707,
J1708,
J1709,
J1710,
J1711,
J1712,Prescriptive Analytics
J1713,
J1714,SOAP Web Services
J1715,
J1716,
J1717,
J1718,
J1719,
J1720,
J1721,
J1722,
J1723,Graph Coloring
J1724,
J1725,
J1726,
J1727,
J1728,
J1729,
J1730,
J1731,
J1732,
J1733,Proteomics
J1734,Long Short-Term Memory (LSTM)
J1735,
J1736,Decentralized Finance (DeFi)
J1737,Model-Based Optimization
J1738,
J1739,
J1740,
J1741,
J1742,
J1743,
J1744,
J1745,Token Distribution
J1746,
J1747,
J1748,Human Resource Management (HRM)
J1749,
J1750,
J1751,
J1752,
J1753,
J1754,
J1755,
J1756,
J1757,Simulation
J1758,Utility Tokens
J1759,
J1760,
J1761,
J1762,
J1763,
J1764,
J1765,
J1766,
J1767,
J1768,
J1769,
J1770,
J1771,
J1772,
J1773,
J1774,Microsoft Azure
J1775,
J1776,
J1777,
J1778,
J1779,
J1780,
J1781,
J1782,
J1783,
J1784,
J1785,
J1786,Ethereum Wallets
J1787,
J1788,
J1789,
J1790,
J1791,
J1792,
J1793,Firebase
J1794,
J1795,
J1796,
J1797,
J1798,
J1799,
J1800,
J1801,
J1802,
J1803,
J1804,Decentralized Identity (DID)
J1805,
J1806,
J1807,
J1808,
J1809,
J1810,
J1811,
J1812,
J1813,
J1814,
J1815,
J1816,
J1817,
J1818,
J1819,
J1820,Hadoop
J1821,
J1822,
J1823,
J1824,
J1825,
J1826,
J1827,
J1828,
J1829,
J1830,
J1831,
J1832,
J1833,
J1834,
J1835,
J1836,
J1837,
J1838,Firebase
J1839,
J1840,
J1841,
J1842,
J1843,
J1844,
J1845,
J1846,
J1847,
J1848,
J1849,
J1850,
J1851,
J1852,
J1853,High Availability
J1854,
J1855,
J1856,
J1857,
J1858,
J1859,
J1860,
J1861,
J1862,
J1863,
J1864,
J1865,
J1866,
J1867,
J1868,
J1869,
J1870,
J1871,
J1872,
J1873,
J1874,
J1875,
J1876,
J1877,
J1878,
J1879,
J1880,
J1881,
J1882,
J1883,
J1884,
J1885,
J1886,
J1887,
J1888,
J1889,
J1890,Virtual Goods
J1891,Ethereum 2.0
J1892,
J1893,
J1894,
J1895,Python
J1896,
J1897,
J1898,
J1899,Hardware Security Modules (HSMs)
J1900,
J1901,Unsupervised Learning
J1902,
J1903,
J1904,
J1905,
J1906,
J1907,
J1908,
J1909,
J1910,
J1911,
J1912,
J1913,
J1914,
J1915,
J1916,Equity Tokens
J1917,
J1918,
J1919,
J1920,
J1921,
J1922,
J1923,
J1924,
J1925,
J1926,
J1927,
J1928,
J1929,
J1930,Chatbots
J1931,
J1932,
J1933,
J1934,
J1935,
J1936,
J1937,
J1938,
J1939,
J1940,
J1941,
J1942,
J1943,Stemming
J1944,
J1945,
J1946,
J1947,Meta-Learning
J1948,Redis
J1949,
J1950,
J1951,
J1952,
J1953,
J1954,
J1955,
J1956,
J1957,
J1958,
J1959,
J1960,
J1961,Blockchain Interoperability
J1962,
J1963,
J1964,
J1965,
J1966,
J1967,
J1968,
J1969,
J1970,
J1971,
J1972,
J1973,
J1974,Transfer Learning
J1975,Teamwork
J1976,
J1977,
J1978,
J1979,Git
J1980,Visual Design
J1981,
J1982,
J1983,
J1984,
J1985,
J1986,
J1987,
J1988,
J1989,Lean Methodology
J1990,
J1991,
J1992,Decentralized Finance (DeFi)
J1993,
J1994,
J1995,
J1996,Six Sigma
J1997,Cross-Site Scripting (XSS)
J1998,
J1999,
