Job ID,Skills
J1000,Random Search
J1001,Moqups
J1002,Virtualization
J1003,Prioritization
J1004,Delegated Proof of Stake (DPoS)
J1005,Least Squares
J1006,Smart Contracts
J1007,SMTP
J1008,Deep Learning
J1009,Prescriptive Analytics
J1010,Self-Attention Mechanism
J1011,LSTM
J1012,Simulated Annealing
J1013,Segmentation
J1014,Cluster Analysis
J1015,t-Distributed Stochastic Neighbor Embedding (t-SNE)
J1016,Crypto Wallets
J1017,Domain Adaptation
J1018,Knowledge Graph Embedding
J1019,Depth-First Search (DFS)
J1020,Web Development
J1021,Vendor Management
J1022,AJAX
J1023,Geospatial Analysis
J1024,Self-Attention Mechanism
J1025,Generative Adversarial Networks (GAN)
J1026,On-Chain Governance
J1027,Rehabilitation Robotics
J1028,Data Warehousing
J1029,Graph Representation Learning
J1030,Holdout Validation
J1031,Behavior-Driven Development (BDD)
J1032,Smart Contract Development
J1033,Polkadot
J1034,Electronic Medical Records (EMR)
J1035,Database Design
J1036,Secure Coding Practices
J1037,Off-Chain Governance
J1038,Agile Methodologies
J1039,PageRank
J1040,NumPy
J1041,Teamwork
J1042,Neural Networks
J1043,Business Analytics
J1044,Regenerative Medicine
J1045,Adobe Creative Cloud
J1046,Interpretable Models
J1047,Healthcare Data Analytics
J1048,Graph Neural Networks (GNNs)
J1049,Smart Contracts
J1050,Multi-Armed Bandit
J1051,GitLab
J1052,Brute Force Attack
J1053,Real Estate
J1054,Term Frequency-Inverse Document Frequency (TF-IDF)
J1055,OAuth
J1056,Interpretable Neural Networks
J1057,Conversational Agents
J1058,Interpretable Models
J1059,Quantization
J1060,Rule-Based Models
J1061,Price Oracles
J1062,Root Cause Analysis (RCA)
J1063,Clustering
J1064,Dimensionality Reduction
J1065,Energy Management Systems (EMS)
J1066,Affinity Propagation
J1067,Cluster Analysis
J1068,Autoencoders
J1069,Underfitting
J1070,Risk Register
J1071,Routing and Logistics
J1072,Metaverse Land
J1073,Regression
J1074,Adversarial Training
J1075,Threat Intelligence
J1076,Inventory Optimization
J1077,Proof of Space (PoSpace)
J1078,Sales and Marketing Systems
J1079,Public Keys
J1080,Model Complexity
J1081,Database Management
J1082,Descriptive Modeling
J1083,Liquidity Incentives
J1084,Smart Contracts
J1085,Service-Oriented Architecture (SOA)
J1086,Typography
J1087,Logistics Optimization
J1088,Closeness Centrality
J1089,BERT
J1090,Data Visualization
J1091,Multivariate Testing
J1092,Regression Analysis
J1093,Meta-Learning
J1094,VPN
J1095,Reinforcement Learning
J1096,Avalanche
J1097,Lending Protocols
J1098,PMBOK
J1099,Affinity Propagation
J1100,Causal Inference
J1101,Delegated Proof of Stake (DPoS)
J1102,Earned Value Management (EVM)
J1103,Knowledge Representation
J1104,Binance Smart Chain (BSC)
J1105,IBM Cloud
J1106,Proof of Stake (PoS)
J1107,Healthcare Data Analytics
J1108,GPT
J1109,Multi-Signature Wallets
J1110,Few-Shot Learning
J1111,Pareto Distribution
J1112,Object Recognition
J1113,Positive Transfer
J1114,Illustration
J1115,Technical Writing
J1116,Private Keys
J1117,Self-Motivation
J1118,Cross-Platform Development
J1119,Hypothesis Testing
J1120,Hypothesis Testing
J1121,VPN
J1122,Data Analysis
J1123,VirtualBox
J1124,Knowledge Graph Embedding
J1125,Personal Health Records (PHR)
J1126,Handwriting Recognition
J1127,Currency Tokens
J1128,Token Vesting
J1129,Key Performance Indicators (KPIs)
J1130,Intrusion Detection System (IDS)
J1131,Feature Selection
J1132,Association Rule Learning
J1133,Graph Algorithms
J1134,Hyperledger
J1135,Customer Service
J1136,GloVe
J1137,Proof of Capacity (PoC)
J1138,Object-Oriented Programming (OOP)
J1139,Descriptive Analytics
J1140,Leadership
J1141,Hyper-V
J1142,Pareto Distribution
J1143,Liquidity Incentives
J1144,Interaction Design
J1145,Figma
J1146,Transportation Management
J1147,OAuth
J1148,User Stories
J1149,HTTP/HTTPS
J1150,Trezor Wallet
J1151,Document Classification
J1152,Prim's Algorithm
J1153,Monte Carlo Tree Search (MCTS)
J1154,Object Recognition
J1155,Disaster Recovery
J1156,Contract Management
J1157,Causal Inference
J1158,Visualization Tools
J1159,Image Segmentation
J1160,GraphQL
J1161,Azure
J1162,Maximum Flow
J1163,Phishing
J1164,Rollups
J1165,Matplotlib
J1166,Asynchronous Advantage Actor-Critic (A3C)
J1167,Affinity Propagation
J1168,Layer 2 Solutions
J1169,Sidechains
J1170,API Documentation
J1171,Supervisory Control and Data Acquisition (SCADA)
J1172,Healthcare Data Analytics
J1173,Wearable Devices
J1174,Empathy Mapping
J1175,Brands
J1176,FP-Growth Algorithm
J1177,Naive Bayes
J1178,Electronic Health Records (EHR)
J1179,IoT Connectivity
J1180,Gaming Assets
J1181,Label Encoding
J1182,Data Augmentation
J1183,Key Performance Indicators (KPIs)
J1184,Covariance Matrix Adaptation Evolution Strategy (CMA-ES)
J1185,Stakeholder Management
J1186,Gantt Chart
J1187,LSTM
J1188,Client/Server Architecture
J1189,Data Interpretation
J1190,Lending Platforms
J1191,Reinforcement Learning
J1192,Governance Tokens
J1193,Data Oracles
J1194,Decentralized Finance (DeFi)
J1195,Predictive Analytics
J1196,IoT Security
J1197,Telemedicine
J1198,LSTM
J1199,User Testing
J1200,Reinforcement Learning
J1201,LSTM
J1202,IoT Connectivity
J1203,Occam's Razor
J1204,Geospatial Analysis
J1205,jQuery
J1206,Atomic Swaps
J1207,Yield Farming Aggregators
J1208,Independent Component Analysis (ICA)
J1209,Affinity Propagation
J1210,JSON Web Tokens
J1211,Shortest Path Algorithms
J1212,Intellectual Property
J1213,LAN/WAN
J1214,Laboratory Information System (LIS)
J1215,IoT Data Analytics
J1216,Remote Usability Testing
J1217,Load Balancing
J1218,Machine Translation
J1219,Biological Data Analysis
J1220,Principal Component Analysis (PCA)
J1221,RESTful Web Services
J1222,Normal Distribution
J1223,NumPy
J1224,XGBoost
J1225,Text Classification
J1226,Remote Sensing
J1227,Paper Wallets
J1228,Document Similarity
J1229,Language Generation
J1230,Forecasting
J1231,C#
J1232,Order Management
J1233,Document Clustering
J1234,Predictive Analytics
J1235,Empathy Mapping
J1236,Covariance Matrix Adaptation Evolution Strategy (CMA-ES)
J1237,Emotion Recognition
J1238,LightGBM
J1239,Delegated Proof of Stake (DPoS)
J1240,Decentralized Exchanges (DEXs)
J1241,Radiology Information System (RIS)
J1242,InVision
J1243,Atomic Swaps
J1244,Scrum Master
J1245,Medical Imaging
J1246,Genetic Algorithms
J1247,IoT Connectivity
J1248,Beta Distribution
J1249,Non-Fungible Tokens (NFTs)
J1250,Unix
J1251,Healthcare Technology
J1252,Graph Sampling
J1253,Remote Monitoring
J1254,Sales and Marketing Systems
J1255,Color Theory
J1256,Self-Supervised Learning
J1257,Knowledge Graph Embedding
J1258,Documentation
J1259,Genomics
J1260,FTP/SFTP
J1261,Rule-Based Models
J1262,Social Engineering
J1263,Bioinformatics
J1264,Medical Informatics
J1265,Zeplin
J1266,Fuzzy Clustering
J1267,Warehouse Management
J1268,Security Information and Event Management (SIEM)
J1269,Unsupervised Learning
J1270,Feature Engineering
J1271,Frequency Encoding
J1272,Feature Engineering
J1273,Beta Distribution
J1274,Decision Analysis
J1275,React.js
J1276,Earned Value Management (EVM)
J1277,Algorithms
J1278,Time Series Analysis
J1279,IoT Applications
J1280,Decentralized Finance (DeFi)
J1281,Tezos
J1282,k-Nearest Neighbors (k-NN)
J1283,Data Mining
J1284,Medical Image Analysis
J1285,Model Interpretability
J1286,Affinity Propagation
J1287,Technical Support
J1288,Citrix
J1289,Meta-Learning
J1290,Cryptocurrency Wallets
J1291,Sidechains
J1292,Feature Engineering
J1293,Self-Supervised Learning
J1294,Proof of Burn (PoB)
J1295,Speaker Diarization
J1296,Dijkstra's Algorithm
J1297,Probability Distributions
J1298,Eigenvector Centrality
J1299,Proof of Concept (PoC)
J1300,Asset-Backed Tokens
J1301,Attention to Detail
J1302,Self-Play
J1303,Katz Centrality
J1304,Language Identification
J1305,Frontend Development
J1306,OPTICS
J1307,Heroku
J1308,Freight Management
J1309,Programmable Logic Controllers (PLCs)
J1310,SSL/TLS
J1311,A/B Testing
J1312,Waterfall Methodology
J1313,Proof of Capacity (PoC)
J1314,Ethereum Gas Fees
J1315,Crypto Wallets
J1316,Binomial Distribution
J1317,Mean Encoding
J1318,Hospital Information System (HIS)
J1319,Full Stack Development
J1320,Full Stack Development
J1321,Binomial Distribution
J1322,Emotional Intelligence
J1323,Supervised Learning
J1324,Docker
J1325,Supervised Learning
J1326,Predictive Analytics
J1327,Bitbucket
J1328,Data Interpretation
J1329,Self-Play
J1330,Scrum Master
J1331,Remote Usability Testing
J1332,D3.js
J1333,Confidence Intervals
J1334,RDF
J1335,LSTM
J1336,Artificial Intelligence (AI)
J1337,PHP
J1338,Data Oracles
J1339,Remote Support
J1340,Cryptocurrency
J1341,Location-Based Services (LBS)
J1342,Lending Protocols
J1343,K-Nearest Neighbors (KNN)
J1344,Real Estate NFTs
J1345,Bitcoin Wallets
J1346,Surgical Robotics
J1347,Azure
J1348,Axure RP
J1349,Windows Server
J1350,Proof of Trust (PoT)
J1351,Graph Neural Networks (GNNs)
J1352,Identity and Access Management (IAM)
J1353,Token Swap
J1354,Explainable AI (XAI)
J1355,Continuous Deployment (CD)
J1356,Laboratory Information System (LIS)
J1357,Smart Contract Development
J1358,Service-Oriented Architecture (SOA)
J1359,Electronic Health Records (EHR)
J1360,Neural Machine Translation (NMT)
J1361,Least Squares
J1362,Computer Vision
J1363,User Documentation
J1364,Music NFTs
J1365,Budget Management
J1366,Independent Component Analysis (ICA)
J1367,Blockchain Consensus Mechanisms
J1368,Laravel
J1369,Smart Contract Development
J1370,Rule-Based Models
J1371,Kubernetes
J1372,K-Nearest Neighbors (KNN)
J1373,Semi-Supervised Learning
J1374,Attention Mechanism
J1375,Convolutional Neural Networks (CNN)
J1376,Adobe Creative Cloud
J1377,AWS
J1378,Secure Coding Practices
J1379,Bayesian Statistics
J1380,Minimum Spanning Tree
J1381,Identity and Access Management (IAM)
J1382,Electronic Health Records (EHR)
J1383,Nervos
J1384,Ethereum Gas Fees
J1385,Graph Reconstruction
J1386,IoT Connectivity
J1387,ISO 27001
J1388,Statistical Software
J1389,Polkadot
J1390,Logistic Regression
J1391,Remote Usability Testing
J1392,Orthogonalization
J1393,Compliance Management
J1394,Staking
J1395,Stakeholder Management
J1396,Liquidity Pools
J1397,Q-Learning
J1398,Presentation Skills
J1399,Production Planning
J1400,Digital Art
J1401,Polkadot
J1402,Gantt Chart
J1403,Frequency Encoding
J1404,Agile Methodologies
J1405,Neural Networks
J1406,Smart Homes
J1407,Token Burn
J1408,Scrum Master
J1409,Telemedicine
J1410,Feature Importance
J1411,Hyperledger
J1412,Network Monitoring
J1413,Graph Clustering
J1414,Smart Contracts
J1415,Image Enhancement
J1416,Text-to-Speech (TTS)
J1417,Particle Swarm Optimization (PSO)
J1418,Security Token Offerings (STOs)
J1419,GraphQL
J1420,Network Effects
J1421,NFT Wallets
J1422,Evolution Strategies
J1423,PHP
J1424,Environmental Monitoring Systems (EMS)
J1425,Cybersecurity
J1426,One-Hot Encoding
J1427,Image Classification
J1428,Empathy Mapping
J1429,Regression
J1430,Data Transformation
J1431,Topic Modeling
J1432,Predictive Modeling
J1433,Proof of Reputation (PoR)
J1434,ERC-1155
J1435,ASP.NET MVC
J1436,IT Service Management (ITSM)
J1437,Object Recognition
J1438,Hot Wallets
J1439,Hot Wallets
J1440,Web Application Security
J1441,Warehouse Management
J1442,Order Management
J1443,ANOVA
J1444,JavaScript
J1445,Numerical Methods
J1446,Microsoft SQL Server
J1447,Supply Chain Analytics
J1448,Continuous Integration (CI)
J1449,InVision
J1450,Lending Platforms
J1451,Neural Architecture Search (NAS)
J1452,Change Management
J1453,Design Patterns
J1454,Object Detection
J1455,Information Architecture
J1456,User Research
J1457,LSTM
J1458,Hardware Wallets
J1459,Connected Components
J1460,Customer Relationship Management (CRM)
J1461,Sidechains
J1462,Estimation of Distribution Algorithms (EDA)
J1463,Convolutional Neural Networks (CNN)
J1464,Covariance Matrix Adaptation Evolution Strategy (CMA-ES)
J1465,Neural Architecture Search (NAS)
J1466,Negotiation Skills
J1467,Estimation of Distribution Algorithms (EDA)
J1468,ISO 27001
J1469,Icon Design
J1470,Logistics Optimization
J1471,Chainlink
J1472,Prescriptive Analytics
J1473,Empathy Mapping
J1474,Regression Analysis
J1475,Genetic Algorithms
J1476,XGBoost
J1477,JSON
J1478,Meta-Learning
J1479,Neural Networks
J1480,Negative Transfer
J1481,Wearable Devices
J1482,Explainable AI (XAI)
J1483,Clickjacking
J1484,Description Logics
J1485,Blockchain
J1486,Classification
J1487,Antivirus Software
J1488,Equity Tokens
J1489,Natural Language Processing (NLP)
J1490,Adobe Creative Cloud
J1491,Security Operations Center (SOC)
J1492,Kanban
J1493,Session Hijacking
J1494,Transformer Models
J1495,Principal Component Analysis (PCA)
J1496,JSON
J1497,Supply Chain Analytics
J1498,Virtual Real Estate
J1499,Cardano
J1500,Tokenized Securities
J1501,Prescriptive Modeling
J1502,Model Evaluation
J1503,Wallet APIs
J1504,Proof of Elapsed Time (PoET)
J1505,NEO Virtual Machine (NEOVM)
J1506,Automatic Speech Recognition (ASR)
J1507,Bag of Words (BoW)
J1508,IBM Cloud
J1509,Manufacturing Execution Systems (MES)
J1510,Fractional Ownership Tokens
J1511,Affinity Propagation
J1512,Root Cause Analysis (RCA)
J1513,PostgreSQL
J1514,Healthcare Data Warehousing
J1515,OPTICS
J1516,Model Deployment
J1517,Statistical Software
J1518,Deep Q-Networks (DQN)
J1519,Permutation Feature Importance
J1520,Hospital Information System (HIS)
J1521,Apriori Algorithm
J1522,Algorand
J1523,Business Continuity Planning (BCP)
J1524,Continuous Deployment (CD)
J1525,Graph Partitioning
J1526,Asynchronous Advantage Actor-Critic (A3C)
J1527,OAuth
J1528,Artificial Intelligence (AI)
J1529,Wireframing
J1530,Medical Informatics
J1531,Proof of Activity (PoA)
J1532,Commodity Tokens
J1533,Business Analytics
J1534,User Stories
J1535,Procurement
J1536,Automatic Speech Recognition (ASR)
J1537,Clickjacking
J1538,Conflict Resolution
J1539,Independent Component Analysis (ICA)
J1540,Predictive Modeling
J1541,Domain Names
J1542,Decentralized Exchanges (DEXs)
J1543,Location-Based Services (LBS)
J1544,Pareto Distribution
J1545,MT5
J1546,Geographic Information Systems (GIS)
J1547,Remote Usability Testing
J1548,Hardware Wallets
J1549,Computer Vision
J1550,Data Transformation
J1551,User Experience Design
J1552,Troubleshooting
J1553,Yield Farming
J1554,Machine Translation
J1555,Language Generation
J1556,Bayesian Optimization
J1557,Association Rule Learning
J1558,Graph Coloring
J1559,Graph Clustering
J1560,Governance Tokens
J1561,Vector Calculus
J1562,GPT
J1563,Vulnerability Assessment
J1564,Transfer Learning
J1565,Regression Analysis
J1566,Bootstrap Aggregating
J1567,Warehouse Management
J1568,Analytical Skills
J1569,Smart Contract Development
J1570,Wallet SDKs
J1571,Early Stopping
J1572,Stellar
J1573,Tabu Search
J1574,Cross-Validation
J1575,Problem-Solving
J1576,Plasma
J1577,Cryptography
J1578,PMI
J1579,Cardano
J1580,Scikit-learn
J1581,Digital Wallets
J1582,Interviewing
J1583,Materials Management
J1584,Blockchain Oracles
J1585,Fuzzy Clustering
J1586,Connected Components
J1587,Dialogue Systems
J1588,Dimensionality Reduction
J1589,Enterprise Resource Planning (ERP)
J1590,Yield Aggregators
J1591,Token Locking
J1592,Self-Sovereign Identity (SSI)
J1593,Feature Importance
J1594,Metaverse NFTs
J1595,Intrusion Detection System (IDS)
J1596,Descriptive Statistics
J1597,PageRank
J1598,Transfer Learning
J1599,SVN
J1600,Binance Smart Chain (BSC)
J1601,Predictive Analytics
J1602,Bootstrapping
J1603,Django
J1604,Decentralized Finance (DeFi) Oracles
J1605,Ethical Hacking
J1606,Orthogonalization
J1607,Proof of Stake (PoS)
J1608,Problem Management
J1609,Bayesian Optimization
J1610,DeFi Protocols
J1611,Network Administration
J1612,Semi-Supervised Learning
J1613,Knowledge Representation
J1614,Coinbase Wallet
J1615,Geocoding
J1616,Proof of Importance (PoI)
J1617,API Documentation
J1618,Named Entity Recognition (NER)
J1619,Prototyping Tools
J1620,Topic Modeling
J1621,Social Tokens
J1622,Supervisory Control and Data Acquisition (SCADA)
J1623,XLNet
J1624,Bias-Variance Tradeoff
J1625,Classification
J1626,Medical Billing
J1627,Convolutional Neural Networks (CNN)
J1628,Session Hijacking
J1629,IT Infrastructure
J1630,Self-Sovereign Identity (SSI)
J1631,Neural Machine Translation (NMT)
J1632,Data Warehousing
J1633,Energy Management
J1634,RESTful APIs
J1635,Fractional Ownership Tokens
J1636,Interpersonal Skills
J1637,A/B Testing
J1638,Interviewing
J1639,Six Sigma
J1640,Risk Management
J1641,Supplier Relationship Management (SRM)
J1642,Image Enhancement
J1643,Knowledge Graphs
J1644,Linear Algebra
J1645,Prediction Markets
J1646,Identity Verification
J1647,Digital Art
J1648,Kanban
J1649,Bellman-Ford Algorithm
J1650,Non-Fungible Tokens (NFTs)
J1651,Association Rule Learning
J1652,Personalized Medicine
J1653,Apache Spark
J1654,Network Effects
J1655,Image Enhancement
J1656,Hierarchical Clustering
J1657,HTML
J1658,Kanban
J1659,Convolutional Neural Networks (CNN)
J1660,Health Information Exchange (HIE)
J1661,Correlation Analysis
J1662,Security Compliance
J1663,Model-Free Optimization
J1664,DeFi Protocols
J1665,Singular Value Decomposition (SVD)
J1666,Cross-Site Scripting (XSS)
J1667,Node.js
J1668,Utility Tokens
J1669,Vendor Management
J1670,Vulnerability Assessment
J1671,Radiology Information System (RIS)
J1672,Natural Language Understanding (NLU)
J1673,K-Fold Cross-Validation
J1674,Big Data Analytics
J1675,Scheduling
J1676,Hypothesis Testing
J1677,Meta-Learning
J1678,Ensemble Learning
J1679,Image Segmentation
J1680,PMI
J1681,Graph Attention Networks (GATs)
J1682,t-Distributed Stochastic Neighbor Embedding (t-SNE)
J1683,Strongly Connected Components
J1684,Dialogue Systems
J1685,Image Processing
J1686,Agile Project Management
J1687,Collateralized Stablecoins
J1688,Medical Robotics
J1689,React.js
J1690,Firewall
J1691,Java
J1692,Key Performance Indicators (KPIs)
J1693,Eigenvector Centrality
J1694,Actor-Critic Methods
J1695,Intrusion Prevention System (IPS)
J1696,Drug Discovery
J1697,Link Prediction
J1698,Information Retrieval (IR)
J1699,Asynchronous Advantage Actor-Critic (A3C)
J1700,Digital Art NFTs
J1701,Tokenomics
J1702,Disaster Recovery
J1703,Matplotlib
J1704,Smart Homes
J1705,React.js
J1706,Problem Management
J1707,HTML
J1708,Cryptocurrency Exchanges
J1709,Data Augmentation
J1710,Google Cloud Platform (GCP)
J1711,Tableau
J1712,Split Testing
J1713,ISO 27001
J1714,Centrality Measures
J1715,Statistical Analysis
J1716,Smart Grid
J1717,Early Stopping
J1718,Bagging
J1719,Hyperledger
J1720,Continuous Deployment (CD)
J1721,Surgical Robotics
J1722,Gradient Descent
J1723,Graph Compression
J1724,Neural Networks
J1725,IBM Cloud
J1726,Multi-Currency Wallets
J1727,Split Testing
J1728,Process Automation
J1729,Data Mining
J1730,Staking
J1731,Quantization
J1732,Illustration
J1733,Binary Encoding
J1734,Decentralized Exchanges (DEXs)
J1735,Document Clustering
J1736,Heuristic Evaluation
J1737,Incident Management
J1738,Data Transformation
J1739,Transportation Management
J1740,Feature Selection
J1741,Trezor Wallet
J1742,Economic Incentives
J1743,Apriori Algorithm
J1744,Natural Language Processing (NLP)
J1745,Transfer Learning
J1746,CSS
J1747,Logistic Regression
J1748,Sequential Pattern Mining
J1749,Uniform Distribution
J1750,Split Testing
J1751,PostgreSQL
J1752,Model-Based Optimization
J1753,Laravel
J1754,ETL (Extract
J1755,Sharding
J1756,Yield Aggregators
J1757,Uniform Manifold Approximation and Projection (UMAP)
J1758,Power BI
J1759,OWL
J1760,Hyper-V
J1761,Serverless Architecture
J1762,XLNet
J1763,Figma
J1764,Automatic Speech Recognition (ASR)
J1765,Laravel
J1766,AWS
J1767,MetaMask
J1768,Language Translation
J1769,Multi-Signature Wallet
J1770,Fuzzy Clustering
J1771,Laboratory Information System (LIS)
J1772,Mean Shift
J1773,Apache Spark
J1774,Decision Trees
J1775,Production Planning
J1776,Chaincode
J1777,Simulated Annealing
J1778,Ethereum Virtual Machine (EVM)
J1779,Coinbase Wallet
J1780,Semi-Supervised Learning
J1781,Order Management
J1782,Data Visualization
J1783,Probability Theory
J1784,Healthcare Information Systems (HIS)
J1785,Model Compression
J1786,Decentralized Applications (DApps)
J1787,K-Fold Cross-Validation
J1788,Exponential Distribution
J1789,Non-Fungible Tokens (NFTs)
J1790,Security Compliance
J1791,HTTP/HTTPS
J1792,Tokenized Securities
J1793,Pharmaceutical Data Analysis
J1794,Journey Mapping
J1795,Health Information Management (HIM)
J1796,Supply Chain Optimization
J1797,Mobile Wallets
J1798,Deep Learning
J1799,Data Augmentation
J1800,Database Design
J1801,Exponential Distribution
J1802,Capacity Planning
J1803,Deep Reinforcement Learning
J1804,Graph Analytics
J1805,Hot Wallets
J1806,Centrality Measures
J1807,k-Nearest Neighbors (k-NN)
J1808,Security Tokens
J1809,FastText
J1810,Remote Support
J1811,Artificial Intelligence (AI)
J1812,Firewall
J1813,Sports NFTs
J1814,Film NFTs
J1815,Machine Translation
J1816,Data Presentation
J1817,Graphic Design
J1818,IoT Data Analytics
J1819,Logistic Regression
J1820,Decentralized Finance (DeFi)
J1821,Utility Tokens
J1822,Bitcoin Wallets
J1823,Decentralized Autonomous Organizations (DAOs)
J1824,Agricultural IoT
J1825,Social Tokens
J1826,Containerization
J1827,Partial Dependence Plots
J1828,Rollups
J1829,Facial Recognition
J1830,Tokenization
J1831,Reinforcement Learning
J1832,Graph Attention Networks (GATs)
J1833,Proof of Importance (PoI)
J1834,Economic Incentives
J1835,Fine-Tuning
J1836,Endpoint Security
J1837,Quantitative Research
J1838,Yield Aggregators
J1839,Troubleshooting
J1840,Business Intelligence (BI)
J1841,Graph Attention Networks (GATs)
J1842,Polynomial Regression
J1843,Time Series Analysis
J1844,Smart Homes
J1845,Stakeholder Management
J1846,Healthcare Data Visualization
J1847,Digital Collectibles
J1848,Reinforcement Learning
J1849,Supply Chain IoT
J1850,Tableau
J1851,Model Evaluation
J1852,Atomic Swaps
J1853,Internet of Things (IoT)
J1854,Clinical Decision Support Systems (CDSS)
J1855,Innovation
J1856,Facial Recognition
J1857,Energy Automation
J1858,Speaker Diarization
J1859,Adobe Creative Cloud
J1860,Cluster Analysis
J1861,Custodial Wallets
J1862,Report Writing
J1863,Hyperledger
J1864,Patch Management
J1865,FastText
J1866,Text Preprocessing
J1867,Compliance Management
J1868,Spring
J1869,Maximum Flow
J1870,Amazon Web Services
J1871,Human Resource Management (HRM)
J1872,Supply Chain Collaboration
J1873,Naive Bayes
J1874,Rollups
J1875,Health Information System (HIS)
J1876,Cluster Analysis
J1877,Mobile Development
J1878,Markov Chains
J1879,Routing and Logistics
J1880,Multi-Factor Authentication (MFA)
J1881,Single Sign-On (SSO)
J1882,Agile Methodologies
J1883,NFT Wallets
J1884,ITIL
J1885,Survival Analysis
J1886,Data Validation
J1887,Token Sale
J1888,Supply Chain Management (SCM)
J1889,Decentralized Exchanges (DEXs)
J1890,Waterfall Methodology
J1891,Feature Scaling
J1892,MVC Architecture
J1893,Programmable Logic Controllers (PLCs)
J1894,Proof of Burn (PoB)
J1895,Uniform Manifold Approximation and Projection (UMAP)
J1896,Surgical Robotics
J1897,Industrial Automation
J1898,RESTful APIs
J1899,Biological Data Analysis
J1900,Grid Search
J1901,Human Resource Management (HRM)
J1902,Image Generation
J1903,PCI DSS
J1904,Blockchain Interoperability
J1905,Regression Analysis
J1906,Regularization
J1907,Linear Regression
J1908,Policy Gradient Methods
J1909,Tron Virtual Machine (TVM)
J1910,ASP.NET
J1911,Classification
J1912,Health Information Management (HIM)
J1913,Mean Shift
J1914,XGBoost
J1915,Domain Adaptation
J1916,Redis
J1917,Data Interpretation
J1918,Description Logics
J1919,Chi-Square Test
J1920,Computerized Physician Order Entry (CPOE)
J1921,Sentiment Analysis
J1922,Precision Medicine
J1923,Collectibles NFTs
J1924,Condition Monitoring
J1925,Logistics Management
J1926,Exponential Distribution
J1927,Non-Fungible Tokens (NFTs)
J1928,Data Modeling
J1929,Lemmatization
J1930,Correlation Analysis
J1931,Node Embedding
J1932,Microservices
J1933,Sentiment Analysis
J1934,Android
J1935,NEO Virtual Machine (NEOVM)
J1936,Tokenized Securities
J1937,Dijkstra's Algorithm
J1938,Derivatives Platforms
J1939,Multi-Armed Bandit
J1940,t-Distributed Stochastic Neighbor Embedding (t-SNE)
J1941,Tokenization
J1942,Health Information System (HIS)
J1943,Affinity Propagation
J1944,Laravel
J1945,UI/UX Design
J1946,Blockchain Consensus Mechanisms
J1947,Service-Oriented Architecture (SOA)
J1948,t-Distributed Stochastic Neighbor Embedding (t-SNE)
J1949,Leave-One-Out Cross-Validation (LOOCV)
J1950,Cross-Chain Communication
J1951,Phishing
J1952,Communication Skills
J1953,Self-Motivation
J1954,Transfer Learning
J1955,Wearable Devices
J1956,VMware
J1957,Picture Archiving and Communication System (PACS)
J1958,Endpoint Security
J1959,Automated Market Makers (AMMs)
J1960,Multivariate Testing
J1961,TCP/IP
J1962,Remote Monitoring
J1963,Azure
J1964,State Channels
J1965,Distributed Ledger Technology (DLT)
J1966,Remote Support
J1967,Proof of Work (PoW)
J1968,Feature Engineering
J1969,C++
J1970,Temporal Difference Learning
J1971,Yield Farming
J1972,Spring
J1973,Fractional Ownership Tokens
J1974,Healthcare Data Analytics
J1975,Digital Collectibles
J1976,Cross-Chain Asset Transfers
J1977,Clinical Decision Support Systems (CDSS)
J1978,Data Structures
J1979,Routing and Navigation
J1980,Cosmos
J1981,Ethereum Improvement Proposals (EIPs)
J1982,Warehouse Management
J1983,Topic Modeling
J1984,Self-Supervised Learning
J1985,Prescriptive Analytics
J1986,GraphQL
J1987,Kanban
J1988,Question Answering
J1989,Feature Importance
J1990,Ridge Regression
J1991,Speech-to-Text (STT)
J1992,Generative Adversarial Networks (GANs)
J1993,Inferential Statistics
J1994,Descriptive Analytics
J1995,Bootstrapping
J1996,Decentralized Finance (DeFi)
J1997,FTP/SFTP
J1998,Graph Analytics
J1999,Human Resource Management (HRM)
