Job ID,Skills
J1000,
J1001,Unix
J1002,Smart Contracts
J1003,
J1004,Containerization
J1005,
J1006,Supervised Learning
J1007,Python
J1008,Real-Time Monitoring
J1009,Security Token Offerings (STOs)
J1010,
J1011,
J1012,
J1013,
J1014,Logistics Optimization
J1015,BERT
J1016,Lending Platforms
J1017,
J1018,Correlation Analysis
J1019,
J1020,
J1021,Monte Carlo Tree Search (MCTS)
J1022,Load Balancing
J1023,State Channels
J1024,One-Shot Learning
J1025,
J1026,
J1027,Graph Embedding
J1028,
J1029,
J1030,
J1031,Personalized Medicine
J1032,
J1033,Service-Level Agreements (SLAs)
J1034,
J1035,Scikit-learn
J1036,Proof of Stake (PoS)
J1037,Chatbots
J1038,Blockchain Platforms
J1039,
J1040,Domain Adaptation
J1041,Depth-First Search (DFS)
J1042,
J1043,Dimensionality Reduction
J1044,
J1045,
J1046,
J1047,
J1048,
J1049,
J1050,
J1051,Linear Regression
J1052,
J1053,
J1054,
J1055,Regression Analysis
J1056,
J1057,
J1058,
J1059,
J1060,MetaMask
J1061,
J1062,Matrix Manipulation
J1063,Sports Teams
J1064,
J1065,
J1066,
J1067,HTML
J1068,Cryptography
J1069,
J1070,
J1071,Uniform Manifold Approximation and Projection (UMAP)
J1072,Multi-Armed Bandit
J1073,
J1074,
J1075,
J1076,
J1077,
J1078,Software Development
J1079,
J1080,Prototyping Tools
J1081,LIME
J1082,
J1083,
J1084,Heuristic Evaluation
J1085,Monte Carlo Tree Search (MCTS)
J1086,
J1087,Emotional Intelligence
J1088,Remote Usability Testing
J1089,
J1090,
J1091,Image Segmentation
J1092,Token Economics
J1093,
J1094,
J1095,Balsamiq
J1096,Link Prediction
J1097,
J1098,Split Testing
J1099,
J1100,
J1101,Geographic Data Analysis
J1102,
J1103,
J1104,Hub and Authority Scores
J1105,Data Warehousing
J1106,
J1107,
J1108,
J1109,Wireframing
J1110,
J1111,Hub and Authority Scores
J1112,Bayesian Statistics
J1113,
J1114,
J1115,
J1116,Innovation
J1117,Use Case
J1118,
J1119,Predictive Analytics
J1120,UI/UX Design
J1121,Logistics Management
J1122,Split Testing
J1123,
J1124,
J1125,
J1126,Waterfall Methodology
J1127,Cybersecurity
J1128,
J1129,Redis
J1130,Payment Channels
J1131,
J1132,T5
J1133,Autoencoders
J1134,Recurrent Neural Networks (RNN)
J1135,
J1136,
J1137,Negotiation Skills
J1138,Real Estate
J1139,Token Standards
J1140,
J1141,
J1142,Token Wallets
J1143,
J1144,Cross-Site Scripting (XSS)
J1145,
J1146,Compliance Management
J1147,
J1148,Term Frequency-Inverse Document Frequency (TF-IDF)
J1149,Public Keys
J1150,
J1151,Cryptocurrency Wallets
J1152,Brands
J1153,Rehabilitation Robotics
J1154,Smart Contract Development
J1155,Gaming NFTs
J1156,
J1157,
J1158,
J1159,
J1160,PRINCE2
J1161,
J1162,Smart Contracts
J1163,
J1164,
J1165,
J1166,
J1167,
J1168,
J1169,
J1170,
J1171,Supplier Relationship Management (SRM)
J1172,Biological Data Analysis
J1173,
J1174,Graph Compression
J1175,
J1176,Gantt Chart
J1177,Knowledge Graph Embedding
J1178,
J1179,
J1180,
J1181,
J1182,Asset-Backed Tokens
J1183,NoSQL
J1184,
J1185,
J1186,
J1187,Risk Analysis
J1188,
J1189,
J1190,
J1191,Token Standards
J1192,Confidence Intervals
J1193,
J1194,
J1195,Teamwork
J1196,
J1197,Brute Force Attack
J1198,Self-Motivation
J1199,
J1200,
J1201,SVN
J1202,
J1203,
J1204,Model Evaluation
J1205,
J1206,Wireless Security
J1207,Prioritization
J1208,
J1209,Emotion Recognition
J1210,
J1211,Icon Design
J1212,Genomics
J1213,
J1214,Speech Recognition
J1215,
J1216,
J1217,
J1218,Emotional Intelligence
J1219,
J1220,
J1221,
J1222,Scrum
J1223,
J1224,
J1225,
J1226,Data Engineering
J1227,Risk Register
J1228,Cross-Chain Asset Transfers
J1229,
J1230,
J1231,
J1232,
J1233,
J1234,
J1235,Delegated Proof of Stake (DPoS)
J1236,
J1237,
J1238,
J1239,
J1240,
J1241,Apache Spark
J1242,GDPR
J1243,Session Hijacking
J1244,Real-Time Monitoring
J1245,
J1246,
J1247,
J1248,
J1249,
J1250,
J1251,
J1252,
J1253,
J1254,VeChain
J1255,
J1256,
J1257,Cryptography
J1258,PERT
J1259,
J1260,
J1261,Programmable Logic Controllers (PLCs)
J1262,Information Retrieval
J1263,
J1264,
J1265,Graph Clustering
J1266,
J1267,
J1268,Decentralized Finance (DeFi)
J1269,Question Answering
J1270,Bagging
J1271,Decentralized Applications (DApps)
J1272,Connected Cars
J1273,
J1274,Frequency Encoding
J1275,
J1276,Expert Review
J1277,
J1278,Multi-Task Learning
J1279,
J1280,
J1281,Decentralized Autonomous Organizations (DAOs)
J1282,
J1283,
J1284,
J1285,Procurement
J1286,Descriptive Analytics
J1287,
J1288,
J1289,Cryptography
J1290,
J1291,Language Generation
J1292,
J1293,
J1294,Matrix Manipulation
J1295,Bootstrap Aggregating
J1296,Medical Coding
J1297,Uniform Distribution
J1298,Social Engineering
J1299,Batch Normalization
J1300,
J1301,
J1302,
J1303,
J1304,
J1305,
J1306,
J1307,Borrowing Platforms
J1308,
J1309,Minimum Cut
J1310,Smart Contracts
J1311,
J1312,
J1313,
J1314,Smart Contract Security
J1315,Social Tokens
J1316,
J1317,
J1318,Sidechains
J1319,Graph Neural Networks (GNNs)
J1320,Data Modeling
J1321,
J1322,Crypto Wallets
J1323,
J1324,Lognormal Distribution
J1325,
J1326,
J1327,
J1328,
J1329,Test-Driven Development (TDD)
J1330,
J1331,Probability Distributions
J1332,MongoDB
J1333,
J1334,PageRank
J1335,
J1336,
J1337,
J1338,
J1339,
J1340,
J1341,
J1342,
J1343,
J1344,
J1345,Smart Contracts
J1346,Word2Vec
J1347,
J1348,
J1349,
J1350,Lending Protocols
J1351,Adobe Creative Cloud
J1352,Question Answering Systems
J1353,
J1354,
J1355,
J1356,Wallet APIs
J1357,
J1358,
J1359,
J1360,Agile Methodologies
J1361,Intrusion Detection System (IDS)
J1362,
J1363,
J1364,
J1365,
J1366,Vulnerability Assessment
J1367,
J1368,Use Case
J1369,Yield Aggregators
J1370,Data Oracles
J1371,
J1372,Linear Regression
J1373,Tabu Search
J1374,Data Imputation
J1375,
J1376,
J1377,
J1378,
J1379,
J1380,
J1381,MVC Architecture
J1382,
J1383,
J1384,
J1385,
J1386,Multi-Factor Authentication (MFA)
J1387,
J1388,LSTM
J1389,Cross-Chain Communication
J1390,Stemming
J1391,
J1392,Off-Chain Governance
J1393,RESTful APIs
J1394,
J1395,
J1396,Logistic Regression
J1397,Token Sale
J1398,BERT
J1399,
J1400,Factor Analysis
J1401,Liquidity Pools
J1402,
J1403,Actor-Critic Methods
J1404,
J1405,Floyd-Warshall Algorithm
J1406,Compliance Management
J1407,
J1408,
J1409,Smart Cities
J1410,
J1411,Agile Methodologies
J1412,
J1413,Interviewing
J1414,
J1415,
J1416,
J1417,BERT
J1418,Python
J1419,
J1420,Firewall
J1421,
J1422,
J1423,Visualization Tools
J1424,
J1425,Budget Management
J1426,
J1427,
J1428,Knowledge Graphs
J1429,
J1430,
J1431,
J1432,
J1433,
J1434,Transformer Models
J1435,
J1436,Agricultural IoT
J1437,NoSQL
J1438,Matplotlib
J1439,Tezos
J1440,OPTICS
J1441,
J1442,
J1443,Cryptocurrency Exchanges
J1444,
J1445,
J1446,
J1447,Sequential Pattern Mining
J1448,
J1449,
J1450,GitLab
J1451,Graph Matching
J1452,
J1453,Fuzzy Clustering
J1454,
J1455,
J1456,API Documentation
J1457,Dimensionality Reduction
J1458,Ordinal Encoding
J1459,
J1460,
J1461,Language Generation
J1462,
J1463,
J1464,Wallet SDKs
J1465,
J1466,
J1467,Decentralized Applications (DApps)
J1468,Docker
J1469,
J1470,
J1471,
J1472,
J1473,
J1474,
J1475,SOAP Web Services
J1476,Descriptive Analytics
J1477,Customer Service
J1478,Hospital Information System (HIS)
J1479,Dropout Regularization
J1480,
J1481,
J1482,
J1483,
J1484,
J1485,
J1486,
J1487,Probability Theory
J1488,
J1489,
J1490,
J1491,
J1492,Bootstrap
J1493,
J1494,Blockchain Governance
J1495,
J1496,
J1497,FTP/SFTP
J1498,
J1499,Ridge Regression
J1500,
J1501,Description Logics
J1502,
J1503,OWASP Top 10
J1504,
J1505,
J1506,
J1507,
J1508,Attention Mechanism
J1509,
J1510,Prototyping Tools
J1511,
J1512,
J1513,
J1514,Heuristic Evaluation
J1515,
J1516,
J1517,
J1518,
J1519,Generative Adversarial Networks (GANs)
J1520,
J1521,RESTful Web Services
J1522,Ripple
J1523,
J1524,
J1525,Kanban
J1526,
J1527,
J1528,
J1529,
J1530,
J1531,
J1532,Support Vector Machines (SVM)
J1533,Coinbase Wallet
J1534,
J1535,Ripple
J1536,Connected Cars
J1537,
J1538,
J1539,
J1540,Orthogonalization
J1541,
J1542,
J1543,
J1544,
J1545,
J1546,Decentralized Stablecoins
J1547,Independent Component Analysis (ICA)
J1548,Transportation Management
J1549,Stemming
J1550,
J1551,
J1552,ElasticNet Regularization
J1553,
J1554,ElasticNet Regularization
J1555,
J1556,SQL
J1557,
J1558,
J1559,Multi-Task Learning
J1560,
J1561,
J1562,Supervised Learning
J1563,
J1564,
J1565,
J1566,
J1567,Docker
J1568,
J1569,
J1570,Statistical Inference
J1571,
J1572,
J1573,
J1574,
J1575,
J1576,
J1577,
J1578,
J1579,Vue.js
J1580,
J1581,
J1582,FTP/SFTP
J1583,
J1584,
J1585,Tokenization
J1586,
J1587,
J1588,
J1589,Big Data Analytics
J1590,
J1591,
J1592,
J1593,Wallet SDKs
J1594,
J1595,
J1596,Bitbucket
J1597,Data Oracles
J1598,
J1599,DeFi Protocols
J1600,
J1601,Teamwork
J1602,Optimization
J1603,
J1604,
J1605,
J1606,
J1607,
J1608,Security Incident Response
J1609,
J1610,
J1611,Zeplin
J1612,RESTful Web Services
J1613,
J1614,Agricultural IoT
J1615,Distribution Management
J1616,
J1617,Flask
J1618,
J1619,
J1620,
J1621,Continuous Integration (CI)
J1622,
J1623,Reinforcement Learning
J1624,
J1625,Firebase
J1626,Healthcare Technology
J1627,React.js
J1628,Graph Compression
J1629,
J1630,Inferential Statistics
J1631,Business Intelligence (BI)
J1632,Web3 Wallets
J1633,
J1634,Model Complexity
J1635,
J1636,
J1637,Desktop Wallets
J1638,Conversational Agents
J1639,Statistical Analysis
J1640,Geographic Data Visualization
J1641,
J1642,
J1643,Feature Selection
J1644,OAuth2
J1645,
J1646,Initial Coin Offerings (ICOs)
J1647,
J1648,Spring
J1649,
J1650,
J1651,
J1652,Relation Extraction
J1653,
J1654,
J1655,XLNet
J1656,Virtualization
J1657,Smart Grid
J1658,
J1659,
J1660,
J1661,RESTful Web Services
J1662,
J1663,Supervised Learning
J1664,Product Owner
J1665,
J1666,
J1667,Economic Incentives
J1668,Precision Medicine
J1669,
J1670,
J1671,Patch Management
J1672,
J1673,
J1674,
J1675,Inverse Reinforcement Learning
J1676,Digital Wallets
J1677,
J1678,Decentralized Applications (DApps)
J1679,
J1680,
J1681,Smart Contracts
J1682,Equity Tokens
J1683,
J1684,
J1685,
J1686,Strongly Connected Components
J1687,
J1688,
J1689,
J1690,Medical Billing
J1691,
J1692,Film NFTs
J1693,
J1694,Factor Analysis
J1695,
J1696,
J1697,
J1698,
J1699,
J1700,
J1701,
J1702,
J1703,
J1704,
J1705,
J1706,GraphQL
J1707,Network Effects
J1708,
J1709,
J1710,
J1711,
J1712,Machine Learning
J1713,
J1714,Token Economics
J1715,
J1716,
J1717,
J1718,
J1719,
J1720,
J1721,
J1722,Bayesian Optimization
J1723,Graph Matching
J1724,Decentralized Insurance (DeFi)
J1725,
J1726,Microsoft SQL Server
J1727,
J1728,
J1729,
J1730,
J1731,Conflict Resolution
J1732,
J1733,Self-Management
J1734,Digital Assets
J1735,Tokenomics
J1736,Cybersecurity
J1737,Linear Algebra
J1738,Ethereum
J1739,
J1740,Asset Tracking
J1741,
J1742,
J1743,
J1744,
J1745,Decentralized Applications (DApps)
J1746,
J1747,
J1748,Automated Market Makers (AMMs)
J1749,
J1750,
J1751,
J1752,
J1753,Help Desk Support
J1754,
J1755,
J1756,
J1757,Time-Series Cross-Validation
J1758,ERC-1155
J1759,
J1760,Binance Smart Chain (BSC)
J1761,
J1762,
J1763,
J1764,
J1765,
J1766,
J1767,Decentralized Exchanges (DEXs)
J1768,
J1769,
J1770,
J1771,Oracle Database
J1772,Speech Recognition
J1773,ElasticNet Regularization
J1774,GloVe
J1775,
J1776,
J1777,
J1778,Bagging
J1779,
J1780,Distributed Ledger Technology (DLT)
J1781,
J1782,
J1783,
J1784,Analytical Skills
J1785,Delegated Proof of Stake (DPoS)
J1786,Decentralized Finance (DeFi)
J1787,
J1788,
J1789,Proof of Elapsed Time (PoET)
J1790,
J1791,
J1792,A/B Testing
J1793,IoT Solutions
J1794,
J1795,
J1796,
J1797,
J1798,Streaming Data
J1799,
J1800,
J1801,RDF
J1802,Model Distillation
J1803,Healthcare IoT
J1804,Requirements Gathering
J1805,
J1806,SVN
J1807,
J1808,
J1809,
J1810,
J1811,
J1812,
J1813,
J1814,
J1815,
J1816,
J1817,
J1818,
J1819,
J1820,Attention Mechanism
J1821,
J1822,Cryptocurrency Wallets
J1823,
J1824,Smart Cities
J1825,
J1826,
J1827,
J1828,
J1829,
J1830,
J1831,Personal Health Records (PHR)
J1832,
J1833,
J1834,
J1835,
J1836,GPT
J1837,
J1838,Backup and Restore
J1839,
J1840,Agile Methodologies
J1841,
J1842,
J1843,
J1844,
J1845,
J1846,
J1847,
J1848,
J1849,Token Sale
J1850,
J1851,
J1852,
J1853,GRU
J1854,
J1855,
J1856,
J1857,Data Pipelines
J1858,
J1859,
J1860,
J1861,
J1862,
J1863,
J1864,
J1865,
J1866,Incident Management
J1867,
J1868,
J1869,Singular Value Decomposition (SVD)
J1870,Text Summarization
J1871,Icon Design
J1872,Health Information System (HIS)
J1873,Decentralized Exchanges (DEXs)
J1874,
J1875,
J1876,
J1877,
J1878,
J1879,
J1880,
J1881,
J1882,
J1883,
J1884,
J1885,
J1886,
J1887,
J1888,State Channels
J1889,
J1890,Lemmatization
J1891,Change Management
J1892,
J1893,Speech Recognition
J1894,
J1895,Graph Neural Networks (GNNs)
J1896,Incident Management
J1897,
J1898,
J1899,Survival Analysis
J1900,Ethereum Gas Fees
J1901,IoT Applications
J1902,Business Analytics
J1903,
J1904,
J1905,Tabu Search
J1906,Utility Tokens
J1907,
J1908,
J1909,ERC-721
J1910,
J1911,
J1912,
J1913,
J1914,
J1915,Neural Networks
J1916,NoSQL
J1917,
J1918,
J1919,
J1920,
J1921,
J1922,
J1923,
J1924,
J1925,
J1926,
J1927,
J1928,
J1929,
J1930,Documentation
J1931,
J1932,
J1933,
J1934,
J1935,
J1936,
J1937,
J1938,
J1939,
J1940,
J1941,Geographic Information Systems (GIS)
J1942,
J1943,Stratified Cross-Validation
J1944,
J1945,
J1946,
J1947,Incident Management
J1948,AJAX
J1949,
J1950,
J1951,
J1952,Question Answering
J1953,Proof of Activity (PoA)
J1954,
J1955,
J1956,
J1957,Information Retrieval (IR)
J1958,
J1959,
J1960,
J1961,k-Nearest Neighbors (k-NN)
J1962,Data Visualization
J1963,Picture Archiving and Communication System (PACS)
J1964,
J1965,
J1966,Collateralized Stablecoins
J1967,
J1968,
J1969,
J1970,
J1971,
J1972,Industrial Automation
J1973,
J1974,Energy Automation
J1975,Bagging
J1976,
J1977,Predictive Maintenance
J1978,
J1979,Positive Transfer
J1980,Logistic Regression
J1981,
J1982,
J1983,
J1984,
J1985,
J1986,
J1987,
J1988,
J1989,Bioinformatics
J1990,Topic Modeling
J1991,
J1992,Prototyping Tools
J1993,
J1994,
J1995,
J1996,Load)
J1997,Feature Engineering
J1998,
J1999,
