Candidate ID,Skills
C1000,State Channels
C1001,IPSec
C1002,Secure Coding Practices
C1003,Web Development
C1004,Link Prediction
C1005,Interpretable Neural Networks
C1006,Emotion Recognition
C1007,Bitbucket
C1008,Data Validation
C1009,Hardware Wallets
C1010,ASP.NET MVC
C1011,Nursing Informatics
C1012,Avalanche
C1013,Graph Representation Learning
C1014,Smart Contracts
C1015,Non-Fungible Tokens (NFTs)
C1016,Neuroevolution
C1017,Web3.0
C1018,NoSQL
C1019,Bitcoin Wallets
C1020,Clustering
C1021,Normal Distribution
C1022,Scheduling
C1023,Routing and Navigation
C1024,Language Translation
C1025,Lending Protocols
C1026,Test-Driven Development (TDD)
C1027,Medical Imaging
C1028,Feature Engineering
C1029,Liquidity Pools
C1030,Code Review
C1031,Equity Tokens
C1032,Leave-One-Out Cross-Validation (LOOCV)
C1033,ERC-1155
C1034,Binomial Distribution
C1035,FP-Growth Algorithm
C1036,Endpoint Security
C1037,Algorithms
C1038,Supply Chain Analytics
C1039,Transcriptomics
C1040,NFT Wallets
C1041,Model-Based Optimization
C1042,Dialogue Systems
C1043,Scheduling
C1044,Proof of Trust (PoT)
C1045,Evolution Strategies
C1046,IoT Platforms
C1047,Public Keys
C1048,Monte Carlo Tree Search (MCTS)
C1049,Sybil Resistance
C1050,Long Short-Term Memory (LSTM)
C1051,Supervised Learning
C1052,Community Detection
C1053,Multivariate Testing
C1054,Automated Market Makers (AMMs)
C1055,Telematics
C1056,Assistive Robotics
C1057,Self-Supervised Learning
C1058,Dimensionality Reduction
C1059,Big Data
C1060,Full Stack Development
C1061,Stopword Removal
C1062,Picture Archiving Communication System (PACS)
C1063,MyEtherWallet (MEW)
C1064,Yield Optimizers
C1065,Text Mining
C1066,Partial Dependence Plots
C1067,Custodial Wallets
C1068,Frequency Encoding
C1069,Graph Sampling
C1070,Exploratory Data Analysis (EDA)
C1071,Curiosity-Driven Exploration
C1072,Recurrent Neural Networks (RNN)
C1073,Health Information System (HIS)
C1074,Prescriptive Modeling
C1075,Feature Selection
C1076,Machine Learning Algorithms
C1077,Personal Health Records (PHR)
C1078,Edge Embedding
C1079,Generative Adversarial Networks (GANs)
C1080,Logistic Regression
C1081,Continuous Learning
C1082,Azure
C1083,Vendor Management
C1084,FP-Growth Algorithm
C1085,Data Cleaning
C1086,Data Wrangling
C1087,Meta-Learning
C1088,Linear Regression
C1089,Transfer Learning
C1090,Prototyping
C1091,Risk Analysis
C1092,Supply Chain Analytics
C1093,Proteomics
C1094,Smart Homes
C1095,Brands
C1096,Statistical Inference
C1097,t-Distributed Stochastic Neighbor Embedding (t-SNE)
C1098,Fleet Management
C1099,ASP.NET
C1100,Supervisory Control and Data Acquisition (SCADA)
C1101,Sales and Marketing Systems
C1102,Deep Learning
C1103,Domain Names
C1104,Uniform Manifold Approximation and Projection (UMAP)
C1105,Self-Management
C1106,Asynchronous Advantage Actor-Critic (A3C)
C1107,Six Sigma
C1108,Icon Design
C1109,Custodial Wallets
C1110,Affinity Propagation
C1111,Feature Scaling
C1112,Chi-Square Test
C1113,Apache Spark
C1114,t-Distributed Stochastic Neighbor Embedding (t-SNE)
C1115,Regression Analysis
C1116,Linux
C1117,Principal Component Analysis (PCA)
C1118,Data Analysis
C1119,Microsoft Excel
C1120,User Research
C1121,On-Chain Governance
C1122,Scrum Master
C1123,Persona Creation
C1124,Lemmatization
C1125,Token Economics
C1126,Trezor Wallet
C1127,Text Classification
C1128,Model Deployment
C1129,Backup and Restore
C1130,Facial Recognition
C1131,Continuous Deployment (CD)
C1132,Graph Database
C1133,Wireframing
C1134,Decision Analysis
C1135,Logistic Regression
C1136,Generative Adversarial Networks (GAN)
C1137,Clinical Decision Support Systems (CDSS)
C1138,Feature Engineering
C1139,Flash Loans
C1140,Data Visualization
C1141,Statistical Software
C1142,Data Visualization
C1143,State Channels
C1144,Graph Reconstruction
C1145,Natural Language Processing (NLP)
C1146,XLNet
C1147,Linear Models
C1148,XGBoost
C1149,Time Series Analysis
C1150,Public Health Informatics
C1151,Interpretable Neural Networks
C1152,Principal Component Analysis (PCA)
C1153,DHCP
C1154,Document Clustering
C1155,Configuration Management
C1156,Smart Contract Audits
C1157,Kruskal's Algorithm
C1158,Exodus Wallet
C1159,Passive Learning
C1160,Polkadot
C1161,Autoencoders
C1162,Early Stopping
C1163,MetaMask
C1164,Data Transformation
C1165,Emotional Intelligence
C1166,IoT Platforms
C1167,SHAP
C1168,Unix
C1169,Word Embeddings
C1170,Tokenization
C1171,Full Stack Development
C1172,Inventory Optimization
C1173,Feature Engineering
C1174,Sybil Resistance
C1175,Ethereum Wallets
C1176,Computerized Physician Order Entry (CPOE)
C1177,Continuous Learning
C1178,Multi-Currency Wallets
C1179,Communication Skills
C1180,SVN
C1181,Proof of Weight (PoWeight)
C1182,NEO Virtual Machine (NEOVM)
C1183,Holdout Validation
C1184,Quantitative Analysis
C1185,Model Complexity
C1186,Windows Server
C1187,Wireframe Tools
C1188,Gaming NFTs
C1189,Smart Contract Development
C1190,Delegated Proof of Stake (DPoS)
C1191,Automated Market Makers (AMMs)
C1192,Cardano
C1193,Link Prediction
C1194,Data Visualization
C1195,Procurement
C1196,Logistic Regression
C1197,Proof of Importance (PoI)
C1198,Decentralized Identity (DID)
C1199,Security Incident Response
C1200,MyEtherWallet (MEW)
C1201,BERT
C1202,Microsoft Access
C1203,Unsupervised Learning
C1204,Automated Market Makers (AMMs)
C1205,Decentralized Stablecoins
C1206,Decision-Making
C1207,Route Optimization
C1208,Security Tokens
C1209,Initial Exchange Offerings (IEOs)
C1210,Help Desk Support
C1211,Model-Based Optimization
C1212,Full Stack Development
C1213,Chi-Square Test
C1214,Dimensionality Reduction
C1215,Security Information and Event Management (SIEM)
C1216,Wearable Devices
C1217,Gradient Boosting
C1218,Graph Convolutional Networks (GCNs)
C1219,Automated Market Makers (AMMs)
C1220,State Channels
C1221,Bellman-Ford Algorithm
C1222,Tokenization
C1223,Conversational Agents
C1224,Sybil Resistance
C1225,Mobile Wallets
C1226,Edge Embedding
C1227,Token Wallets
C1228,Layer 1 Scaling Solutions
C1229,Cold Wallets
C1230,Music Rights
C1231,ElasticNet Regularization
C1232,Visualization Tools
C1233,Data Augmentation
C1234,Delegated Proof of Stake (DPoS)
C1235,Identity Management
C1236,Real Estate NFTs
C1237,Token Standards
C1238,Cluster Analysis
C1239,Initial Coin Offerings (ICOs)
C1240,Model Monitoring
C1241,Mobile Development
C1242,Survey Design
C1243,Logistics IoT
C1244,Community Tokens
C1245,Unsupervised Learning
C1246,Creativity
C1247,Technical Support
C1248,Transfer Learning
C1249,PMBOK
C1250,Sequential Pattern Mining
C1251,Microsoft SQL Server
C1252,Heroku
C1253,Asynchronous Advantage Actor-Critic (A3C)
C1254,Topic Modeling
C1255,Automatic Speech Recognition (ASR)
C1256,Emotion Recognition
C1257,Feature Engineering
C1258,Ethereum Gas Fees
C1259,Particle Swarm Optimization (PSO)
C1260,ASP.NET MVC
C1261,Transform
C1262,Sequential Pattern Mining
C1263,ASP.NET
C1264,State Channels
C1265,Solana
C1266,Governance Incentives
C1267,Layer 2 Scaling Solutions
C1268,Computerized Physician Order Entry (CPOE)
C1269,Non-Custodial Wallets
C1270,User Experience Design
C1271,OAuth2.0
C1272,Vendor Management
C1273,Document Indexing
C1274,Healthcare Informatics
C1275,Machine Translation
C1276,Document Clustering
C1277,Yield Farming
C1278,MapReduce
C1279,Policy Gradient Methods
C1280,Dimensionality Reduction
C1281,Hospital Information System (HIS)
C1282,Model Generalization
C1283,Root Cause Analysis (RCA)
C1284,Graph Neural Networks (GNNs)
C1285,Asset Management
C1286,Liquidity Mining
C1287,Wallet Security
C1288,Multi-Factor Authentication (MFA)
C1289,Session Hijacking
C1290,Gaming NFTs
C1291,Layer 1 Scaling Solutions
C1292,Digital Wallets
C1293,Unsupervised Learning
C1294,Natural Language Processing (NLP)
C1295,Seaborn
C1296,Sharding
C1297,Data Structures
C1298,MVC Architecture
C1299,Lasso Regression
C1300,Radiology Information System (RIS)
C1301,Smart Contract Platforms
C1302,JWT
C1303,Fine-Tuning
C1304,Target Encoding
C1305,Asynchronous Advantage Actor-Critic (A3C)
C1306,Knowledge Graph Completion
C1307,Convolutional Neural Networks (CNN)
C1308,Image Enhancement
C1309,Blockchain Technology
C1310,Decentralized Finance (DeFi)
C1311,Hyperledger
C1312,Breadth-First Search (BFS)
C1313,Tokenomics
C1314,Image Segmentation
C1315,Atomic Wallet
C1316,Security Tokens
C1317,Remote Sensing
C1318,Bootstrapping
C1319,Logistic Regression
C1320,Medical Coding
C1321,Bootstrap Aggregating
C1322,PCI DSS
C1323,Journey Mapping
C1324,Electronic Medical Records (EMR)
C1325,Qualitative Analysis
C1326,Regenerative Medicine
C1327,IoT Devices
C1328,k-Nearest Neighbors (k-NN)
C1329,Software Wallets
C1330,Decentralized Exchanges (DEXs)
C1331,React.js
C1332,BERT
C1333,Minimum Cut
C1334,Genomics
C1335,Regression Analysis
C1336,Robotic Exoskeletons
C1337,EOS
C1338,Django
C1339,Tezos
C1340,Electronic Medical Records (EMR)
C1341,ElasticNet Regression
C1342,Precision Medicine
C1343,GitLab
C1344,Feature Engineering
C1345,Desktop Wallets
C1346,Home Automation
C1347,Agile Project Management
C1348,Markov Chains
C1349,Exploratory Data Analysis (EDA)
C1350,Resilience
C1351,Self-Attention Mechanism
C1352,VirtualBox
C1353,Explainable AI (XAI)
C1354,Cold Wallets
C1355,Correlation Analysis
C1356,D3.js
C1357,Overfitting
C1358,IPSec
C1359,Document Classification
C1360,Blockchain Platforms
C1361,Earned Value Management (EVM)
C1362,Adversarial Training
C1363,Rule-Based Models
C1364,K-Means Clustering
C1365,Flash Loans
C1366,Paper Wallets
C1367,Domain Adaptation
C1368,Apache Spark
C1369,Kanban
C1370,Healthcare Data Warehousing
C1371,Principal Component Analysis (PCA)
C1372,Off-Chain Governance
C1373,Curiosity-Driven Exploration
C1374,Bag of Words (BoW)
C1375,Conflict Resolution
C1376,Enterprise Resource Planning (ERP)
C1377,Monte Carlo Simulation
C1378,Multi-Factor Authentication (MFA)
C1379,Token Vesting
C1380,Accessibility
C1381,Self-Attention Mechanism
C1382,Clinical Decision Support Systems (CDSS)
C1383,User Documentation
C1384,Location-Based Services (LBS)
C1385,EOSIO
C1386,Quantitative Analysis
C1387,Graph Analytics
C1388,Prediction Markets
C1389,Gaming NFTs
C1390,Statistical Analysis
C1391,Deep Q-Networks (DQN)
C1392,Model-Free Optimization
C1393,Patient Monitoring Systems
C1394,Regression Analysis
C1395,Semantic Web
C1396,Tokenomics
C1397,Domain Adaptation
C1398,FTP/SFTP
C1399,Knowledge Graph Embedding
C1400,Support Vector Machines (SVM)
C1401,Graph Neural Networks (GNNs)
C1402,Vyper
C1403,Load)
C1404,Graph Embedding
C1405,Q-Learning
C1406,MyEtherWallet (MEW)
C1407,Smart Homes
C1408,Network Administration
C1409,Positive Transfer
C1410,Remote Sensing
C1411,Cross-Validation
C1412,Governance Tokens
C1413,Cold Wallets
C1414,Adaptability
C1415,Wireframing
C1416,RESTful APIs
C1417,Adversarial Training
C1418,Decentralized Autonomous Organizations (DAOs)
C1419,Negative Transfer
C1420,Lean Methodology
C1421,Visualization Tools
C1422,Question Answering Systems
C1423,Facial Recognition
C1424,Multi-Task Learning
C1425,Proof of Activity (PoA)
C1426,Clinical Trials
C1427,Data Analysis
C1428,Entity Linking
C1429,Leadership
C1430,Community Tokens
C1431,Zero Trust Security
C1432,D3.js
C1433,Microsoft Access
C1434,Ethereum Gas Fees
C1435,OPTICS
C1436,Blockchain Consensus Mechanisms
C1437,Statistical Analysis
C1438,Feature Importance
C1439,Prescriptive Analytics
C1440,Microsoft Excel
C1441,Music NFTs
C1442,Generative Adversarial Networks (GAN)
C1443,Rule-Based Models
C1444,Celebrities
C1445,Graph Partitioning
C1446,Exponential Distribution
C1447,Web Scraping
C1448,GitLab
C1449,Decentralized Finance (DeFi)
C1450,Warehouse Management
C1451,Trust Wallet
C1452,Semantic Web
C1453,Algorand
C1454,Data Engineering
C1455,Blockchain Platforms
C1456,Natural Language Processing (NLP)
C1457,Brute Force Attack
C1458,Decentralized Exchanges (DEXs)
C1459,Binance Wallet
C1460,Speech Recognition
C1461,Ethical Hacking
C1462,Linux
C1463,Android
C1464,Principal Component Analysis (PCA)
C1465,Model Deployment
C1466,Bellman-Ford Algorithm
C1467,Collectibles NFTs
C1468,Plasma
C1469,Decentralized Finance (DeFi)
C1470,Regression Analysis
C1471,Nervos
C1472,L1 Regularization
C1473,Cardano
C1474,Healthcare Data Analytics
C1475,Token Locking
C1476,Lognormal Distribution
C1477,Breadth-First Search (BFS)
C1478,Rollups
C1479,Procurement
C1480,Exodus Wallet
C1481,Presentation Skills
C1482,Ethereum Gas Fees
C1483,Part-of-Speech (POS) Tagging
C1484,Adobe XD
C1485,Healthcare Data Warehousing
C1486,Model Complexity
C1487,Kanban
C1488,Scikit-learn
C1489,Enterprise Resource Planning (ERP)
C1490,Question Answering
C1491,PRINCE2
C1492,Healthcare Data Warehousing
C1493,Exploratory Data Analysis (EDA)
C1494,Utility Tokens
C1495,Neural Architecture Search (NAS)
C1496,User Stories
C1497,Image Processing
C1498,Industrial Automation
C1499,Ripple
C1500,Stopword Removal
C1501,Bootstrap Aggregating
C1502,IoT Connectivity
C1503,Named Entity Recognition (NER)
C1504,Survival Analysis
C1505,Tron Virtual Machine (TVM)
C1506,Pruning
C1507,Object-Oriented Programming (OOP)
C1508,Natural Language Processing (NLP)
C1509,Delegated Proof of Stake (DPoS)
C1510,Cryptocurrency Wallets
C1511,XML
C1512,Ethereum
C1513,C#
C1514,Django
C1515,Blockchain Platforms
C1516,Data Cleaning
C1517,Endpoint Security
C1518,Dimensionality Reduction
C1519,Distribution Management
C1520,XGBoost
C1521,Continuous Deployment (CD)
C1522,Target Encoding
C1523,Data Interpretation
C1524,Graph Visualization
C1525,Quantitative Analysis
C1526,Neural Networks
C1527,Flexibility
C1528,Classification
C1529,Tron
C1530,Unsupervised Learning
C1531,Yield Optimizers
C1532,State Channels
C1533,Business Intelligence (BI)
C1534,Sketch
C1535,Predictive Analytics
C1536,Flexibility
C1537,Windows Server
C1538,Supervised Learning
C1539,Gradient Descent
C1540,DeFi Protocols
C1541,K-Fold Cross-Validation
C1542,Cloud Computing
C1543,Tezos
C1544,Home Automation
C1545,Web Application Security
C1546,Sales and Marketing Systems
C1547,Wallet APIs
C1548,Bag of Words (BoW)
C1549,Minimum Cut
C1550,Domain Names
C1551,Proof of Time (PoT)
C1552,Seaborn
C1553,SQL Injection
C1554,Label Encoding
C1555,Radiology Information System (RIS)
C1556,Word2Vec
C1557,Qualitative Research
C1558,Entity Linking
C1559,Home Automation
C1560,Independent Component Analysis (ICA)
C1561,Pandas
C1562,Chaincode
C1563,Markov Chains
C1564,Tokenization
C1565,L2 Regularization
C1566,Customer Service
C1567,Endpoint Security
C1568,SHAP
C1569,SVN
C1570,Corda
C1571,AJAX
C1572,DHCP
C1573,Ethereum 2.0
C1574,Depth-First Search (DFS)
C1575,Statistical Inference
C1576,Microsoft Azure
C1577,Recurrent Neural Networks (RNN)
C1578,Prescriptive Modeling
C1579,Predictive Modeling
C1580,Graph Algorithms
C1581,Object Detection
C1582,Randomized Controlled Trials (RCTs)
C1583,SQL
C1584,Relation Extraction
C1585,Scrum
C1586,Prescriptive Analytics
C1587,Ontologies
C1588,Stratified Cross-Validation
C1589,Named Entity Recognition (NER)
C1590,Public Key Infrastructure (PKI)
C1591,SSL/TLS
C1592,Logistics Management
C1593,Token Migration
C1594,Token Swap
C1595,Digital Art
C1596,Nanorobotics
C1597,Transformer Models
C1598,Non-Fungible Tokens (NFTs)
C1599,D3.js
C1600,Initial Coin Offerings (ICOs)
C1601,Generative Adversarial Networks (GANs)
C1602,Digital Imaging and Communications in Medicine (DICOM)
C1603,AJAX
C1604,Decentralized Insurance (DeFi)
C1605,Functional Programming
C1606,Regression Analysis
C1607,Sybil Resistance
C1608,Cryptocurrency Wallets
C1609,Fleet Management
C1610,System Administration
C1611,Private Keys
C1612,Cryptography
C1613,Proof of Elapsed Time (PoET)
C1614,Interpretable Models
C1615,Cybersecurity
C1616,Cross-Site Request Forgery (CSRF)
C1617,Buffer Overflow
C1618,Ensemble Learning
C1619,Proof of Capacity (PoC)
C1620,Web Application Security
C1621,Geographic Information Systems (GIS)
C1622,Feature Engineering
C1623,Supervisory Control and Data Acquisition (SCADA)
C1624,Liquidity Pools
C1625,VMware
C1626,Eigenvalues and Eigenvectors
C1627,Mobile Development
C1628,Digital Collectibles
C1629,Global Positioning System (GPS)
C1630,JavaScript
C1631,Object-Oriented Programming (OOP)
C1632,DBSCAN
C1633,Image Processing
C1634,Underfitting
C1635,Clinical Trials
C1636,Automatic Speech Recognition (ASR)
C1637,Route Optimization
C1638,Energy Automation
C1639,Artificial Intelligence (AI)
C1640,Ripple
C1641,Kruskal's Algorithm
C1642,Agile Methodologies
C1643,Protocol Tokens
C1644,Yield Aggregators
C1645,Speech Synthesis
C1646,Feature Engineering
C1647,Leadership
C1648,Deep Learning
C1649,Word2Vec
C1650,Security Compliance
C1651,Web Wallets
C1652,Genetic Algorithms
C1653,Distributed Control Systems (DCS)
C1654,Apache Kafka
C1655,Configuration Management
C1656,Graph Visualization
C1657,Model Selection
C1658,Dimensionality Reduction
C1659,Web Application Security
C1660,Unsupervised Learning
C1661,Exodus Wallet
C1662,Zero Trust Security
C1663,Data Analysis
C1664,Object Recognition
C1665,Hypothesis Testing
C1666,Security Operations Center (SOC)
C1667,Artificial Intelligence (AI)
C1668,Cluster Analysis
C1669,Healthcare IoT
C1670,Model Evaluation
C1671,CSS
C1672,PMI
C1673,Feature Engineering
C1674,Service-Level Agreements (SLAs)
C1675,Backup and Restore
C1676,Language Translation
C1677,JavaScript
C1678,Proof of Space (PoSpace)
C1679,SSL/TLS
C1680,Technical Support
C1681,Computer Vision
C1682,Proof of Weight (PoWeight)
C1683,Payment Channels
C1684,Medical Informatics
C1685,Business Analytics
C1686,Word2Vec
C1687,Cryptography
C1688,Depth-First Search (DFS)
C1689,Data Pipelines
C1690,Entity Resolution
C1691,Virtualization
C1692,FTP/SFTP
C1693,Blockchain Scalability
C1694,Desktop Wallets
C1695,Semantic Web
C1696,Non-Fungible Tokens (NFTs)
C1697,Healthcare Informatics
C1698,Metabolomics
C1699,Eigenvector Centrality
C1700,Cold Wallets
C1701,Graph Representation Learning
C1702,Text Classification
C1703,Remote Sensing
C1704,Ordinal Encoding
C1705,IBM Cloud
C1706,Blockchain Consensus Mechanisms
C1707,JSON Web Tokens
C1708,Journey Mapping
C1709,Domain Adaptation
C1710,Social Engineering
C1711,Polkadot
C1712,Transfer Learning
C1713,Proof of Work (PoW)
C1714,Question Answering Systems
C1715,Katz Centrality
C1716,Graph Neural Networks (GNNs)
C1717,Token Wallets
C1718,Business Intelligence (BI)
C1719,JavaScript
C1720,Public Key Infrastructure (PKI)
C1721,Tokenization
C1722,Interaction Design
C1723,Data Visualization
C1724,Supervisory Control and Data Acquisition (SCADA)
C1725,Technical Writing
C1726,Yield Optimizers
C1727,Ledger Wallet
C1728,Batch Normalization
C1729,Knowledge Distillation
C1730,Desktop Wallets
C1731,Standardization
C1732,Object Recognition
C1733,Rollups
C1734,Tokenization
C1735,Presentation Skills
C1736,Hypothesis Testing
C1737,Token Distribution
C1738,Music NFTs
C1739,Prescriptive Modeling
C1740,Medical Imaging
C1741,Single Sign-On (SSO)
C1742,Prototyping Tools
C1743,Django
C1744,Manufacturing Execution Systems (MES)
C1745,NEO Virtual Machine (NEOVM)
C1746,Geocoding
C1747,Machine Learning
C1748,Natural Language Understanding (NLU)
C1749,Descriptive Analytics
C1750,Natural Language Processing (NLP)
C1751,MT5
C1752,Sequential Pattern Mining
C1753,Git
C1754,Threat Intelligence
C1755,Supply Chain Management (SCM)
C1756,Feature Selection
C1757,AdaBoost
C1758,Conflict Resolution
C1759,Liquidity Pools
C1760,Confidence Intervals
C1761,Tokenized Assets
C1762,Accounting and Finance Systems
C1763,Utility Tokens
C1764,Tokenization
C1765,Natural Language Processing (NLP)
C1766,Vendor Management
C1767,Multivariate Testing
C1768,Supply Chain IoT
C1769,Normal Distribution
C1770,Evolution Strategies
C1771,Assistive Robotics
C1772,Virtual Land NFTs
C1773,Confidence Intervals
C1774,Cryptocurrency
C1775,Medical Robotics
C1776,Teamwork
C1777,Geocoding
C1778,Proof of Stake (PoS)
C1779,Fuzzy Clustering
C1780,OAuth
C1781,Normalization
C1782,Asset-Backed Tokens
C1783,Semi-Supervised Learning
C1784,Asynchronous Advantage Actor-Critic (A3C)
C1785,Graph Querying
C1786,Troubleshooting
C1787,Test-Driven Development (TDD)
C1788,Zero Trust Security
C1789,Database Design
C1790,ERC-721
C1791,Relation Extraction
C1792,Layer 2 Scaling Solutions
C1793,Linear Models
C1794,Healthcare IoT
C1795,Digital Imaging and Communications in Medicine (DICOM)
C1796,Web Security
C1797,DDoS Attack
C1798,Text Summarization
C1799,Elasticsearch
C1800,Freight Management
C1801,SHAP
C1802,Clinical Trials
C1803,Microsoft Access
C1804,Decentralized Finance (DeFi)
C1805,Proof of Authority (PoA)
C1806,Liquidity Incentives
C1807,Off-Chain Governance
C1808,Sequence-to-Sequence (Seq2Seq)
C1809,Machine Learning
C1810,Business Intelligence (BI)
C1811,Regression Analysis
C1812,Monte Carlo Simulation
C1813,Seed Phrases
C1814,PRINCE2
C1815,Asset Tracking
C1816,AJAX
C1817,Knowledge Representation
C1818,Deep Learning
C1819,Ant Colony Optimization (ACO)
C1820,Transfer Learning
C1821,Cross-Chain Communication
C1822,Chi-Square Test
C1823,Cryptocurrency
C1824,Model Distillation
C1825,Feature Engineering
C1826,Supervised Learning
C1827,Feature Engineering
C1828,One-Hot Encoding
C1829,Robotic Surgery
C1830,Maximum Flow
C1831,Bootstrapping
C1832,Pandas
C1833,Graph Traversal Algorithms
C1834,Domain Adaptation
C1835,IoT Platforms
C1836,Predictive Analytics
C1837,Cosmos
C1838,Token Locking
C1839,Text Generation
C1840,Graph Compression
C1841,Code Review
C1842,Cloud Computing
C1843,Speech-to-Text (STT)
C1844,Geographic Data Visualization
C1845,Data Normalization
C1846,Network Monitoring
C1847,Gantt Chart
C1848,Material-UI
C1849,PMI
C1850,Deep Q-Networks (DQN)
C1851,Part-of-Speech (POS) Tagging
C1852,Multi-Task Learning
C1853,Continuous Integration (CI)
C1854,GraphQL
C1855,Hot Wallets
C1856,Cryptography
C1857,Ethereum Virtual Machine (EVM)
C1858,Data Structures
C1859,Web Security
C1860,Tokenized Assets
C1861,Telematics
C1862,Bellman-Ford Algorithm
C1863,Wallet SDKs
C1864,Predictive Analytics
C1865,Statistical Inference
C1866,Supervised Learning
C1867,Supply Chain Management (SCM)
C1868,Medical Image Analysis
C1869,Probability Theory
C1870,Logistics IoT
C1871,Layer 2 Scaling Solutions
C1872,Gaming NFTs
C1873,ERC-1155
C1874,Logistic Regression
C1875,Cardano
C1876,RDF
C1877,Few-Shot Learning
C1878,Firewall
C1879,Visual Design
C1880,Smart Contract Security
C1881,Word2Vec
C1882,Topological Sorting
C1883,Initial Coin Offerings (ICOs)
C1884,Self-Sovereign Identity (SSI)
C1885,Model Complexity
C1886,Web3 Wallets
C1887,Decentralized Finance (DeFi) Wallets
C1888,Proof of Time (PoT)
C1889,Payment Channels
C1890,OPTICS
C1891,Design Patterns
C1892,Smart Contract Security
C1893,Object-Oriented Programming (OOP)
C1894,Yield Farming
C1895,Numerical Methods
C1896,Token Standards
C1897,Self-Play
C1898,Embedding
C1899,Firebase
C1900,Trust Wallet
C1901,Model Interpretability
C1902,Derivatives Platforms
C1903,Rollups
C1904,Six Sigma
C1905,Decentralized Exchanges (DEXs)
C1906,Adobe Creative Cloud
C1907,Graph Traversal Algorithms
C1908,Data Augmentation
C1909,Virtual Land NFTs
C1910,Strongly Connected Components
C1911,Transfer Learning
C1912,Dialogue Systems
C1913,Tokenization
C1914,Scikit-learn
C1915,Graph Sampling
C1916,Celebrities
C1917,OAuth2
C1918,Governance Tokens
C1919,Warehouse Management
C1920,Serverless Architecture
C1921,Model Evaluation
C1922,Network Effects
C1923,Agricultural IoT
C1924,Patient Monitoring Systems
C1925,Deep Q-Networks (DQN)
C1926,SMTP
C1927,Hibernate
C1928,Patient Monitoring Systems
C1929,ERC-721
C1930,Graph Matching
C1931,Decision Trees
C1932,Question Answering
C1933,Topological Sorting
C1934,AdaBoost
C1935,Flash Loans
C1936,Dropout Regularization
C1937,Token Migration
C1938,Logistic Regression
C1939,Payment Channels
C1940,Deep Learning
C1941,Graph Neural Networks (GNNs)
C1942,Capacity Management
C1943,Agricultural IoT
C1944,Django
C1945,Emotion Recognition
C1946,Meta-Learning
C1947,Fractional Ownership Tokens
C1948,Bayesian Optimization
C1949,MVC Architecture
C1950,Cosmos
C1951,Decentralized Finance (DeFi)
C1952,Facial Recognition
C1953,Transportation Management
C1954,Resilience
C1955,Algorithms
C1956,Knowledge Graphs
C1957,t-Distributed Stochastic Neighbor Embedding (t-SNE)
C1958,Freight Management
C1959,Remote Support
C1960,Security Token Offerings (STOs)
C1961,Healthcare Data Visualization
C1962,Healthcare Data Visualization
C1963,Governance Tokens
C1964,Survey Design
C1965,Question Answering
C1966,Data Transformation
C1967,Decentralized Finance (DeFi) Wallets
C1968,Closed Source Wallets
C1969,IT Infrastructure
C1970,Token Burn
C1971,Knowledge Distillation
C1972,Uniform Manifold Approximation and Projection (UMAP)
C1973,Interpretable Models
C1974,Layer 1 Scaling Solutions
C1975,Big Data Analytics
C1976,Production Planning
C1977,Collectibles NFTs
C1978,Sharding
C1979,Delegated Proof of Stake (DPoS)
C1980,Graph Visualization
C1981,Internet of Things (IoT)
C1982,User Experience Design
C1983,Database Design
C1984,Speech-to-Text (STT)
C1985,Ethereum
C1986,Strongly Connected Components
C1987,Occam's Razor
C1988,EOSIO
C1989,Non-Fungible Tokens (NFTs)
C1990,Telematics
C1991,Feature Importance
C1992,Distributed Control Systems (DCS)
C1993,Graph Analytics
C1994,Gradient Descent
C1995,Manufacturing Execution Systems (MES)
C1996,Transfer Learning
C1997,Cryptocurrency
C1998,Graph Coloring
C1999,Natural Language Processing (NLP)
