Candidate ID,Skills
C1000,Supervisory Control and Data Acquisition (SCADA)
C1001,Procurement
C1002,Session Hijacking
C1003,Part-of-Speech (POS) Tagging
C1004,Scrum Master
C1005,Stakeholder Management
C1006,Data Modeling
C1007,InVision
C1008,Reinforcement Learning
C1009,PMI
C1010,Graph Clustering
C1011,Model-Based Optimization
C1012,Zero Trust Security
C1013,Transfer Learning
C1014,PostgreSQL
C1015,Real Estate NFTs
C1016,Geographic Data Visualization
C1017,Generative Adversarial Networks (GANs)
C1018,Heroku
C1019,Model Generalization
C1020,OWL
C1021,Split Testing
C1022,Simulation
C1023,Graph Algorithms
C1024,Affinity Propagation
C1025,Distributed Control Systems (DCS)
C1026,Personal Health Records (PHR)
C1027,Linux
C1028,Public Keys
C1029,Hypothesis Testing
C1030,Health Information System (HIS)
C1031,Monte Carlo Tree Search (MCTS)
C1032,Self-Management
C1033,FastText
C1034,Community Tokens
C1035,Database Design
C1036,Connected Cars
C1037,Deep Reinforcement Learning
C1038,Neuroevolution
C1039,Proof of Importance (PoI)
C1040,Zero Trust Security
C1041,Tokenomics
C1042,Data Mining
C1043,Feature Importance
C1044,RDF
C1045,Vue.js
C1046,Heuristic Evaluation
C1047,Proof of Trust (PoT)
C1048,ERC-721
C1049,Security Tokens
C1050,Blockchain
C1051,Attention Mechanism
C1052,PRINCE2
C1053,PERT
C1054,Sequence-to-Sequence (Seq2Seq)
C1055,Desktop Wallets
C1056,Virtual Real Estate
C1057,Yield Farming
C1058,Azure
C1059,GDPR
C1060,Bias-Variance Tradeoff
C1061,Recurrent Neural Networks (RNN)
C1062,Open Source Wallets
C1063,MetaMask
C1064,Inferential Statistics
C1065,SQL
C1066,High Availability
C1067,Token Distribution
C1068,Containerization
C1069,Survival Analysis
C1070,Neural Architecture Search (NAS)
C1071,Building Management Systems (BMS)
C1072,Interpretable Models
C1073,Naive Bayes
C1074,Word Embeddings
C1075,Supply Chain Collaboration
C1076,Interaction Design
C1077,Drug Discovery
C1078,Sidechains
C1079,Minimum Spanning Tree
C1080,Prim's Algorithm
C1081,Factor Analysis
C1082,IoT Connectivity
C1083,Logistics Optimization
C1084,Lemmatization
C1085,Graph Visualization
C1086,Full Stack Development
C1087,Altcoin Wallets
C1088,Community Detection
C1089,L1 Regularization
C1090,Hash Encoding
C1091,Heroku
C1092,Principal Component Analysis (PCA)
C1093,Blockchain Oracles
C1094,Knowledge Graph Completion
C1095,User Interface Design
C1096,Principal Component Analysis (PCA)
C1097,Flash Loans
C1098,Design Patterns
C1099,Public Health Informatics
C1100,Decentralized Finance (DeFi)
C1101,Cross-Chain Communication
C1102,Sales and Marketing Systems
C1103,Medical Imaging
C1104,Token Locking
C1105,Stemming
C1106,Big Data
C1107,Self-Motivation
C1108,Clickjacking
C1109,Ethereum Wallets
C1110,Non-Fungible Tokens (NFTs)
C1111,FP-Growth Algorithm
C1112,Hypothesis Testing
C1113,Digital Imaging and Communications in Medicine (DICOM)
C1114,Yield Optimizers
C1115,Power BI
C1116,Linear Regression
C1117,Dimensionality Reduction
C1118,Object Recognition
C1119,Blockchain Oracles
C1120,Data Interpretation
C1121,Color Theory
C1122,Support Vector Machines (SVM)
C1123,IoT Data Analytics
C1124,Convolutional Neural Networks (CNN)
C1125,Bellman-Ford Algorithm
C1126,Intrusion Detection System (IDS)
C1127,Process Automation
C1128,Lasso Regression
C1129,Heroku
C1130,Estimation of Distribution Algorithms (EDA)
C1131,Clickjacking
C1132,Automated Market Makers (AMMs)
C1133,One-Hot Encoding
C1134,Desktop Wallets
C1135,Deep Learning
C1136,Vector Calculus
C1137,Liquidity Incentives
C1138,Rule-Based Models
C1139,Correlation Analysis
C1140,Hyper-V
C1141,Policy Gradient Methods
C1142,Document Indexing
C1143,Laboratory Information System (LIS)
C1144,Token Economics
C1145,Attention to Detail
C1146,Stakeholder Management
C1147,Neural Machine Translation (NMT)
C1148,Scheduling
C1149,Firebase
C1150,Atomic Wallet
C1151,Tokenization
C1152,Knowledge Representation
C1153,Transfer Learning
C1154,Backup and Restore
C1155,Leadership
C1156,Underfitting
C1157,Cross-Validation
C1158,Change Management
C1159,Link Prediction
C1160,PostgreSQL
C1161,Proof of Capacity (PoC)
C1162,t-Distributed Stochastic Neighbor Embedding (t-SNE)
C1163,Descriptive Analytics
C1164,Word2Vec
C1165,Analytical Skills
C1166,Naive Bayes
C1167,Proof of Elapsed Time (PoET)
C1168,Text-to-Speech (TTS)
C1169,Order Management
C1170,Classification
C1171,Few-Shot Learning
C1172,Knowledge Graphs
C1173,Infrastructure as Code (IaC)
C1174,Ensemble Learning
C1175,Geographic Data Visualization
C1176,Sentiment Analysis
C1177,GraphQL
C1178,Cross-Chain Communication
C1179,Singular Value Decomposition (SVD)
C1180,Data Visualization
C1181,Particle Swarm Optimization (PSO)
C1182,Cross-Site Request Forgery (CSRF)
C1183,Speech-to-Text (STT)
C1184,Bayesian Optimization
C1185,Unix
C1186,Speech Synthesis
C1187,Warehouse Management
C1188,Healthcare Informatics
C1189,Node Classification
C1190,Wireframe Tools
C1191,Retail IoT
C1192,Data Engineering
C1193,User Experience Design
C1194,jQuery
C1195,Dialogue Systems
C1196,Temporal Difference Learning
C1197,Fuzzy Clustering
C1198,Hash Encoding
C1199,Feature Scaling
C1200,Underfitting
C1201,EOS
C1202,Apriori Algorithm
C1203,Picture Archiving Communication System (PACS)
C1204,Deep Learning
C1205,Data Pipelines
C1206,Web Application Security
C1207,Vyper
C1208,Energy Management Systems (EMS)
C1209,Dialogue Systems
C1210,Warehouse Management
C1211,Dialogue Systems
C1212,Occam's Razor
C1213,Document Classification
C1214,Few-Shot Learning
C1215,Support Vector Machines (SVM)
C1216,Data Transformation
C1217,Routing and Logistics
C1218,Feature Selection
C1219,Music NFTs
C1220,HTTP/HTTPS
C1221,Interpersonal Skills
C1222,Data Cleaning
C1223,Policy Gradient Methods
C1224,Data Collection
C1225,OWASP Top 10
C1226,Active Learning
C1227,Proof of Concept (PoC)
C1228,Real Estate
C1229,K-Means Clustering
C1230,Sports Teams
C1231,Facial Recognition
C1232,Yield Farming
C1233,Demand Forecasting
C1234,Occam's Razor
C1235,Gradient Descent
C1236,Natural Language Processing (NLP)
C1237,Balsamiq
C1238,Underfitting
C1239,Statistical Software
C1240,Affinity Propagation
C1241,NumPy
C1242,Bootstrap Aggregating
C1243,Uniform Manifold Approximation and Projection (UMAP)
C1244,Product Owner
C1245,Token Wallets
C1246,Asynchronous Advantage Actor-Critic (A3C)
C1247,Buffer Overflow
C1248,Git
C1249,Business Intelligence (BI)
C1250,Web Scraping
C1251,Ethereum 2.0
C1252,Energy Management Systems (EMS)
C1253,One-Hot Encoding
C1254,Transformer Models
C1255,Real Estate NFTs
C1256,Bootstrapping
C1257,Linux
C1258,Attention Mechanism
C1259,Apache Kafka
C1260,Web Security
C1261,Normal Distribution
C1262,Zeplin
C1263,Node.js
C1264,Model-Free Optimization
C1265,Decentralized Finance (DeFi) Wallets
C1266,Bayesian Optimization
C1267,Bagging
C1268,Graph Convolutional Networks (GCNs)
C1269,Algorand
C1270,t-Distributed Stochastic Neighbor Embedding (t-SNE)
C1271,Containerization
C1272,Remote Sensing
C1273,Hyperparameter Optimization
C1274,Feature Importance
C1275,Ethical Hacking
C1276,Network Administration
C1277,Security Compliance
C1278,Independent Component Analysis (ICA)
C1279,Phishing
C1280,Manufacturing Execution Systems (MES)
C1281,Smart Contract Platforms
C1282,Ethereum
C1283,Problem-Solving
C1284,Fleet Management
C1285,Desktop Support
C1286,Condition Monitoring
C1287,SCADA Systems
C1288,Algorand
C1289,Descriptive Analytics
C1290,Word2Vec
C1291,Ethereum Gas Fees
C1292,Optimization
C1293,Monte Carlo Tree Search (MCTS)
C1294,BERT
C1295,Identity Verification
C1296,Bagging
C1297,Web Application Security
C1298,Linear Regression
C1299,MySQL
C1300,Home Automation
C1301,Security Information and Event Management (SIEM)
C1302,NoSQL
C1303,Markov Chains
C1304,Web Development
C1305,Persona Creation
C1306,Key Performance Indicators (KPIs)
C1307,Hierarchical Clustering
C1308,Descriptive Modeling
C1309,Web3
C1310,OWL
C1311,Behavior-Driven Development (BDD)
C1312,Proof of Elapsed Time (PoET)
C1313,Experimental Design
C1314,Betweenness Centrality
C1315,Assistive Robotics
C1316,Inventory Optimization
C1317,Centrality Measures
C1318,Web Scraping
C1319,Supervisory Control and Data Acquisition (SCADA)
C1320,Altcoin Wallets
C1321,Feature Extraction
C1322,Language Identification
C1323,Resilience
C1324,ElasticNet Regression
C1325,FP-Growth Algorithm
C1326,Asynchronous Advantage Actor-Critic (A3C)
C1327,Phishing
C1328,Segmentation
C1329,BERT
C1330,Independent Component Analysis (ICA)
C1331,AJAX
C1332,Liquidity Mining
C1333,Usability Testing
C1334,Help Desk Support
C1335,Desktop Support
C1336,Logistics Optimization
C1337,Initial Coin Offerings (ICOs)
C1338,Katz Centrality
C1339,Supply Chain Optimization
C1340,Change Management
C1341,K-Means Clustering
C1342,Visual Design
C1343,Token Vesting
C1344,Yield Farming Aggregators
C1345,Healthcare Technology
C1346,Split Testing
C1347,Open Source Wallets
C1348,Liquidity Pools
C1349,Scrum
C1350,Node.js
C1351,FP-Growth Algorithm
C1352,C#
C1353,Derivatives Platforms
C1354,JWT
C1355,Help Desk Support
C1356,Segmentation
C1357,Description Logics
C1358,Knowledge Representation
C1359,Cardano
C1360,JWT
C1361,Descriptive Statistics
C1362,Deep Learning
C1363,Apriori Algorithm
C1364,All Pairs Shortest Path
C1365,Text Summarization
C1366,Intrusion Prevention System (IPS)
C1367,Interviewing
C1368,PMBOK
C1369,Amazon Web Services
C1370,Supply Chain Risk Management
C1371,Statistical Analysis
C1372,Autoencoders
C1373,Healthcare Technology
C1374,Manufacturing IoT
C1375,Frontend Development
C1376,Ordinal Encoding
C1377,Layer 2 Scaling Solutions
C1378,A/B Testing
C1379,Hadoop
C1380,Layer 2 Solutions
C1381,Linear Models
C1382,Tokenomics
C1383,Intrusion Detection System (IDS)
C1384,Sidechains
C1385,Smart Contract Security
C1386,Mean Shift
C1387,Token Buyback
C1388,Intellectual Property
C1389,Supervised Learning
C1390,Interaction Design
C1391,Data Oracles
C1392,Matrix Manipulation
C1393,Partial Dependence Plots
C1394,Off-Chain Governance
C1395,Connected Components
C1396,Decentralized Exchanges (DEXs)
C1397,k-Nearest Neighbors (k-NN)
C1398,PostgreSQL
C1399,Crypto Wallets
C1400,Semi-Supervised Learning
C1401,Axure RP
C1402,Python
C1403,Object Recognition
C1404,Proteomics
C1405,Model Selection
C1406,Prioritization
C1407,Artificial Intelligence (AI)
C1408,Principal Component Analysis (PCA)
C1409,Decentralized Exchanges (DEXs)
C1410,Object Detection
C1411,Meta-Learning
C1412,Decentralized Stablecoins
C1413,On-Chain Governance
C1414,Typography
C1415,Overfitting
C1416,Git
C1417,Support Vector Machines (SVM)
C1418,Ripple
C1419,IoT Devices
C1420,Sentiment Analysis
C1421,Naive Bayes
C1422,SPARQL
C1423,Journey Mapping
C1424,Algorithmic Stablecoins
C1425,Descriptive Statistics
C1426,Cluster Analysis
C1427,Ethereum
C1428,Least Squares
C1429,Quantization
C1430,Full Stack Development
C1431,jQuery
C1432,Tokenomics
C1433,Breadth-First Search (BFS)
C1434,Statistical Software
C1435,Moqups
C1436,Reinforcement Learning
C1437,Adobe XD
C1438,C++
C1439,Recurrent Neural Networks (RNN)
C1440,Staking Wallets
C1441,Decentralized Finance (DeFi)
C1442,ERC-1155
C1443,Part-of-Speech (POS) Tagging
C1444,Vulnerability Assessment
C1445,Cold Wallets
C1446,Root Cause Analysis (RCA)
C1447,Blockchain Interoperability
C1448,Responsive Design
C1449,Communication Skills
C1450,Layer 1 Scaling Solutions
C1451,Semi-Supervised Learning
C1452,Q-Learning
C1453,Logistic Regression
C1454,Blockchain Consensus Mechanisms
C1455,Predictive Maintenance
C1456,SMTP
C1457,Neural Networks
C1458,Communication Skills
C1459,OPTICS
C1460,MapReduce
C1461,Feature Engineering
C1462,Blockchain Oracles
C1463,Community Detection
C1464,Currency Tokens
C1465,Threat Intelligence
C1466,Data Engineering
C1467,ITIL
C1468,Ontologies
C1469,Frequency Encoding
C1470,Reinforcement Learning
C1471,Wearable Devices
C1472,Unsupervised Learning
C1473,Recurrent Neural Networks (RNN)
C1474,Voting
C1475,Graph Neural Networks (GNNs)
C1476,Decentralized Oracles
C1477,Web3 Wallets
C1478,Proof of Authority (PoA)
C1479,Estimation of Distribution Algorithms (EDA)
C1480,Waterfall Methodology
C1481,Contract Management
C1482,Warehouse Management
C1483,Problem Management
C1484,Holdout Validation
C1485,Logistic Regression
C1486,Affinity Propagation
C1487,Time-Series Cross-Validation
C1488,Minimum Spanning Tree
C1489,Floyd-Warshall Algorithm
C1490,Information Architecture
C1491,Simulation
C1492,Gantt Chart
C1493,Clickjacking
C1494,Vector Calculus
C1495,Solidity
C1496,Windows Server
C1497,Regression Analysis
C1498,Blockchain Technology
C1499,Computerized Physician Order Entry (CPOE)
C1500,Prediction Markets
C1501,Document Clustering
C1502,Nursing Informatics
C1503,AJAX
C1504,Interpretable Neural Networks
C1505,Industrial Automation
C1506,Web Scraping
C1507,Affinity Propagation
C1508,k-Nearest Neighbors (k-NN)
C1509,Decentralized Finance (DeFi)
C1510,Cryptography
C1511,Bagging
C1512,Data Engineering
C1513,Bootstrap
C1514,Statistical Inference
C1515,Kanban
C1516,Stellar
C1517,Link Prediction
C1518,Lognormal Distribution
C1519,Proof of Activity (PoA)
C1520,Document Similarity
C1521,IoT Solutions
C1522,Tezos
C1523,Data Analysis
C1524,Scheduling
C1525,T5
C1526,Pareto Distribution
C1527,Description Logics
C1528,Sports NFTs
C1529,DeFi Protocols
C1530,Hardware Wallets
C1531,NumPy
C1532,Fractional Ownership Tokens
C1533,Evolution Strategies
C1534,Icon Design
C1535,IoT Sensors
C1536,Causal Inference
C1537,Computer Vision
C1538,Natural Language Understanding (NLU)
C1539,Smart Contracts
C1540,Ridge Regression
C1541,Ensemble Learning
C1542,Hospital Information System (HIS)
C1543,Graph Matching
C1544,Business Continuity Planning (BCP)
C1545,Principal Component Analysis (PCA)
C1546,Neural Networks
C1547,Binomial Distribution
C1548,DNS
C1549,Handwriting Recognition
C1550,Sketch
C1551,Electronic Medical Records (EMR)
C1552,Active Learning
C1553,SVN
C1554,Security Incident Response
C1555,Security Incident Response
C1556,Predictive Maintenance
C1557,Neural Networks
C1558,Exodus Wallet
C1559,Chi-Square Test
C1560,Neural Networks
C1561,Ethereum Gas Fees
C1562,MT5
C1563,PCI DSS
C1564,Transformer
C1565,Single Sign-On (SSO)
C1566,Clustering
C1567,Spring
C1568,Graph Database
C1569,Least Squares
C1570,Supply Chain Management (SCM)
C1571,Text Classification
C1572,Telematics
C1573,Autoencoders
C1574,Speech Recognition
C1575,Hospital Information System (HIS)
C1576,Capsule Networks
C1577,Patch Management
C1578,Multi-Armed Bandit
C1579,Supply Chain IoT
C1580,Vulnerability Assessment
C1581,Tokenized Securities
C1582,Rollups
C1583,Custodial Wallets
C1584,Named Entity Recognition (NER)
C1585,Batch Normalization
C1586,Prototyping
C1587,Docker
C1588,Load Balancing
C1589,Topic Modeling
C1590,Java
C1591,Object-Oriented Programming (OOP)
C1592,Token Swap
C1593,Android
C1594,Cosmos
C1595,Business Intelligence (BI)
C1596,Ruby on Rails
C1597,Natural Language Understanding (NLU)
C1598,Health Information System (HIS)
C1599,Graph Coloring
C1600,Ensemble Learning
C1601,HTML
C1602,On-Chain Governance
C1603,Long Short-Term Memory (LSTM)
C1604,Geocoding
C1605,Time Management
C1606,Graph Compression
C1607,Survival Analysis
C1608,Metaverse NFTs
C1609,Biological Data Analysis
C1610,BERT
C1611,Internet of Things (IoT)
C1612,Secure Coding Practices
C1613,Spring
C1614,Entity Linking
C1615,Technical Support
C1616,API Documentation
C1617,Sentiment Analysis
C1618,Graph Neural Networks (GNNs)
C1619,Distributed Ledger Technology (DLT)
C1620,Telematics
C1621,Routing and Logistics
C1622,Hospital Information System (HIS)
C1623,Genetic Algorithms
C1624,Layer 2 Solutions
C1625,Transportation Management
C1626,Policy Gradient Methods
C1627,Graph Visualization
C1628,Internet of Things (IoT)
C1629,Medical Imaging
C1630,Kubernetes
C1631,Digital Wallets
C1632,Computer Vision
C1633,Sharding
C1634,Minimum Spanning Tree
C1635,Predictive Maintenance
C1636,Graph Reconstruction
C1637,Blockchain Interoperability
C1638,Gaming Assets
C1639,Algorithms
C1640,Strongly Connected Components
C1641,Model-Free Optimization
C1642,Individual Conditional Expectation (ICE) Plots
C1643,Clinical Trials
C1644,jQuery
C1645,Wireframing
C1646,Healthcare Informatics
C1647,Delegated Proof of Stake (DPoS)
C1648,AJAX
C1649,ERC-721
C1650,Service-Level Agreements (SLAs)
C1651,Power BI
C1652,Model Selection
C1653,Lasso Regression
C1654,Covariance Matrix Adaptation Evolution Strategy (CMA-ES)
C1655,Algorithms
C1656,Borrowing Platforms
C1657,Decentralized Autonomous Organizations (DAOs)
C1658,D3.js
C1659,Seaborn
C1660,C#
C1661,Transfer Learning
C1662,Rehabilitation Robotics
C1663,jQuery
C1664,Buffer Overflow
C1665,Minimum Cut
C1666,Speaker Diarization
C1667,Zero-Shot Learning
C1668,Language Generation
C1669,Network Effects
C1670,Public Keys
C1671,Initial Coin Offerings (ICOs)
C1672,Power BI
C1673,Token Standards
C1674,Android
C1675,Ruby
C1676,Graph Neural Networks (GNNs)
C1677,Confluence
C1678,Django
C1679,Binomial Distribution
C1680,Nanorobotics
C1681,Ethereum 2.0
C1682,Document Clustering
C1683,Decentralized Identity (DID)
C1684,Data Analysis
C1685,Currency Tokens
C1686,Blockchain Consensus Mechanisms
C1687,Utility Tokens
C1688,Network Effects
C1689,Gated Recurrent Unit (GRU)
C1690,Derivatives Platforms
C1691,DBSCAN
C1692,Ordinal Encoding
C1693,Confluence
C1694,Smart Contract Platforms
C1695,Power BI
C1696,Data Visualization
C1697,PyTorch
C1698,Apriori Algorithm
C1699,Earned Value Management (EVM)
C1700,Data Wrangling
C1701,Vendor Management
C1702,Pandas
C1703,Text Generation
C1704,FTP/SFTP
C1705,Blockchain Consensus Mechanisms
C1706,Adversarial Training
C1707,Single Sign-On (SSO)
C1708,Load Balancing
C1709,HTTP/HTTPS
C1710,Relation Extraction
C1711,IoT Platforms
C1712,Atomic Wallet
C1713,Speaker Diarization
C1714,Custodial Wallets
C1715,FP-Growth Algorithm
C1716,Data Presentation
C1717,Service-Level Agreements (SLAs)
C1718,Event Oracles
C1719,Conversational Agents
C1720,JIRA
C1721,Clinical Trials
C1722,Payment Channels
C1723,Non-Fungible Tokens (NFTs)
C1724,Drug Discovery
C1725,Proof of Capacity (PoC)
C1726,Model-Free Optimization
C1727,Community Detection
C1728,Smart Grid
C1729,Node.js
C1730,Rollups
C1731,Project Management
C1732,Gantt Chart
C1733,RESTful APIs
C1734,Reinforcement Learning
C1735,Yield Aggregators
C1736,Film Rights
C1737,Rollups
C1738,Containerization
C1739,JSON Web Tokens
C1740,Clustering
C1741,Description Logics
C1742,Natural Language Understanding (NLU)
C1743,Kanban
C1744,Document Indexing
C1745,Speech Recognition
C1746,Degree Centrality
C1747,Public Key Infrastructure (PKI)
C1748,Firewall
C1749,Personalized Medicine
C1750,Deep Reinforcement Learning
C1751,Telematics
C1752,Decentralized Finance (DeFi) Oracles
C1753,Sentiment Analysis
C1754,Machine Learning Algorithms
C1755,Fleet Management
C1756,Problem Management
C1757,Apriori Algorithm
C1758,Centrality Measures
C1759,Ripple
C1760,Rehabilitation Robotics
C1761,Vulnerability Assessment
C1762,Model-Free Optimization
C1763,Liquidity Pools
C1764,Token Burn
C1765,Interviewing
C1766,Mean Shift
C1767,Token Burn
C1768,SQL
C1769,Token Airdrop
C1770,Risk Management
C1771,Model Compression
C1772,Logistics Management
C1773,Poisson Distribution
C1774,Medical Image Analysis
C1775,Web Security
C1776,Interpretable Neural Networks
C1777,Optimization Algorithms
C1778,Cross-Validation
C1779,Logistics Management
C1780,Android
C1781,Nanorobotics
C1782,Descriptive Analytics
C1783,Yield Optimizers
C1784,Microsoft Excel
C1785,Illustration
C1786,Binary Encoding
C1787,Community Tokens
C1788,Graph Neural Networks (GNNs)
C1789,Predictive Maintenance
C1790,Time-Series Cross-Validation
C1791,Elasticsearch
C1792,Information Retrieval (IR)
C1793,Global Positioning System (GPS)
C1794,Building Management Systems (BMS)
C1795,Interviewing
C1796,Healthcare Data Mining
C1797,Wireframe Tools
C1798,Business Continuity Planning (BCP)
C1799,Feature Engineering
C1800,Individual Conditional Expectation (ICE) Plots
C1801,Self-Attention Mechanism
C1802,Transfer Learning
C1803,Robotic Process Automation (RPA)
C1804,Model-Free Optimization
C1805,Music Rights
C1806,Apache Spark
C1807,Language Generation
C1808,Tokenized Assets
C1809,Confluence
C1810,Backup and Restore
C1811,Utility Tokens
C1812,Standardization
C1813,Linear Models
C1814,Asset-Backed Tokens
C1815,Ledger Wallet
C1816,LightGBM
C1817,Solidity
C1818,Brute Force Attack
C1819,Smart Contracts
C1820,Permutation Feature Importance
C1821,Microsoft Access
C1822,Hardware Security Modules (HSMs)
C1823,Proof of Time (PoT)
C1824,Six Sigma
C1825,Bagging
C1826,State Channels
C1827,PCI DSS
C1828,Materials Management
C1829,Android
C1830,Material-UI
C1831,Blockchain Oracles
C1832,Network Monitoring
C1833,Color Theory
C1834,Document Similarity
C1835,Risk Analysis
C1836,Reinforcement Learning
C1837,Asset Tracking
C1838,Word Embeddings
C1839,Uniform Manifold Approximation and Projection (UMAP)
C1840,Telemedicine
C1841,Exponential Distribution
C1842,Internet of Things (IoT)
C1843,Affinity Propagation
C1844,Probability Theory
C1845,FP-Growth Algorithm
C1846,Cluster Analysis
C1847,Support Vector Machines (SVM)
C1848,Bioinformatics
C1849,Spring
C1850,Proof of Reputation (PoR)
C1851,Uniform Manifold Approximation and Projection (UMAP)
C1852,Network Security
C1853,Security Compliance
C1854,Centrality Measures
C1855,Data Visualization
C1856,Mobile Wallets
C1857,Document Similarity
C1858,Cluster Analysis
C1859,PMBOK
C1860,Proof of Weight (PoWeight)
C1861,Blockchain Interoperability
C1862,IT Service Management (ITSM)
C1863,Identity and Access Management (IAM)
C1864,Decentralized Identity (DID)
C1865,Link Prediction
C1866,Blockchain Governance
C1867,Graph Traversal Algorithms
C1868,Software Architecture
C1869,Communication Skills
C1870,Product Owner
C1871,Picture Archiving and Communication System (PACS)
C1872,Balsamiq
C1873,Event Oracles
C1874,Liquidity Incentives
C1875,PyTorch
C1876,Rule-Based Models
C1877,Google Cloud Platform (GCP)
C1878,Robotic Process Automation (RPA)
C1879,Borrowing Platforms
C1880,Identity and Access Management (IAM)
C1881,Code Review
C1882,Affinity Propagation
C1883,Token Sale
C1884,Web3.0
C1885,Backend Development
C1886,Linear Models
C1887,Speech Synthesis
C1888,Equity Tokens
C1889,OWASP Top 10
C1890,Node Classification
C1891,User Research
C1892,Dropout Regularization
C1893,Identity and Access Management (IAM)
C1894,MVC Architecture
C1895,Particle Swarm Optimization (PSO)
C1896,Network Administration
C1897,Confidence Intervals
C1898,Tableau
C1899,Decentralized Exchanges (DEXs)
C1900,Kubernetes
C1901,Cybersecurity
C1902,Simulation
C1903,Boosting
C1904,Technical Support
C1905,Fractional Ownership Tokens
C1906,Liquidity Incentives
C1907,Feature Engineering
C1908,HTTP/HTTPS
C1909,One-Shot Learning
C1910,Permutation Feature Importance
C1911,Label Encoding
C1912,C++
C1913,Deep Reinforcement Learning
C1914,IT Service Management (ITSM)
C1915,Yield Aggregators
C1916,Data Validation
C1917,Multi-Task Learning
C1918,Assistive Robotics
C1919,Survey Design
C1920,Self-Motivation
C1921,Label Encoding
C1922,Machine Translation
C1923,Algorithms
C1924,C#
C1925,Feature Engineering
C1926,Katz Centrality
C1927,Descriptive Analytics
C1928,Neural Networks
C1929,Neural Machine Translation (NMT)
C1930,Floyd-Warshall Algorithm
C1931,ERC-1155
C1932,Figma
C1933,Economic Incentives
C1934,Qualitative Analysis
C1935,Threat Intelligence
C1936,Tezos
C1937,Ledger Wallet
C1938,Cryptocurrency
C1939,Betweenness Centrality
C1940,C++
C1941,PCI DSS
C1942,Bias-Variance Tradeoff
C1943,Chatbots
C1944,Man-in-the-Middle (MitM) Attack
C1945,Deep Learning
C1946,Emotional Intelligence
C1947,Security Information and Event Management (SIEM)
C1948,Proof of Reputation (PoR)
C1949,Individual Conditional Expectation (ICE) Plots
C1950,Meta-Learning
C1951,Experimental Design
C1952,Non-Fungible Tokens (NFTs)
C1953,Equity Tokens
C1954,Neuroevolution
C1955,Seaborn
C1956,Flask
C1957,MySQL
C1958,Paper Wallets
C1959,Data Visualization
C1960,Flask
C1961,Heroku
C1962,Semi-Supervised Learning
C1963,Freight Management
C1964,Statistical Inference
C1965,Rule-Based Models
C1966,Split Testing
C1967,L1 Regularization
C1968,Production Planning
C1969,Monte Carlo Tree Search (MCTS)
C1970,Healthcare Data Warehousing
C1971,Bioinformatics
C1972,Recurrent Neural Networks (RNN)
C1973,Procurement
C1974,Dialogue Systems
C1975,State Channels
C1976,Chatbots
C1977,Individual Conditional Expectation (ICE) Plots
C1978,Graph Querying
C1979,Real-Time Monitoring
C1980,Data Engineering
C1981,MySQL
C1982,Keras
C1983,JavaScript
C1984,Accessibility
C1985,User Documentation
C1986,Mean Encoding
C1987,Minimum Cut
C1988,Yield Aggregators
C1989,Mean Shift
C1990,Healthcare Informatics
C1991,Particle Swarm Optimization (PSO)
C1992,Communication Skills
C1993,Speech Synthesis
C1994,RESTful Web Services
C1995,Configuration Management
C1996,Graph Isomorphism
C1997,Supervisory Control and Data Acquisition (SCADA)
C1998,Data Collection
C1999,Neuroevolution
