Candidate ID,Skills
C1000,Stellar
C1001,
C1002,IoT Solutions
C1003,Supervised Learning
C1004,
C1005,AdaBoost
C1006,Random Search
C1007,Visual Design
C1008,Automated Market Makers (AMMs)
C1009,Ruby on Rails
C1010,Cryptocurrency Exchanges
C1011,
C1012,Graph Coloring
C1013,Industrial Automation
C1014,
C1015,Bootstrapping
C1016,Computerized Physician Order Entry (CPOE)
C1017,
C1018,FP-Growth Algorithm
C1019,Digital Wallets
C1020,Language Translation
C1021,Building Management Systems (BMS)
C1022,Domain Adaptation
C1023,Crypto Wallets
C1024,Computer Vision
C1025,Accessibility
C1026,Domain Adaptation
C1027,Django
C1028,Normal Distribution
C1029,Self-Sovereign Identity (SSI)
C1030,Yield Farming
C1031,Zeplin
C1032,Zero Trust Security
C1033,Unsupervised Learning
C1034,Procurement
C1035,
C1036,Naive Bayes
C1037,Orthogonalization
C1038,BERT
C1039,Neural Networks
C1040,Decentralized Finance (DeFi)
C1041,NFT Wallets
C1042,
C1043,Stratified Cross-Validation
C1044,Token Buyback
C1045,Computer Vision
C1046,
C1047,High Availability
C1048,Time Series Analysis
C1049,Procurement
C1050,Semantic Web
C1051,
C1052,Cold Wallets
C1053,
C1054,Secure Coding Practices
C1055,
C1056,Optimization Algorithms
C1057,Data Structures
C1058,Web Scraping
C1059,Generative Adversarial Networks (GANs)
C1060,Healthcare Information Systems (HIS)
C1061,Transfer Learning
C1062,Zero Trust Security
C1063,Passive Learning
C1064,Sketch
C1065,Independent Component Analysis (ICA)
C1066,Risk Management
C1067,Customer Relationship Management (CRM)
C1068,Procurement
C1069,Smart Contracts
C1070,
C1071,Conflict Resolution
C1072,
C1073,Customer Service
C1074,Global Positioning System (GPS)
C1075,Troubleshooting
C1076,Self-Supervised Learning
C1077,Statistical Analysis
C1078,Hypothesis Testing
C1079,
C1080,Business Intelligence (BI)
C1081,AdaBoost
C1082,Association Rule Learning
C1083,Open Source Wallets
C1084,Vector Calculus
C1085,Policy Gradient Methods
C1086,
C1087,Algorand
C1088,Domain Adaptation
C1089,Interviewing
C1090,MongoDB
C1091,Process Automation
C1092,Robotic Process Automation (RPA)
C1093,Stratified Cross-Validation
C1094,Language Identification
C1095,Underfitting
C1096,Genetic Algorithms
C1097,Blockchain Scalability
C1098,Multi-Signature Wallets
C1099,Retail IoT
C1100,Big Data Analytics
C1101,Redis
C1102,Reinforcement Learning
C1103,Reporting and Dashboards
C1104,Supply Chain Visibility
C1105,Plasma
C1106,Sequential Pattern Mining
C1107,Procurement
C1108,Software Development
C1109,Security Incident Response
C1110,Adaptability
C1111,Proof of Reputation (PoR)
C1112,IBM Cloud
C1113,Graph Algorithms
C1114,Question Answering Systems
C1115,Handwriting Recognition
C1116,Digital Assets
C1117,VeChain
C1118,Graph Clustering
C1119,Independent Component Analysis (ICA)
C1120,Regression Analysis
C1121,Yield Aggregators
C1122,Virtual Land NFTs
C1123,Data Analysis
C1124,
C1125,Clinical Decision Support Systems (CDSS)
C1126,Non-Fungible Tokens (NFTs)
C1127,
C1128,Confluence
C1129,Web3 Wallets
C1130,Energy Management Systems (EMS)
C1131,Rule-Based Models
C1132,Interaction Design
C1133,Feature Engineering
C1134,Prediction Markets
C1135,Liquidity Mining
C1136,Decentralized Finance (DeFi)
C1137,Service Desk Management
C1138,Product Owner
C1139,Decentralized Autonomous Organizations (DAOs)
C1140,
C1141,Natural Language Processing (NLP)
C1142,Business Analytics
C1143,Incident Management
C1144,Accounting and Finance Systems
C1145,Language Generation
C1146,Vulnerability Assessment
C1147,Convolutional Neural Networks (CNN)
C1148,Ethereum Virtual Machine (EVM)
C1149,Eigenvalues and Eigenvectors
C1150,Smart Contract Audits
C1151,NumPy
C1152,Centrality Measures
C1153,Medical Informatics
C1154,Decision Trees
C1155,
C1156,Location-Based Services (LBS)
C1157,jQuery
C1158,Decentralized Finance (DeFi)
C1159,Data Modeling
C1160,Sidechains
C1161,
C1162,Tokenomics
C1163,Fuzzy Clustering
C1164,Ripple
C1165,AWS
C1166,Chaincode
C1167,
C1168,Inventory Optimization
C1169,Computerized Physician Order Entry (CPOE)
C1170,Feature Scaling
C1171,Topic Modeling
C1172,VirtualBox
C1173,Manufacturing Execution Systems (MES)
C1174,Web Scraping
C1175,Wireframing
C1176,Occam's Razor
C1177,Decentralized Finance (DeFi)
C1178,Leadership
C1179,Frequency Encoding
C1180,DBSCAN
C1181,Language Generation
C1182,
C1183,Metaverse Land
C1184,Affinity Propagation
C1185,Neural Architecture Search (NAS)
C1186,Smart Contract Security
C1187,Katz Centrality
C1188,Ensemble Learning
C1189,Surgical Robotics
C1190,Service Desk Management
C1191,Deep Learning
C1192,
C1193,Public Key Infrastructure (PKI)
C1194,Handwriting Recognition
C1195,
C1196,Decision Trees
C1197,Question Answering
C1198,Customer Service
C1199,Dimensionality Reduction
C1200,Entity Resolution
C1201,
C1202,Supply Chain Visibility
C1203,Business Analytics
C1204,Chatbots
C1205,
C1206,
C1207,Blockchain Platforms
C1208,Healthcare Data Mining
C1209,Balsamiq
C1210,Staking Wallets
C1211,Supervised Learning
C1212,JIRA
C1213,Proof of Time (PoT)
C1214,User Stories
C1215,Capacity Planning
C1216,Neural Architecture Search (NAS)
C1217,Service Desk Management
C1218,Pandas
C1219,Responsive Design
C1220,Data Visualization
C1221,Full Stack Development
C1222,
C1223,
C1224,Sports NFTs
C1225,Elasticsearch
C1226,L1 Regularization
C1227,
C1228,Inferential Statistics
C1229,Cross-Platform Development
C1230,IPSec
C1231,PyTorch
C1232,Energy Management Systems (EMS)
C1233,Digital Art
C1234,Graph Database
C1235,Yield Optimizers
C1236,Metabolomics
C1237,Cybersecurity
C1238,SMTP
C1239,Project Management
C1240,Software Architecture
C1241,Sharding
C1242,Data Visualization
C1243,Gaming NFTs
C1244,Betweenness Centrality
C1245,Descriptive Modeling
C1246,Artificial Intelligence (AI)
C1247,
C1248,Data Augmentation
C1249,Text-to-Speech (TTS)
C1250,Risk Management
C1251,Algorand
C1252,
C1253,DNS
C1254,Tokenization
C1255,Qualitative Research
C1256,Capacity Management
C1257,EOSIO
C1258,Time Series Analysis
C1259,LIME
C1260,Adversarial Training
C1261,Model-Based Optimization
C1262,Optimization
C1263,NumPy
C1264,Domain Adaptation
C1265,K-Means Clustering
C1266,Logistics Optimization
C1267,Text Generation
C1268,LSTM
C1269,t-Distributed Stochastic Neighbor Embedding (t-SNE)
C1270,Patient Monitoring Systems
C1271,SOAP Web Services
C1272,Metaverse Land
C1273,Data Interpretation
C1274,User Testing
C1275,Grid Search
C1276,Underfitting
C1277,Hyperledger Fabric
C1278,Natural Language Processing (NLP)
C1279,PMI
C1280,Medical Coding
C1281,Solidity
C1282,Prototyping
C1283,Metaverse NFTs
C1284,Service Desk Management
C1285,Explainable AI (XAI)
C1286,SQL
C1287,Layer 1 Scaling Solutions
C1288,Ensemble Learning
C1289,
C1290,
C1291,Cross-Site Scripting (XSS)
C1292,Journey Mapping
C1293,Change Management
C1294,Plasma
C1295,Risk Management
C1296,Geographic Data Analysis
C1297,Proof of Capacity (PoC)
C1298,Model-Free Optimization
C1299,OAuth
C1300,Mean Shift
C1301,Breadth-First Search (BFS)
C1302,Event Oracles
C1303,Smart Contract Development
C1304,Tezos
C1305,LAN/WAN
C1306,Bootstrapping
C1307,Few-Shot Learning
C1308,Logistic Regression
C1309,Condition Monitoring
C1310,Artificial Intelligence (AI)
C1311,Ethereum
C1312,Sharding
C1313,Digital Imaging and Communications in Medicine (DICOM)
C1314,IoT Applications
C1315,Simulated Annealing
C1316,Sports NFTs
C1317,Early Stopping
C1318,Self-Management
C1319,Illustration
C1320,
C1321,Critical Path Method (CPM)
C1322,Pandas
C1323,Support Vector Machines (SVM)
C1324,User Interface Design
C1325,Hyper-V
C1326,Decentralized Oracles
C1327,Healthcare IT
C1328,Windows Server
C1329,Waterfall Methodology
C1330,Decentralized Oracles
C1331,Confluence
C1332,Sports Teams
C1333,Antivirus Software
C1334,Bootstrap
C1335,Public Health Informatics
C1336,Communication Skills
C1337,Project Management
C1338,FP-Growth Algorithm
C1339,Document Clustering
C1340,CSS
C1341,Scheduling
C1342,Cold Wallets
C1343,C#
C1344,Nervos
C1345,
C1346,Community Tokens
C1347,Chainlink
C1348,Microsoft Excel
C1349,
C1350,
C1351,
C1352,Graph Reconstruction
C1353,
C1354,Computer Vision
C1355,Permutation Feature Importance
C1356,Electronic Health Records (EHR)
C1357,IoT Solutions
C1358,Natural Language Processing (NLP)
C1359,Decentralized Finance (DeFi)
C1360,Metaverse NFTs
C1361,Change Management
C1362,Linear Algebra
C1363,Manufacturing IoT
C1364,MetaMask
C1365,System Administration
C1366,Ethereum Gas Fees
C1367,Gaming Assets
C1368,
C1369,Chi-Square Test
C1370,Blockchain Scalability
C1371,Speech-to-Text (STT)
C1372,Hospital Information System (HIS)
C1373,Sybil Resistance
C1374,VeChain
C1375,
C1376,Natural Language Processing (NLP)
C1377,
C1378,PHP
C1379,Domain Adaptation
C1380,User Research
C1381,PMI
C1382,Graph Sampling
C1383,IoT Connectivity
C1384,Streaming Data
C1385,Segmentation
C1386,Decentralized Identity (DID)
C1387,Energy Management
C1388,Blockchain
C1389,
C1390,Affinity Propagation
C1391,Lognormal Distribution
C1392,Liquidity Mining
C1393,Six Sigma
C1394,Explainable AI (XAI)
C1395,Docker
C1396,
C1397,Cross-Site Scripting (XSS)
C1398,CSS
C1399,Wallet SDKs
C1400,Active Learning
C1401,Lasso Regression
C1402,Bagging
C1403,Machine Learning
C1404,Wireframe Tools
C1405,Digital Wallets
C1406,
C1407,Social Engineering
C1408,Git
C1409,
C1410,Database Administration
C1411,Part-of-Speech (POS) Tagging
C1412,Presentation Skills
C1413,Graph Partitioning
C1414,Material-UI
C1415,Classification
C1416,Paper Wallets
C1417,Prediction Markets
C1418,Proof of Work (PoW)
C1419,Liquidity Mining
C1420,Layer 1 Scaling Solutions
C1421,Depth-First Search (DFS)
C1422,Generative Adversarial Networks (GAN)
C1423,ANOVA
C1424,Medical Coding
C1425,Sales and Marketing Systems
C1426,Supply Chain IoT
C1427,Few-Shot Learning
C1428,Experimental Design
C1429,Protocol Tokens
C1430,Multivariate Testing
C1431,Artificial Intelligence (AI)
C1432,Trust Wallet
C1433,Interpretable Models
C1434,One-Shot Learning
C1435,AJAX
C1436,Document Classification
C1437,Innovation
C1438,
C1439,Facial Recognition
C1440,Music NFTs
C1441,HIPAA
C1442,Healthcare Business Intelligence (BI)
C1443,All Pairs Shortest Path
C1444,
C1445,Supply Chain Visibility
C1446,Multi-Currency Wallets
C1447,XGBoost
C1448,Surgical Robotics
C1449,
C1450,Business Intelligence (BI)
C1451,Minimum Spanning Tree
C1452,Wallet APIs
C1453,Confluence
C1454,Numerical Methods
C1455,Location-Based Services (LBS)
C1456,Q-Learning
C1457,Unix
C1458,MongoDB
C1459,Question Answering
C1460,Supply Chain Visibility
C1461,Descriptive Modeling
C1462,
C1463,
C1464,Regression Analysis
C1465,Laravel
C1466,Graph Matching
C1467,
C1468,Proof of Importance (PoI)
C1469,Forecasting
C1470,Survey Design
C1471,Big Data
C1472,Proof of Concept (PoC)
C1473,Regression Analysis
C1474,Security Tokens
C1475,Wallet Security
C1476,Film Rights
C1477,Proof of Burn (PoB)
C1478,Normalization
C1479,Spring
C1480,GPT
C1481,Azure
C1482,Tokenization
C1483,Proof of Weight (PoWeight)
C1484,Distributed Ledger Technology (DLT)
C1485,
C1486,Meta-Learning
C1487,Pandas
C1488,Pruning
C1489,Predictive Modeling
C1490,NoSQL
C1491,Supply Chain Analytics
C1492,
C1493,
C1494,Public Key Infrastructure (PKI)
C1495,Speaker Diarization
C1496,Digital Collectibles
C1497,Principal Component Analysis (PCA)
C1498,Communication Skills
C1499,Healthcare Informatics
C1500,System Administration
C1501,DHCP
C1502,Bioinformatics
C1503,Digital Art
C1504,EOSIO
C1505,Blockchain Platforms
C1506,Hub and Authority Scores
C1507,
C1508,
C1509,
C1510,
C1511,Root Cause Analysis (RCA)
C1512,Staking
C1513,Graph Sampling
C1514,Question Answering
C1515,Utility Tokens
C1516,Feature Extraction
C1517,Exploratory Data Analysis (EDA)
C1518,Recurrent Neural Networks (RNN)
C1519,Leave-One-Out Cross-Validation (LOOCV)
C1520,Derivatives Platforms
C1521,Cybersecurity
C1522,Lasso Regression
C1523,
C1524,SSL/TLS
C1525,Desktop Support
C1526,Chaincode
C1527,IoT Devices
C1528,
C1529,Frequency Encoding
C1530,NEO Virtual Machine (NEOVM)
C1531,Penetration Testing
C1532,
C1533,Decentralized Finance (DeFi)
C1534,IoT Security
C1535,Graph Visualization
C1536,Logistic Regression
C1537,Ethereum 2.0
C1538,Economic Incentives
C1539,Cloud Computing
C1540,Kubernetes
C1541,Monte Carlo Simulation
C1542,LAN/WAN
C1543,Asset Tracking
C1544,Word Embeddings
C1545,Decentralized Finance (DeFi) Oracles
C1546,MVC Architecture
C1547,
C1548,
C1549,Machine Translation
C1550,Reinforcement Learning
C1551,NumPy
C1552,Ethereum Gas Fees
C1553,Hypothesis Testing
C1554,Feature Engineering
C1555,
C1556,Medical Imaging
C1557,Medical Image Analysis
C1558,Seed Phrases
C1559,
C1560,Clinical Decision Support Systems (CDSS)
C1561,K-Means Clustering
C1562,Remote Sensing
C1563,Governance Tokens
C1564,Multivariate Testing
C1565,MapReduce
C1566,Model Deployment
C1567,
C1568,Document Classification
C1569,Patch Management
C1570,Feature Scaling
C1571,Supply Chain Collaboration
C1572,Wallet APIs
C1573,Health Information System (HIS)
C1574,Amazon Web Services
C1575,Degree Centrality
C1576,Virtual Land NFTs
C1577,
C1578,Open Source Wallets
C1579,Neural Networks
C1580,Data Visualization
C1581,Creativity
C1582,Health Information Management (HIM)
C1583,Time Series Analysis
C1584,Laboratory Information System (LIS)
C1585,Link Prediction
C1586,Document Classification
C1587,Model-Based Optimization
C1588,Bellman-Ford Algorithm
C1589,Conversational Agents
C1590,Gantt Chart
C1591,Illustration
C1592,Graph Matching
C1593,Model Generalization
C1594,Image Classification
C1595,Feature Selection
C1596,OAuth
C1597,Vyper
C1598,Language Identification
C1599,Topological Sorting
C1600,PRINCE2
C1601,Clinical Decision Support Systems (CDSS)
C1602,
C1603,Staking Wallets
C1604,Altcoin Wallets
C1605,Interpretable Models
C1606,Windows Server
C1607,Autoencoders
C1608,
C1609,Speaker Diarization
C1610,Balsamiq
C1611,
C1612,Transform
C1613,Data Warehousing
C1614,Interaction Design
C1615,Communication Skills
C1616,Image Segmentation
C1617,Hash Encoding
C1618,PyTorch
C1619,Clickjacking
C1620,Decentralized Identity (DID)
C1621,
C1622,Agile Project Management
C1623,FastText
C1624,Heuristic Evaluation
C1625,Identity and Access Management (IAM)
C1626,Decentralized Finance (DeFi)
C1627,Security Tokens
C1628,Supply Chain Visibility
C1629,Budget Management
C1630,Bitbucket
C1631,MapReduce
C1632,Redis
C1633,Hyperledger Fabric
C1634,Apache Spark
C1635,Scrum
C1636,LightGBM
C1637,Cross-Chain Asset Transfers
C1638,Creativity
C1639,Explainable AI (XAI)
C1640,Patient Monitoring Systems
C1641,DBSCAN
C1642,Hash Encoding
C1643,Product Owner
C1644,Supervised Learning
C1645,Ruby
C1646,Hyperledger Fabric
C1647,Moqups
C1648,TCP/IP
C1649,Predictive Modeling
C1650,VirtualBox
C1651,Named Entity Recognition (NER)
C1652,Survival Analysis
C1653,
C1654,Delegated Proof of Stake (DPoS)
C1655,Decentralized Finance (DeFi) Oracles
C1656,Node.js
C1657,Music NFTs
C1658,Sidechains
C1659,Image Generation
C1660,Lasso Regression
C1661,Decentralized Finance (DeFi)
C1662,Cross-Validation
C1663,Speaker Diarization
C1664,
C1665,Smart Contract Platforms
C1666,Leadership
C1667,Network Effects
C1668,Cluster Analysis
C1669,FTP/SFTP
C1670,Neural Networks
C1671,Git
C1672,Language Identification
C1673,Clinical Research Informatics
C1674,MetaMask
C1675,Multivariate Analysis
C1676,Flask
C1677,Graph Neural Networks (GNNs)
C1678,Borrowing Protocols
C1679,Dimensionality Reduction
C1680,
C1681,Desktop Support
C1682,FTP/SFTP
C1683,Commodity Tokens
C1684,SQL Injection
C1685,Digital Art
C1686,Decentralized Exchanges (DEXs)
C1687,
C1688,Nanorobotics
C1689,Liquidity Pools
C1690,Decentralized Finance (DeFi) Wallets
C1691,Smart Contracts
C1692,Liquidity Pools
C1693,Waterfall Methodology
C1694,
C1695,
C1696,Network Administration
C1697,State Channels
C1698,Blockchain Technology
C1699,Multi-Task Learning
C1700,Bias-Variance Tradeoff
C1701,Temporal Difference Learning
C1702,
C1703,Demand Forecasting
C1704,Eigenvector Centrality
C1705,
C1706,Single Sign-On (SSO)
C1707,Plasma
C1708,Microsoft Azure
C1709,Statistical Analysis
C1710,SHAP
C1711,Data Validation
C1712,
C1713,Voting
C1714,Mean Shift
C1715,EOSIO
C1716,Language Identification
C1717,Digital Imaging and Communications in Medicine (DICOM)
C1718,Cluster Analysis
C1719,
C1720,Natural Language Understanding (NLU)
C1721,Prioritization
C1722,VirtualBox
C1723,Man-in-the-Middle (MitM) Attack
C1724,Normalization
C1725,Model Monitoring
C1726,Sentiment Analysis
C1727,XGBoost
C1728,Pareto Distribution
C1729,ElasticNet Regularization
C1730,Proof of Activity (PoA)
C1731,Asynchronous Advantage Actor-Critic (A3C)
C1732,Knowledge Distillation
C1733,XGBoost
C1734,Intellectual Property
C1735,Sybil Resistance
C1736,LAN/WAN
C1737,
C1738,
C1739,Self-Motivation
C1740,MyEtherWallet (MEW)
C1741,Quantitative Analysis
C1742,Smart Contract Security
C1743,Personal Health Records (PHR)
C1744,DBSCAN
C1745,Question Answering Systems
C1746,Quantitative Analysis
C1747,Warehouse Management
C1748,
C1749,Public Health Informatics
C1750,One-Hot Encoding
C1751,Laboratory Information System (LIS)
C1752,Vulnerability Assessment
C1753,Computer Vision
C1754,Long Short-Term Memory (LSTM)
C1755,Data Interpretation
C1756,Decentralized Finance (DeFi) Oracles
C1757,Confidence Intervals
C1758,Geographic Data Visualization
C1759,Matplotlib
C1760,
C1761,PostgreSQL
C1762,Non-Custodial Wallets
C1763,Machine Learning
C1764,MySQL
C1765,Meta-Learning
C1766,Uniform Distribution
C1767,
C1768,Zeplin
C1769,Multi-Currency Wallets
C1770,Energy Management
C1771,Feature Scaling
C1772,Trezor Wallet
C1773,Language Identification
C1774,PMI
C1775,Keras
C1776,Smart Cities
C1777,IT Service Management (ITSM)
C1778,Negative Transfer
C1779,Requirements Gathering
C1780,Occam's Razor
C1781,Electronic Health Records (EHR)
C1782,Serverless Architecture
C1783,Demand Forecasting
C1784,Digital Art
C1785,Contract Management
C1786,Dijkstra's Algorithm
C1787,Zeplin
C1788,Off-Chain Governance
C1789,Graph Database
C1790,Named Entity Recognition (NER)
C1791,Secure Coding Practices
C1792,Fuzzy Clustering
C1793,Zero Trust Security
C1794,Location-Based Services (LBS)
C1795,Film Rights
C1796,Supervised Learning
C1797,Regression Analysis
C1798,Graph Isomorphism
C1799,Digital Identity
C1800,Neural Networks
C1801,Token Sale
C1802,Equity Tokens
C1803,Geographic Data Analysis
C1804,Supervisory Control and Data Acquisition (SCADA)
C1805,Facial Recognition
C1806,GraphQL
C1807,IoT Security
C1808,Capacity Planning
C1809,Graph Analytics
C1810,Minimum Cut
C1811,OPTICS
C1812,Link Prediction
C1813,Governance Tokens
C1814,Illustration
C1815,Collectibles NFTs
C1816,Apache Kafka
C1817,Breadth-First Search (BFS)
C1818,Responsive Design
C1819,Knowledge Representation
C1820,
C1821,Decentralized Applications (DApps)
C1822,Tabu Search
C1823,Single Sign-On (SSO)
C1824,Cloud Computing
C1825,Troubleshooting
C1826,Machine Learning
C1827,Q-Learning
C1828,GloVe
C1829,Causal Inference
C1830,Network Security
C1831,Factor Analysis
C1832,Desktop Support
C1833,Ledger Wallet
C1834,Adobe Creative Cloud
C1835,Home Automation
C1836,High Availability
C1837,Shortest Path Algorithms
C1838,Betweenness Centrality
C1839,Medical Billing
C1840,Optimization Algorithms
C1841,Pandas
C1842,Segmentation
C1843,Ripple
C1844,Kanban
C1845,Automated Market Makers (AMMs)
C1846,Oracle Database
C1847,Node.js
C1848,Brands
C1849,Data Warehousing
C1850,Icon Design
C1851,Language Translation
C1852,IoT Connectivity
C1853,Industrial Internet of Things (IIoT)
C1854,Reinforcement Learning
C1855,Affinity Propagation
C1856,Precision Medicine
C1857,Supervisory Control and Data Acquisition (SCADA)
C1858,Machine Learning
C1859,
C1860,Reinforcement Learning
C1861,Document Classification
C1862,Data Presentation
C1863,Covariance Matrix Adaptation Evolution Strategy (CMA-ES)
C1864,
C1865,Surgical Robotics
C1866,Kanban
C1867,Descriptive Statistics
C1868,Optimization
C1869,Correlation Analysis
C1870,Language Generation
C1871,Communication Skills
C1872,Radiology Information System (RIS)
C1873,Medical Coding
C1874,Economic Incentives
C1875,Poisson Distribution
C1876,Genetic Algorithms
C1877,Hot Wallets
C1878,Supervised Learning
C1879,Leadership
C1880,Critical Path Method (CPM)
C1881,Algorithmic Stablecoins
C1882,ElasticNet Regularization
C1883,Occam's Razor
C1884,Web3
C1885,MySQL
C1886,
C1887,Redis
C1888,
C1889,
C1890,ERC-1155
C1891,Corda
C1892,Risk Management
C1893,Multi-Signature Wallet
C1894,Database Management
C1895,
C1896,Supervised Learning
C1897,Attention Mechanism
C1898,Predictive Analytics
C1899,Remote Monitoring
C1900,CatBoost
C1901,Tokenization
C1902,Speaker Diarization
C1903,Routing and Navigation
C1904,Flask
C1905,Digital Art NFTs
C1906,Document Indexing
C1907,Software Wallets
C1908,Borrowing Protocols
C1909,Business Continuity Planning (BCP)
C1910,Adversarial Training
C1911,Topic Modeling
C1912,Polynomial Regression
C1913,Ensemble Learning
C1914,Tokenization
C1915,Capsule Networks
C1916,Robotic Surgery
C1917,Feature Engineering
C1918,Security Tokens
C1919,Internet of Things (IoT)
C1920,ERC-1155
C1921,Image Segmentation
C1922,GitHub
C1923,Google Cloud Platform (GCP)
C1924,FP-Growth Algorithm
C1925,
C1926,Regression Analysis
C1927,
C1928,Data Validation
C1929,Mean Shift
C1930,ElasticNet Regularization
C1931,Layer 2 Scaling Solutions
C1932,Digital Wallets
C1933,Supervisory Control and Data Acquisition (SCADA)
C1934,Domain Adaptation
C1935,
C1936,DBSCAN
C1937,Prescriptive Analytics
C1938,GloVe
C1939,Centrality Measures
C1940,Text-to-Speech (TTS)
C1941,Compliance Management
C1942,Long Short-Term Memory (LSTM)
C1943,Cross-Platform Development
C1944,Topic Modeling
C1945,
C1946,
C1947,Graph Convolutional Networks (GCNs)
C1948,PERT
C1949,Behavior-Driven Development (BDD)
C1950,Identity Management
C1951,Decision Trees
C1952,Usability Testing
C1953,Proof of Authority (PoA)
C1954,Network Administration
C1955,Music NFTs
C1956,Corda
C1957,
C1958,Web Scraping
C1959,Desktop Support
C1960,Docker
C1961,Visual Design
C1962,
C1963,DNS
C1964,PCI DSS
C1965,Firewall
C1966,
C1967,Flexibility
C1968,Hardware Security Modules (HSMs)
C1969,Computer Vision
C1970,Surgical Robotics
C1971,Speech Recognition
C1972,Azure
C1973,Neuroevolution
C1974,Multi-Armed Bandit
C1975,Monte Carlo Tree Search (MCTS)
C1976,
C1977,Decentralized Finance (DeFi)
C1978,Visualization Tools
C1979,Enterprise Resource Planning (ERP)
C1980,Design Patterns
C1981,Sketch
C1982,Sharding
C1983,Digital Imaging and Communications in Medicine (DICOM)
C1984,Scheduling
C1985,Data Mining
C1986,
C1987,Polynomial Regression
C1988,Software Architecture
C1989,Identity Verification
C1990,Language Identification
C1991,Distributed Control Systems (DCS)
C1992,Hadoop
C1993,Polynomial Regression
C1994,Linear Regression
C1995,Problem Management
C1996,Journey Mapping
C1997,Part-of-Speech (POS) Tagging
C1998,Generative Adversarial Networks (GANs)
C1999,JSON
