Job ID,Skills
J1000,
J1001,Data Visualization
J1002,Off-Chain Governance
J1003,
J1004,Object-Oriented Programming (OOP)
J1005,
J1006,Emotion Recognition
J1007,Network Administration
J1008,Dialogue Systems
J1009,Requirements Gathering
J1010,
J1011,
J1012,
J1013,
J1014,
J1015,Waterfall Methodology
J1016,Vector Calculus
J1017,
J1018,
J1019,
J1020,
J1021,Optimization
J1022,
J1023,Adversarial Training
J1024,Prim's Algorithm
J1025,
J1026,
J1027,Text Mining
J1028,
J1029,
J1030,
J1031,
J1032,
J1033,Delegated Proof of Stake (DPoS)
J1034,
J1035,Neural Networks
J1036,DBSCAN
J1037,Network Administration
J1038,Waterfall Methodology
J1039,
J1040,Utility Tokens
J1041,
J1042,
J1043,
J1044,
J1045,
J1046,
J1047,
J1048,
J1049,
J1050,
J1051,Trust Wallet
J1052,
J1053,
J1054,
J1055,
J1056,
J1057,
J1058,
J1059,
J1060,Procurement
J1061,
J1062,Regression Analysis
J1063,Document Clustering
J1064,
J1065,
J1066,
J1067,Power BI
J1068,Algorithmic Stablecoins
J1069,
J1070,
J1071,Token Vesting
J1072,Seed Phrases
J1073,
J1074,
J1075,
J1076,
J1077,
J1078,Underfitting
J1079,
J1080,
J1081,Security Tokens
J1082,
J1083,
J1084,Medical Informatics
J1085,
J1086,
J1087,
J1088,Algorithms
J1089,
J1090,
J1091,Ethereum
J1092,Rollups
J1093,
J1094,
J1095,
J1096,Requirements Gathering
J1097,
J1098,
J1099,
J1100,
J1101,Corda
J1102,
J1103,
J1104,Automatic Speech Recognition (ASR)
J1105,Data Structures
J1106,
J1107,
J1108,
J1109,
J1110,
J1111,Balsamiq
J1112,Model Compression
J1113,
J1114,
J1115,
J1116,Deep Learning
J1117,Healthcare IoT
J1118,
J1119,Telematics
J1120,Coinbase Wallet
J1121,Disaster Recovery
J1122,Text Mining
J1123,
J1124,
J1125,
J1126,Sales and Marketing Systems
J1127,Entity Resolution
J1128,
J1129,Supplier Relationship Management (SRM)
J1130,Evolution Strategies
J1131,
J1132,Graph Sampling
J1133,Healthcare Technology
J1134,SMTP
J1135,
J1136,
J1137,Prescriptive Analytics
J1138,JIRA
J1139,Scikit-learn
J1140,
J1141,
J1142,Machine Learning Algorithms
J1143,
J1144,Firebase
J1145,
J1146,C#
J1147,
J1148,Domain Adaptation
J1149,Multi-Signature Wallets
J1150,
J1151,Random Forest
J1152,Healthcare Business Intelligence (BI)
J1153,
J1154,Quantization
J1155,Reinforcement Learning
J1156,
J1157,
J1158,
J1159,
J1160,PHP
J1161,
J1162,
J1163,
J1164,
J1165,
J1166,
J1167,
J1168,
J1169,
J1170,
J1171,Decentralized Autonomous Organizations (DAOs)
J1172,Medical Imaging
J1173,
J1174,Hibernate
J1175,
J1176,Laboratory Information System (LIS)
J1177,Descriptive Analytics
J1178,
J1179,
J1180,
J1181,
J1182,Qualitative Research
J1183,
J1184,
J1185,
J1186,
J1187,
J1188,
J1189,
J1190,
J1191,SOAP Web Services
J1192,Problem-Solving
J1193,
J1194,
J1195,Permutation Feature Importance
J1196,
J1197,Smart Contract Audits
J1198,
J1199,
J1200,
J1201,Condition Monitoring
J1202,
J1203,
J1204,
J1205,
J1206,Liquidity Pools
J1207,Lending Platforms
J1208,
J1209,Token Burn
J1210,
J1211,Vendor Management
J1212,
J1213,
J1214,Model-Free Optimization
J1215,
J1216,
J1217,
J1218,
J1219,
J1220,
J1221,
J1222,
J1223,
J1224,
J1225,
J1226,
J1227,Music Rights
J1228,
J1229,
J1230,
J1231,
J1232,
J1233,
J1234,
J1235,Algorithmic Stablecoins
J1236,
J1237,
J1238,
J1239,
J1240,
J1241,
J1242,MapReduce
J1243,Clinical Research Informatics
J1244,
J1245,
J1246,
J1247,
J1248,
J1249,
J1250,
J1251,
J1252,
J1253,
J1254,Dropout Regularization
J1255,
J1256,
J1257,Algorithmic Stablecoins
J1258,
J1259,
J1260,
J1261,Transfer Learning
J1262,Plasma
J1263,
J1264,
J1265,Proof of Reputation (PoR)
J1266,
J1267,
J1268,Wallet Security
J1269,Clustering
J1270,Proof of Burn (PoB)
J1271,Question Answering Systems
J1272,Self-Play
J1273,
J1274,Token Burn
J1275,
J1276,Active Learning
J1277,
J1278,JIRA
J1279,
J1280,
J1281,Data Interpretation
J1282,
J1283,
J1284,
J1285,
J1286,Data Validation
J1287,
J1288,
J1289,SQL
J1290,
J1291,Medical Image Analysis
J1292,
J1293,
J1294,
J1295,Payment Channels
J1296,Quantitative Analysis
J1297,Generative Adversarial Networks (GAN)
J1298,Logistics Optimization
J1299,
J1300,
J1301,
J1302,
J1303,
J1304,
J1305,
J1306,
J1307,
J1308,
J1309,Non-Fungible Tokens (NFTs)
J1310,Closed Source Wallets
J1311,
J1312,
J1313,
J1314,VirtualBox
J1315,Descriptive Modeling
J1316,
J1317,
J1318,Data Mining
J1319,
J1320,Process Automation
J1321,
J1322,
J1323,
J1324,Probability Distributions
J1325,
J1326,
J1327,
J1328,
J1329,
J1330,
J1331,Self-Play
J1332,
J1333,
J1334,
J1335,
J1336,
J1337,
J1338,
J1339,
J1340,
J1341,
J1342,
J1343,
J1344,
J1345,Wallet Security
J1346,
J1347,
J1348,
J1349,
J1350,
J1351,Ethereum Virtual Machine (EVM)
J1352,
J1353,
J1354,
J1355,
J1356,MongoDB
J1357,
J1358,
J1359,
J1360,
J1361,
J1362,
J1363,
J1364,
J1365,
J1366,
J1367,
J1368,ERC-721
J1369,
J1370,Medical Coding
J1371,
J1372,Descriptive Modeling
J1373,
J1374,
J1375,
J1376,
J1377,
J1378,
J1379,
J1380,
J1381,
J1382,
J1383,
J1384,
J1385,
J1386,Genetic Algorithms
J1387,
J1388,Microsoft SQL Server
J1389,
J1390,
J1391,
J1392,
J1393,Tableau
J1394,
J1395,
J1396,
J1397,Smart Contract Platforms
J1398,Model Distillation
J1399,
J1400,
J1401,Yield Aggregators
J1402,
J1403,
J1404,
J1405,Computer Vision
J1406,Feature Extraction
J1407,
J1408,
J1409,
J1410,
J1411,
J1412,
J1413,Color Theory
J1414,
J1415,
J1416,
J1417,
J1418,
J1419,
J1420,Transfer Learning
J1421,
J1422,
J1423,Negotiation Skills
J1424,
J1425,Seaborn
J1426,
J1427,
J1428,Decentralized Identity (DID)
J1429,
J1430,
J1431,
J1432,
J1433,
J1434,
J1435,
J1436,Industrial Internet of Things (IIoT)
J1437,
J1438,Predictive Maintenance
J1439,Computerized Physician Order Entry (CPOE)
J1440,Yield Optimizers
J1441,
J1442,
J1443,Decentralized Finance (DeFi)
J1444,
J1445,
J1446,
J1447,
J1448,
J1449,
J1450,iOS
J1451,Secure Coding Practices
J1452,
J1453,Descriptive Analytics
J1454,
J1455,
J1456,Vulnerability Assessment
J1457,Troubleshooting
J1458,ERC-20
J1459,
J1460,
J1461,
J1462,
J1463,
J1464,
J1465,
J1466,
J1467,
J1468,Topological Sorting
J1469,
J1470,
J1471,
J1472,
J1473,
J1474,
J1475,Token Swap
J1476,Plotly
J1477,Bagging
J1478,Yield Optimizers
J1479,Logistic Regression
J1480,
J1481,
J1482,
J1483,
J1484,
J1485,
J1486,
J1487,Binance Smart Chain (BSC)
J1488,
J1489,
J1490,
J1491,
J1492,Ethereum
J1493,
J1494,Windows Server
J1495,
J1496,
J1497,Citrix
J1498,
J1499,Sentiment Analysis
J1500,
J1501,
J1502,
J1503,Digital Art NFTs
J1504,
J1505,
J1506,
J1507,
J1508,Liquidity Pools
J1509,
J1510,
J1511,
J1512,
J1513,
J1514,
J1515,
J1516,
J1517,
J1518,
J1519,Autoencoders
J1520,
J1521,Logistics Optimization
J1522,Simulation
J1523,
J1524,
J1525,
J1526,
J1527,
J1528,
J1529,
J1530,
J1531,
J1532,Binary Encoding
J1533,
J1534,
J1535,
J1536,
J1537,
J1538,
J1539,
J1540,Telematics
J1541,
J1542,
J1543,
J1544,
J1545,
J1546,Microsoft Access
J1547,Hyperledger
J1548,
J1549,Network Monitoring
J1550,
J1551,
J1552,Prototyping
J1553,
J1554,
J1555,
J1556,
J1557,
J1558,
J1559,VeChain
J1560,
J1561,
J1562,Film NFTs
J1563,
J1564,
J1565,
J1566,
J1567,Deep Learning
J1568,
J1569,
J1570,
J1571,
J1572,
J1573,
J1574,
J1575,
J1576,
J1577,
J1578,
J1579,Object-Oriented Programming (OOP)
J1580,
J1581,
J1582,Wireframing
J1583,
J1584,
J1585,
J1586,
J1587,
J1588,
J1589,Ruby on Rails
J1590,
J1591,
J1592,
J1593,Keras
J1594,
J1595,
J1596,Corda
J1597,Language Translation
J1598,
J1599,
J1600,
J1601,Evolution Strategies
J1602,
J1603,
J1604,
J1605,
J1606,
J1607,
J1608,Redis
J1609,
J1610,
J1611,Uniform Manifold Approximation and Projection (UMAP)
J1612,Supervised Learning
J1613,
J1614,API Documentation
J1615,
J1616,
J1617,Information Retrieval (IR)
J1618,
J1619,
J1620,
J1621,Digital Assets
J1622,
J1623,Statistical Software
J1624,
J1625,XML
J1626,Graph Querying
J1627,
J1628,
J1629,
J1630,Data Collection
J1631,
J1632,Bag of Words (BoW)
J1633,
J1634,Release Management
J1635,
J1636,
J1637,Supply Chain Optimization
J1638,Data Wrangling
J1639,Backup and Restore
J1640,
J1641,
J1642,
J1643,
J1644,
J1645,
J1646,
J1647,
J1648,Supply Chain Optimization
J1649,
J1650,
J1651,
J1652,High Availability
J1653,
J1654,
J1655,Closeness Centrality
J1656,
J1657,
J1658,
J1659,
J1660,
J1661,Intellectual Property
J1662,
J1663,Database Administration
J1664,Security Token Offerings (STOs)
J1665,
J1666,
J1667,
J1668,Distributed Applications (DApps)
J1669,
J1670,
J1671,Asset Tracking
J1672,
J1673,
J1674,
J1675,Probability Theory
J1676,A/B Testing
J1677,
J1678,On-Chain Governance
J1679,
J1680,
J1681,
J1682,
J1683,
J1684,
J1685,
J1686,Negative Transfer
J1687,
J1688,
J1689,
J1690,Zero-Shot Learning
J1691,
J1692,
J1693,
J1694,Eigenvector Centrality
J1695,
J1696,
J1697,
J1698,
J1699,
J1700,
J1701,
J1702,
J1703,
J1704,
J1705,
J1706,
J1707,Data Engineering
J1708,
J1709,
J1710,
J1711,
J1712,TensorFlow
J1713,
J1714,Depth-First Search (DFS)
J1715,
J1716,
J1717,
J1718,
J1719,
J1720,
J1721,
J1722,Figma
J1723,Environmental Monitoring Systems (EMS)
J1724,Hyperledger
J1725,
J1726,Desktop Wallets
J1727,
J1728,
J1729,
J1730,
J1731,
J1732,
J1733,Building Management Systems (BMS)
J1734,Statistical Software
J1735,Hyper-V
J1736,Term Frequency-Inverse Document Frequency (TF-IDF)
J1737,RESTful Web Services
J1738,
J1739,
J1740,Named Entity Recognition (NER)
J1741,
J1742,
J1743,
J1744,
J1745,Backend Development
J1746,
J1747,
J1748,Qualitative Analysis
J1749,
J1750,
J1751,
J1752,
J1753,
J1754,
J1755,
J1756,
J1757,Supply Chain Analytics
J1758,Non-Fungible Tokens (NFTs)
J1759,
J1760,
J1761,
J1762,
J1763,
J1764,
J1765,
J1766,
J1767,Time Series Analysis
J1768,
J1769,
J1770,
J1771,
J1772,Flask
J1773,
J1774,LAN/WAN
J1775,
J1776,
J1777,
J1778,
J1779,
J1780,
J1781,
J1782,
J1783,
J1784,
J1785,
J1786,Least Squares
J1787,
J1788,
J1789,Proof of Weight (PoWeight)
J1790,
J1791,
J1792,
J1793,Actor-Critic Methods
J1794,
J1795,
J1796,
J1797,
J1798,
J1799,
J1800,
J1801,Topic Modeling
J1802,Batch Normalization
J1803,Stemming
J1804,L1 Regularization
J1805,
J1806,JSON Web Tokens
J1807,
J1808,
J1809,
J1810,
J1811,
J1812,
J1813,
J1814,
J1815,
J1816,
J1817,
J1818,
J1819,
J1820,Containerization
J1821,
J1822,Exploratory Data Analysis (EDA)
J1823,
J1824,
J1825,
J1826,
J1827,
J1828,
J1829,
J1830,
J1831,Descriptive Analytics
J1832,
J1833,
J1834,
J1835,
J1836,MongoDB
J1837,
J1838,Emotional Intelligence
J1839,
J1840,
J1841,
J1842,
J1843,
J1844,
J1845,
J1846,
J1847,
J1848,
J1849,
J1850,
J1851,
J1852,
J1853,Hypothesis Testing
J1854,
J1855,
J1856,
J1857,Tron Virtual Machine (TVM)
J1858,
J1859,
J1860,
J1861,
J1862,
J1863,
J1864,
J1865,
J1866,C#
J1867,
J1868,
J1869,Normal Distribution
J1870,
J1871,
J1872,
J1873,
J1874,
J1875,
J1876,
J1877,
J1878,
J1879,
J1880,
J1881,
J1882,
J1883,
J1884,
J1885,
J1886,
J1887,
J1888,Topological Sorting
J1889,
J1890,Multi-Armed Bandit
J1891,Shortest Path Algorithms
J1892,
J1893,Distributed Control Systems (DCS)
J1894,
J1895,Smart Contracts
J1896,
J1897,
J1898,
J1899,Self-Sovereign Identity (SSI)
J1900,
J1901,Decentralized Applications (DApps)
J1902,Oracle Cloud
J1903,
J1904,
J1905,
J1906,
J1907,
J1908,
J1909,
J1910,
J1911,
J1912,
J1913,
J1914,
J1915,Token Distribution
J1916,Database Administration
J1917,
J1918,
J1919,
J1920,
J1921,
J1922,
J1923,
J1924,
J1925,
J1926,
J1927,
J1928,
J1929,
J1930,Model Evaluation
J1931,
J1932,
J1933,
J1934,
J1935,
J1936,
J1937,
J1938,
J1939,
J1940,
J1941,Routing and Logistics
J1942,
J1943,XGBoost
J1944,
J1945,
J1946,
J1947,Self-Play
J1948,Stopword Removal
J1949,
J1950,
J1951,
J1952,Nervos
J1953,Inferential Statistics
J1954,
J1955,
J1956,
J1957,Rollups
J1958,
J1959,
J1960,
J1961,Condition Monitoring
J1962,Accessibility
J1963,Neural Networks
J1964,
J1965,
J1966,
J1967,
J1968,
J1969,
J1970,
J1971,
J1972,
J1973,
J1974,Description Logics
J1975,Token Distribution
J1976,
J1977,Curiosity-Driven Exploration
J1978,
J1979,Algorithms
J1980,Unix
J1981,
J1982,
J1983,
J1984,
J1985,
J1986,
J1987,
J1988,
J1989,Routing and Logistics
J1990,
J1991,
J1992,Machine Learning Algorithms
J1993,
J1994,
J1995,
J1996,SCADA Systems
J1997,Digital Imaging and Communications in Medicine (DICOM)
J1998,
J1999,
